Workbook
Name SiteName: Setup!$B$3
Name Place: Setup!$B$4
Name Variety: Setup!$B$7
Name SowDate: Setup!$B$8
Name SeedAge: Setup!$B$9
Name TransDate: Setup!$B$10
Name Day_0: Setup!$B$11
Name DataStart: Setup!$B$13
Name FP_TP: Setup!$D$16
Name FP_b: Setup!$E$16
Name MD_TP: Setup!$D$17
Name MD_b: Setup!$E$17
Name FP_m2: Setup!$F$16
Name MD_m2: Setup!$F$17
Name TPDate: Setup!$B$18
Name cfg_0: Setup!$B$22
Name cfg_1: Setup!$B$23
Name cfg_2: Setup!$B$24
Name cfg_3: Setup!$B$25
Name cfg_4: Setup!$B$26
Name cfg_5: Setup!$B$27
Name cfg_6: Setup!$B$28
Name cfg_7: Setup!$B$29
Name cfg_8: Setup!$B$30
Name cfg_9: Setup!$B$31
Name cfg_10: Setup!$B$32
Name cfg_11: Setup!$B$33
Name cfg_12: Setup!$B$34
Name cfg_13: Setup!$B$35
Name PitanS: Schedule_Farmer!$J$11
Name PitanE: Schedule_Farmer!$K$11
Name MDS: Schedule_Farmer!$J$13
Name MDE: Schedule_Farmer!$K$13
Name FloodS: Schedule_Farmer!$J$15
Name FloodE: Schedule_Farmer!$K$15
Name C1S: Schedule_Farmer!$J$16
Name C3E: Schedule_Farmer!$J$23
Name HeadD: Schedule_Farmer!$J$19
Name HarvD: Schedule_Farmer!$J$25

Sheet Today
A1: =IF(SiteName="","3F4D Water Monitor",SiteName&IF(Place="",""," - "&Place))
A3: Today / আজ | B3: =TODAY()
A4: Days after transplanting | B4: =IF(ISNUMBER(TransDate),TODAY()-TransDate,"")
A5: Today's water level / আজকের পানির স্তর | B5: =IF(ISNA(MATCH(TODAY(),Data_Farmer!$D$1:$FQ$1,0)),"(today is not in Data_Farmer)",IF(AND(ISNUMBER(INDEX(Data_Farmer!$D$12:$FQ$12,MATCH(TODAY(),Data_Farmer!$D$1:$FQ$1,0))),ISNUMBER(INDEX(Data_Farmer!$D$37:$FQ$37,MATCH(TODAY(),Data_Farmer!$D$1:$FQ$1,0)))),"Entered","NOT YET ENTERED"))
A6: Last entry | B6: =IF(_xlfn.MAXIFS(Data_Farmer!$D$1:$FQ$1,Data_Farmer!$D$33:$FQ$33,1)=0,"",_xlfn.MAXIFS(Data_Farmer!$D$1:$FQ$1,Data_Farmer!$D$33:$FQ$33,1))
A7: Days without entry | B7: =IF(B6="","",MAX(0,TODAY()-B6-1))
A8: Stage today | B8: =IFERROR(INDEX(Data_Farmer!$D$6:$FQ$6,MATCH(TODAY(),Data_Farmer!$D$1:$FQ$1,0)),"")
B10: FP | C10: 3F4D+MD
A11: Latest water level - date | B11: =IF(_xlfn.MAXIFS(Data_Farmer!$D$1:$FQ$1,Data_Farmer!$D$33:$FQ$33,1)=0,"",_xlfn.MAXIFS(Data_Farmer!$D$1:$FQ$1,Data_Farmer!$D$33:$FQ$33,1)) | C11: =IF(_xlfn.MAXIFS(Data_Farmer!$D$1:$FQ$1,Data_Farmer!$D$58:$FQ$58,1)=0,"",_xlfn.MAXIFS(Data_Farmer!$D$1:$FQ$1,Data_Farmer!$D$58:$FQ$58,1))
A12: Water level (cm, after irrigation if irrigated) | B12: =IF(B11="","",INDEX(Data_Farmer!$D$32:$FQ$32,MATCH(B11,Data_Farmer!$D$1:$FQ$1,0))) | C12: =IF(C11="","",INDEX(Data_Farmer!$D$57:$FQ$57,MATCH(C11,Data_Farmer!$D$1:$FQ$1,0)))
A13: State | B13: =IF(B12="","",IF(B12>0,"water above the soil surface",IF(B12<0,"water below the soil surface","at the soil surface"))) | C13: =IF(C12="","",IF(C12>0,"water above the soil surface",IF(C12<0,"water below the soil surface","at the soil surface")))
A14: Total irrigation (mm) | B14: =ROUND(SUM(Data_Farmer!$D$21:$FQ$21),0) | C14: =ROUND(SUM(Data_Farmer!$D$46:$FQ$46),0)
A15: Number of irrigations | B15: =COUNT(Data_Farmer!$D$21:$FQ$21) | C15: =COUNT(Data_Farmer!$D$46:$FQ$46)
A16: Water saving by 3F4D+MD | B16: =IF(B14=0,"",B14-C14&" mm") | C16: =IF(B14=0,"",ROUND(100*(B14-C14)/B14,0)&" %")
A17: Farmer working time (min) | B17: =SUM(Data_Farmer!$D$26:$FQ$26) | C17: =SUM(Data_Farmer!$D$51:$FQ$51)
A18: Labour (BDT) | B18: =SUM(Data_Farmer!$D$28:$FQ$28) | C18: =SUM(Data_Farmer!$D$53:$FQ$53)
A19: N applied (kg/10a) | B19: =Other_info!AM5 | C19: =Other_info!AO5
A20: P applied (kg/10a) | B20: =Other_info!AN5 | C20: =Other_info!AP5
B22: Next events (schedule) | C22: Date
A23: Next 1 | B23: =IFERROR(INDEX(Schedule_Farmer!$A$5:$A$38,MATCH(SMALL(Schedule_Farmer!$L$5:$L$38,1),Schedule_Farmer!$L$5:$L$38,0))&" ("&INDEX(Schedule_Farmer!$C$5:$C$38,MATCH(SMALL(Schedule_Farmer!$L$5:$L$38,1),Schedule_Farmer!$L$5:$L$38,0))&")","") | C23: =IFERROR(INT(SMALL(Schedule_Farmer!$L$5:$L$38,1)),"") | D23: =IF(C23="","",IF(C23-TODAY()=0,"today","in "&(C23-TODAY())&" days"))
A24: Next 2 | B24: =IFERROR(INDEX(Schedule_Farmer!$A$5:$A$38,MATCH(SMALL(Schedule_Farmer!$L$5:$L$38,2),Schedule_Farmer!$L$5:$L$38,0))&" ("&INDEX(Schedule_Farmer!$C$5:$C$38,MATCH(SMALL(Schedule_Farmer!$L$5:$L$38,2),Schedule_Farmer!$L$5:$L$38,0))&")","") | C24: =IFERROR(INT(SMALL(Schedule_Farmer!$L$5:$L$38,2)),"") | D24: =IF(C24="","",IF(C24-TODAY()=0,"today","in "&(C24-TODAY())&" days"))
A25: Next 3 | B25: =IFERROR(INDEX(Schedule_Farmer!$A$5:$A$38,MATCH(SMALL(Schedule_Farmer!$L$5:$L$38,3),Schedule_Farmer!$L$5:$L$38,0))&" ("&INDEX(Schedule_Farmer!$C$5:$C$38,MATCH(SMALL(Schedule_Farmer!$L$5:$L$38,3),Schedule_Farmer!$L$5:$L$38,0))&")","") | C25: =IFERROR(INT(SMALL(Schedule_Farmer!$L$5:$L$38,3)),"") | D25: =IF(C25="","",IF(C25-TODAY()=0,"today","in "&(C25-TODAY())&" days"))
A26: Next 4 | B26: =IFERROR(INDEX(Schedule_Farmer!$A$5:$A$38,MATCH(SMALL(Schedule_Farmer!$L$5:$L$38,4),Schedule_Farmer!$L$5:$L$38,0))&" ("&INDEX(Schedule_Farmer!$C$5:$C$38,MATCH(SMALL(Schedule_Farmer!$L$5:$L$38,4),Schedule_Farmer!$L$5:$L$38,0))&")","") | C26: =IFERROR(INT(SMALL(Schedule_Farmer!$L$5:$L$38,4)),"") | D26: =IF(C26="","",IF(C26-TODAY()=0,"today","in "&(C26-TODAY())&" days"))
A28: Actual date not entered (overdue events) | B28: =COUNTIF(Schedule_Farmer!$H$5:$H$38,"OVERDUE")

Sheet Calendar
A1: Calendar / ক্যালেন্ডার
A2: =IF(SiteName="","",SiteName&IF(Place="",""," - "&Place)) | F2: =IF(Variety="","","Variety: "&Variety)
B4: 3F4D+MD activities | C4: Planned | D4: Actual | G4: FP activities | H4: Planned | I4: Actual
A5: 01. | B5: =Schedule_Farmer!A5&IF(Schedule_Farmer!E5<>Schedule_Farmer!D5," (to "&TEXT(Schedule_Farmer!E5,"dd mmm")&")","") | C5: =IF(Schedule_Farmer!D5="","",Schedule_Farmer!D5) | D5: =IF(Schedule_Farmer!F5="","",Schedule_Farmer!F5) | F5: 01. | G5: =Schedule_Farmer!A28&IF(Schedule_Farmer!E28<>Schedule_Farmer!D28," (to "&TEXT(Schedule_Farmer!E28,"dd mmm")&")","") | H5: =IF(Schedule_Farmer!D28="","",Schedule_Farmer!D28) | I5: =IF(Schedule_Farmer!F28="","",Schedule_Farmer!F28)
A6: 02. | B6: =Schedule_Farmer!A6&IF(Schedule_Farmer!E6<>Schedule_Farmer!D6," (to "&TEXT(Schedule_Farmer!E6,"dd mmm")&")","") | C6: =IF(Schedule_Farmer!D6="","",Schedule_Farmer!D6) | D6: =IF(Schedule_Farmer!F6="","",Schedule_Farmer!F6) | F6: 02. | G6: =Schedule_Farmer!A29&IF(Schedule_Farmer!E29<>Schedule_Farmer!D29," (to "&TEXT(Schedule_Farmer!E29,"dd mmm")&")","") | H6: =IF(Schedule_Farmer!D29="","",Schedule_Farmer!D29) | I6: =IF(Schedule_Farmer!F29="","",Schedule_Farmer!F29)
A7: 03. | B7: =Schedule_Farmer!A7&IF(Schedule_Farmer!E7<>Schedule_Farmer!D7," (to "&TEXT(Schedule_Farmer!E7,"dd mmm")&")","") | C7: =IF(Schedule_Farmer!D7="","",Schedule_Farmer!D7) | D7: =IF(Schedule_Farmer!F7="","",Schedule_Farmer!F7) | F7: 03. | G7: =Schedule_Farmer!A30&IF(Schedule_Farmer!E30<>Schedule_Farmer!D30," (to "&TEXT(Schedule_Farmer!E30,"dd mmm")&")","") | H7: =IF(Schedule_Farmer!D30="","",Schedule_Farmer!D30) | I7: =IF(Schedule_Farmer!F30="","",Schedule_Farmer!F30)
A8: 04. | B8: =Schedule_Farmer!A8&IF(Schedule_Farmer!E8<>Schedule_Farmer!D8," (to "&TEXT(Schedule_Farmer!E8,"dd mmm")&")","") | C8: =IF(Schedule_Farmer!D8="","",Schedule_Farmer!D8) | D8: =IF(Schedule_Farmer!F8="","",Schedule_Farmer!F8) | F8: 04. | G8: =Schedule_Farmer!A31&IF(Schedule_Farmer!E31<>Schedule_Farmer!D31," (to "&TEXT(Schedule_Farmer!E31,"dd mmm")&")","") | H8: =IF(Schedule_Farmer!D31="","",Schedule_Farmer!D31) | I8: =IF(Schedule_Farmer!F31="","",Schedule_Farmer!F31)
A9: 05. | B9: =Schedule_Farmer!A9&IF(Schedule_Farmer!E9<>Schedule_Farmer!D9," (to "&TEXT(Schedule_Farmer!E9,"dd mmm")&")","") | C9: =IF(Schedule_Farmer!D9="","",Schedule_Farmer!D9) | D9: =IF(Schedule_Farmer!F9="","",Schedule_Farmer!F9) | F9: 05. | G9: =Schedule_Farmer!A32&IF(Schedule_Farmer!E32<>Schedule_Farmer!D32," (to "&TEXT(Schedule_Farmer!E32,"dd mmm")&")","") | H9: =IF(Schedule_Farmer!D32="","",Schedule_Farmer!D32) | I9: =IF(Schedule_Farmer!F32="","",Schedule_Farmer!F32)
A10: 06. | B10: =Schedule_Farmer!A10&IF(Schedule_Farmer!E10<>Schedule_Farmer!D10," (to "&TEXT(Schedule_Farmer!E10,"dd mmm")&")","") | C10: =IF(Schedule_Farmer!D10="","",Schedule_Farmer!D10) | D10: =IF(Schedule_Farmer!F10="","",Schedule_Farmer!F10) | F10: 06. | G10: =Schedule_Farmer!A33&IF(Schedule_Farmer!E33<>Schedule_Farmer!D33," (to "&TEXT(Schedule_Farmer!E33,"dd mmm")&")","") | H10: =IF(Schedule_Farmer!D33="","",Schedule_Farmer!D33) | I10: =IF(Schedule_Farmer!F33="","",Schedule_Farmer!F33)
A11: 07. | B11: =Schedule_Farmer!A11&IF(Schedule_Farmer!E11<>Schedule_Farmer!D11," (to "&TEXT(Schedule_Farmer!E11,"dd mmm")&")","") | C11: =IF(Schedule_Farmer!D11="","",Schedule_Farmer!D11) | D11: =IF(Schedule_Farmer!F11="","",Schedule_Farmer!F11) | F11: 07. | G11: =Schedule_Farmer!A34&IF(Schedule_Farmer!E34<>Schedule_Farmer!D34," (to "&TEXT(Schedule_Farmer!E34,"dd mmm")&")","") | H11: =IF(Schedule_Farmer!D34="","",Schedule_Farmer!D34) | I11: =IF(Schedule_Farmer!F34="","",Schedule_Farmer!F34)
A12: 08. | B12: =Schedule_Farmer!A12&IF(Schedule_Farmer!E12<>Schedule_Farmer!D12," (to "&TEXT(Schedule_Farmer!E12,"dd mmm")&")","") | C12: =IF(Schedule_Farmer!D12="","",Schedule_Farmer!D12) | D12: =IF(Schedule_Farmer!F12="","",Schedule_Farmer!F12) | F12: 08. | G12: =Schedule_Farmer!A35&IF(Schedule_Farmer!E35<>Schedule_Farmer!D35," (to "&TEXT(Schedule_Farmer!E35,"dd mmm")&")","") | H12: =IF(Schedule_Farmer!D35="","",Schedule_Farmer!D35) | I12: =IF(Schedule_Farmer!F35="","",Schedule_Farmer!F35)
A13: 09. | B13: =Schedule_Farmer!A13&IF(Schedule_Farmer!E13<>Schedule_Farmer!D13," (to "&TEXT(Schedule_Farmer!E13,"dd mmm")&")","") | C13: =IF(Schedule_Farmer!D13="","",Schedule_Farmer!D13) | D13: =IF(Schedule_Farmer!F13="","",Schedule_Farmer!F13) | F13: 09. | G13: =Schedule_Farmer!A36&IF(Schedule_Farmer!E36<>Schedule_Farmer!D36," (to "&TEXT(Schedule_Farmer!E36,"dd mmm")&")","") | H13: =IF(Schedule_Farmer!D36="","",Schedule_Farmer!D36) | I13: =IF(Schedule_Farmer!F36="","",Schedule_Farmer!F36)
A14: 10. | B14: =Schedule_Farmer!A14&IF(Schedule_Farmer!E14<>Schedule_Farmer!D14," (to "&TEXT(Schedule_Farmer!E14,"dd mmm")&")","") | C14: =IF(Schedule_Farmer!D14="","",Schedule_Farmer!D14) | D14: =IF(Schedule_Farmer!F14="","",Schedule_Farmer!F14) | F14: 10. | G14: =Schedule_Farmer!A37&IF(Schedule_Farmer!E37<>Schedule_Farmer!D37," (to "&TEXT(Schedule_Farmer!E37,"dd mmm")&")","") | H14: =IF(Schedule_Farmer!D37="","",Schedule_Farmer!D37) | I14: =IF(Schedule_Farmer!F37="","",Schedule_Farmer!F37)
A15: 11. | B15: =Schedule_Farmer!A15&IF(Schedule_Farmer!E15<>Schedule_Farmer!D15," (to "&TEXT(Schedule_Farmer!E15,"dd mmm")&")","") | C15: =IF(Schedule_Farmer!D15="","",Schedule_Farmer!D15) | D15: =IF(Schedule_Farmer!F15="","",Schedule_Farmer!F15) | F15: 11. | G15: =Schedule_Farmer!A38&IF(Schedule_Farmer!E38<>Schedule_Farmer!D38," (to "&TEXT(Schedule_Farmer!E38,"dd mmm")&")","") | H15: =IF(Schedule_Farmer!D38="","",Schedule_Farmer!D38) | I15: =IF(Schedule_Farmer!F38="","",Schedule_Farmer!F38)
A16: 12. | B16: =Schedule_Farmer!A16&IF(Schedule_Farmer!E16<>Schedule_Farmer!D16," (to "&TEXT(Schedule_Farmer!E16,"dd mmm")&")","") | C16: =IF(Schedule_Farmer!D16="","",Schedule_Farmer!D16) | D16: =IF(Schedule_Farmer!F16="","",Schedule_Farmer!F16)
A17: 13. | B17: =Schedule_Farmer!A17&IF(Schedule_Farmer!E17<>Schedule_Farmer!D17," (to "&TEXT(Schedule_Farmer!E17,"dd mmm")&")","") | C17: =IF(Schedule_Farmer!D17="","",Schedule_Farmer!D17) | D17: =IF(Schedule_Farmer!F17="","",Schedule_Farmer!F17)
A18: 14. | B18: =Schedule_Farmer!A18&IF(Schedule_Farmer!E18<>Schedule_Farmer!D18," (to "&TEXT(Schedule_Farmer!E18,"dd mmm")&")","") | C18: =IF(Schedule_Farmer!D18="","",Schedule_Farmer!D18) | D18: =IF(Schedule_Farmer!F18="","",Schedule_Farmer!F18)
A19: 15. | B19: =Schedule_Farmer!A19&IF(Schedule_Farmer!E19<>Schedule_Farmer!D19," (to "&TEXT(Schedule_Farmer!E19,"dd mmm")&")","") | C19: =IF(Schedule_Farmer!D19="","",Schedule_Farmer!D19) | D19: =IF(Schedule_Farmer!F19="","",Schedule_Farmer!F19)
A20: 16. | B20: =Schedule_Farmer!A20&IF(Schedule_Farmer!E20<>Schedule_Farmer!D20," (to "&TEXT(Schedule_Farmer!E20,"dd mmm")&")","") | C20: =IF(Schedule_Farmer!D20="","",Schedule_Farmer!D20) | D20: =IF(Schedule_Farmer!F20="","",Schedule_Farmer!F20)
A21: 17. | B21: =Schedule_Farmer!A21&IF(Schedule_Farmer!E21<>Schedule_Farmer!D21," (to "&TEXT(Schedule_Farmer!E21,"dd mmm")&")","") | C21: =IF(Schedule_Farmer!D21="","",Schedule_Farmer!D21) | D21: =IF(Schedule_Farmer!F21="","",Schedule_Farmer!F21)
A22: 18. | B22: =Schedule_Farmer!A22&IF(Schedule_Farmer!E22<>Schedule_Farmer!D22," (to "&TEXT(Schedule_Farmer!E22,"dd mmm")&")","") | C22: =IF(Schedule_Farmer!D22="","",Schedule_Farmer!D22) | D22: =IF(Schedule_Farmer!F22="","",Schedule_Farmer!F22)
A23: 19. | B23: =Schedule_Farmer!A23&IF(Schedule_Farmer!E23<>Schedule_Farmer!D23," (to "&TEXT(Schedule_Farmer!E23,"dd mmm")&")","") | C23: =IF(Schedule_Farmer!D23="","",Schedule_Farmer!D23) | D23: =IF(Schedule_Farmer!F23="","",Schedule_Farmer!F23)
A24: 20. | B24: =Schedule_Farmer!A24&IF(Schedule_Farmer!E24<>Schedule_Farmer!D24," (to "&TEXT(Schedule_Farmer!E24,"dd mmm")&")","") | C24: =IF(Schedule_Farmer!D24="","",Schedule_Farmer!D24) | D24: =IF(Schedule_Farmer!F24="","",Schedule_Farmer!F24)
A25: 21. | B25: =Schedule_Farmer!A25&IF(Schedule_Farmer!E25<>Schedule_Farmer!D25," (to "&TEXT(Schedule_Farmer!E25,"dd mmm")&")","") | C25: =IF(Schedule_Farmer!D25="","",Schedule_Farmer!D25) | D25: =IF(Schedule_Farmer!F25="","",Schedule_Farmer!F25)
A27: Pitan and the last irrigation are optional and may be carried out or omitted. Enter actual dates in Schedule_Farmer.
B29: Tiller (stem) number measurement | C29: Date
B30: Day 50 after sowing | C30: =IF(ISNUMBER(SowDate),SowDate+50,"")
B31: Day 60 after sowing | C31: =IF(ISNUMBER(SowDate),SowDate+60,"")
B32: Day 70 after sowing | C32: =IF(ISNUMBER(SowDate),SowDate+70,"")
B33: Day 80 after sowing | C33: =IF(ISNUMBER(SowDate),SowDate+80,"")
B34: Day 90 after sowing | C34: =IF(ISNUMBER(SowDate),SowDate+90,"")
B36: Water sampling: once a week

Sheet Data_Farmer
A1: =IF(SiteName="","3F4D Water Monitor",SiteName) | B1: Date / তারিখ | C1: Season | D1: =IF(ISNUMBER(DataStart),DataStart+0,"") | E1: =IF(ISNUMBER(DataStart),DataStart+1,"") | F1: =IF(ISNUMBER(DataStart),DataStart+2,"") | G1: =IF(ISNUMBER(DataStart),DataStart+3,"") | H1: =IF(ISNUMBER(DataStart),DataStart+4,"") | I1: =IF(ISNUMBER(DataStart),DataStart+5,"") | J1: =IF(ISNUMBER(DataStart),DataStart+6,"") | K1: =IF(ISNUMBER(DataStart),DataStart+7,"") | L1: =IF(ISNUMBER(DataStart),DataStart+8,"") | M1: =IF(ISNUMBER(DataStart),DataStart+9,"") | N1: =IF(ISNUMBER(DataStart),DataStart+10,"") | O1: =IF(ISNUMBER(DataStart),DataStart+11,"") | P1: =IF(ISNUMBER(DataStart),DataStart+12,"") | Q1: =IF(ISNUMBER(DataStart),DataStart+13,"") | R1: =IF(ISNUMBER(DataStart),DataStart+14,"") | S1: =IF(ISNUMBER(DataStart),DataStart+15,"") | T1: =IF(ISNUMBER(DataStart),DataStart+16,"") | U1: =IF(ISNUMBER(DataStart),DataStart+17,"") | V1: =IF(ISNUMBER(DataStart),DataStart+18,"") | W1: =IF(ISNUMBER(DataStart),DataStart+19,"") | X1: =IF(ISNUMBER(DataStart),DataStart+20,"") | Y1: =IF(ISNUMBER(DataStart),DataStart+21,"") | Z1: =IF(ISNUMBER(DataStart),DataStart+22,"") | AA1: =IF(ISNUMBER(DataStart),DataStart+23,"") | AB1: =IF(ISNUMBER(DataStart),DataStart+24,"") | AC1: =IF(ISNUMBER(DataStart),DataStart+25,"") | AD1: =IF(ISNUMBER(DataStart),DataStart+26,"") | AE1: =IF(ISNUMBER(DataStart),DataStart+27,"") | AF1: =IF(ISNUMBER(DataStart),DataStart+28,"") | AG1: =IF(ISNUMBER(DataStart),DataStart+29,"") | AH1: =IF(ISNUMBER(DataStart),DataStart+30,"") | AI1: =IF(ISNUMBER(DataStart),DataStart+31,"") | AJ1: =IF(ISNUMBER(DataStart),DataStart+32,"") | AK1: =IF(ISNUMBER(DataStart),DataStart+33,"") | AL1: =IF(ISNUMBER(DataStart),DataStart+34,"") | AM1: =IF(ISNUMBER(DataStart),DataStart+35,"") | AN1: =IF(ISNUMBER(DataStart),DataStart+36,"") | AO1: =IF(ISNUMBER(DataStart),DataStart+37,"") | AP1: =IF(ISNUMBER(DataStart),DataStart+38,"") | AQ1: =IF(ISNUMBER(DataStart),DataStart+39,"") | AR1: =IF(ISNUMBER(DataStart),DataStart+40,"") | AS1: =IF(ISNUMBER(DataStart),DataStart+41,"") | AT1: =IF(ISNUMBER(DataStart),DataStart+42,"") | AU1: =IF(ISNUMBER(DataStart),DataStart+43,"") | AV1: =IF(ISNUMBER(DataStart),DataStart+44,"") | AW1: =IF(ISNUMBER(DataStart),DataStart+45,"") | AX1: =IF(ISNUMBER(DataStart),DataStart+46,"") | AY1: =IF(ISNUMBER(DataStart),DataStart+47,"") | AZ1: =IF(ISNUMBER(DataStart),DataStart+48,"") | BA1: =IF(ISNUMBER(DataStart),DataStart+49,"") | BB1: =IF(ISNUMBER(DataStart),DataStart+50,"") | BC1: =IF(ISNUMBER(DataStart),DataStart+51,"") | BD1: =IF(ISNUMBER(DataStart),DataStart+52,"") | BE1: =IF(ISNUMBER(DataStart),DataStart+53,"") | BF1: =IF(ISNUMBER(DataStart),DataStart+54,"") | BG1: =IF(ISNUMBER(DataStart),DataStart+55,"") | BH1: =IF(ISNUMBER(DataStart),DataStart+56,"") | BI1: =IF(ISNUMBER(DataStart),DataStart+57,"") | BJ1: =IF(ISNUMBER(DataStart),DataStart+58,"") | BK1: =IF(ISNUMBER(DataStart),DataStart+59,"") | BL1: =IF(ISNUMBER(DataStart),DataStart+60,"") | BM1: =IF(ISNUMBER(DataStart),DataStart+61,"") | BN1: =IF(ISNUMBER(DataStart),DataStart+62,"") | BO1: =IF(ISNUMBER(DataStart),DataStart+63,"") | BP1: =IF(ISNUMBER(DataStart),DataStart+64,"") | BQ1: =IF(ISNUMBER(DataStart),DataStart+65,"") | BR1: =IF(ISNUMBER(DataStart),DataStart+66,"") | BS1: =IF(ISNUMBER(DataStart),DataStart+67,"") | BT1: =IF(ISNUMBER(DataStart),DataStart+68,"") | BU1: =IF(ISNUMBER(DataStart),DataStart+69,"") | BV1: =IF(ISNUMBER(DataStart),DataStart+70,"") | BW1: =IF(ISNUMBER(DataStart),DataStart+71,"") | BX1: =IF(ISNUMBER(DataStart),DataStart+72,"") | BY1: =IF(ISNUMBER(DataStart),DataStart+73,"") | BZ1: =IF(ISNUMBER(DataStart),DataStart+74,"") | CA1: =IF(ISNUMBER(DataStart),DataStart+75,"") | CB1: =IF(ISNUMBER(DataStart),DataStart+76,"") | CC1: =IF(ISNUMBER(DataStart),DataStart+77,"") | CD1: =IF(ISNUMBER(DataStart),DataStart+78,"") | CE1: =IF(ISNUMBER(DataStart),DataStart+79,"") | CF1: =IF(ISNUMBER(DataStart),DataStart+80,"") | CG1: =IF(ISNUMBER(DataStart),DataStart+81,"") | CH1: =IF(ISNUMBER(DataStart),DataStart+82,"") | CI1: =IF(ISNUMBER(DataStart),DataStart+83,"") | CJ1: =IF(ISNUMBER(DataStart),DataStart+84,"") | CK1: =IF(ISNUMBER(DataStart),DataStart+85,"") | CL1: =IF(ISNUMBER(DataStart),DataStart+86,"") | CM1: =IF(ISNUMBER(DataStart),DataStart+87,"") | CN1: =IF(ISNUMBER(DataStart),DataStart+88,"") | CO1: =IF(ISNUMBER(DataStart),DataStart+89,"") | CP1: =IF(ISNUMBER(DataStart),DataStart+90,"") | CQ1: =IF(ISNUMBER(DataStart),DataStart+91,"") | CR1: =IF(ISNUMBER(DataStart),DataStart+92,"") | CS1: =IF(ISNUMBER(DataStart),DataStart+93,"") | CT1: =IF(ISNUMBER(DataStart),DataStart+94,"") | CU1: =IF(ISNUMBER(DataStart),DataStart+95,"") | CV1: =IF(ISNUMBER(DataStart),DataStart+96,"") | CW1: =IF(ISNUMBER(DataStart),DataStart+97,"") | CX1: =IF(ISNUMBER(DataStart),DataStart+98,"") | CY1: =IF(ISNUMBER(DataStart),DataStart+99,"") | CZ1: =IF(ISNUMBER(DataStart),DataStart+100,"") | DA1: =IF(ISNUMBER(DataStart),DataStart+101,"") | DB1: =IF(ISNUMBER(DataStart),DataStart+102,"") | DC1: =IF(ISNUMBER(DataStart),DataStart+103,"") | DD1: =IF(ISNUMBER(DataStart),DataStart+104,"") | DE1: =IF(ISNUMBER(DataStart),DataStart+105,"") | DF1: =IF(ISNUMBER(DataStart),DataStart+106,"") | DG1: =IF(ISNUMBER(DataStart),DataStart+107,"") | DH1: =IF(ISNUMBER(DataStart),DataStart+108,"") | DI1: =IF(ISNUMBER(DataStart),DataStart+109,"") | DJ1: =IF(ISNUMBER(DataStart),DataStart+110,"") | DK1: =IF(ISNUMBER(DataStart),DataStart+111,"") | DL1: =IF(ISNUMBER(DataStart),DataStart+112,"") | DM1: =IF(ISNUMBER(DataStart),DataStart+113,"") | DN1: =IF(ISNUMBER(DataStart),DataStart+114,"") | DO1: =IF(ISNUMBER(DataStart),DataStart+115,"") | DP1: =IF(ISNUMBER(DataStart),DataStart+116,"") | DQ1: =IF(ISNUMBER(DataStart),DataStart+117,"") | DR1: =IF(ISNUMBER(DataStart),DataStart+118,"") | DS1: =IF(ISNUMBER(DataStart),DataStart+119,"") | DT1: =IF(ISNUMBER(DataStart),DataStart+120,"") | DU1: =IF(ISNUMBER(DataStart),DataStart+121,"") | DV1: =IF(ISNUMBER(DataStart),DataStart+122,"") | DW1: =IF(ISNUMBER(DataStart),DataStart+123,"") | DX1: =IF(ISNUMBER(DataStart),DataStart+124,"") | DY1: =IF(ISNUMBER(DataStart),DataStart+125,"") | DZ1: =IF(ISNUMBER(DataStart),DataStart+126,"") | EA1: =IF(ISNUMBER(DataStart),DataStart+127,"") | EB1: =IF(ISNUMBER(DataStart),DataStart+128,"") | EC1: =IF(ISNUMBER(DataStart),DataStart+129,"") | ED1: =IF(ISNUMBER(DataStart),DataStart+130,"") | EE1: =IF(ISNUMBER(DataStart),DataStart+131,"") | EF1: =IF(ISNUMBER(DataStart),DataStart+132,"") | EG1: =IF(ISNUMBER(DataStart),DataStart+133,"") | EH1: =IF(ISNUMBER(DataStart),DataStart+134,"") | EI1: =IF(ISNUMBER(DataStart),DataStart+135,"") | EJ1: =IF(ISNUMBER(DataStart),DataStart+136,"") | EK1: =IF(ISNUMBER(DataStart),DataStart+137,"") | EL1: =IF(ISNUMBER(DataStart),DataStart+138,"") | EM1: =IF(ISNUMBER(DataStart),DataStart+139,"") | EN1: =IF(ISNUMBER(DataStart),DataStart+140,"") | EO1: =IF(ISNUMBER(DataStart),DataStart+141,"") | EP1: =IF(ISNUMBER(DataStart),DataStart+142,"") | EQ1: =IF(ISNUMBER(DataStart),DataStart+143,"") | ER1: =IF(ISNUMBER(DataStart),DataStart+144,"") | ES1: =IF(ISNUMBER(DataStart),DataStart+145,"") | ET1: =IF(ISNUMBER(DataStart),DataStart+146,"") | EU1: =IF(ISNUMBER(DataStart),DataStart+147,"") | EV1: =IF(ISNUMBER(DataStart),DataStart+148,"") | EW1: =IF(ISNUMBER(DataStart),DataStart+149,"") | EX1: =IF(ISNUMBER(DataStart),DataStart+150,"") | EY1: =IF(ISNUMBER(DataStart),DataStart+151,"") | EZ1: =IF(ISNUMBER(DataStart),DataStart+152,"") | FA1: =IF(ISNUMBER(DataStart),DataStart+153,"") | FB1: =IF(ISNUMBER(DataStart),DataStart+154,"") | FC1: =IF(ISNUMBER(DataStart),DataStart+155,"") | FD1: =IF(ISNUMBER(DataStart),DataStart+156,"") | FE1: =IF(ISNUMBER(DataStart),DataStart+157,"") | FF1: =IF(ISNUMBER(DataStart),DataStart+158,"") | FG1: =IF(ISNUMBER(DataStart),DataStart+159,"") | FH1: =IF(ISNUMBER(DataStart),DataStart+160,"") | FI1: =IF(ISNUMBER(DataStart),DataStart+161,"") | FJ1: =IF(ISNUMBER(DataStart),DataStart+162,"") | FK1: =IF(ISNUMBER(DataStart),DataStart+163,"") | FL1: =IF(ISNUMBER(DataStart),DataStart+164,"") | FM1: =IF(ISNUMBER(DataStart),DataStart+165,"") | FN1: =IF(ISNUMBER(DataStart),DataStart+166,"") | FO1: =IF(ISNUMBER(DataStart),DataStart+167,"") | FP1: =IF(ISNUMBER(DataStart),DataStart+168,"") | FQ1: =IF(ISNUMBER(DataStart),DataStart+169,"")
B2: Weekday | D2: =IF(D1="","",TEXT(D1,"ddd")) | E2: =IF(E1="","",TEXT(E1,"ddd")) | F2: =IF(F1="","",TEXT(F1,"ddd")) | G2: =IF(G1="","",TEXT(G1,"ddd")) | H2: =IF(H1="","",TEXT(H1,"ddd")) | I2: =IF(I1="","",TEXT(I1,"ddd")) | J2: =IF(J1="","",TEXT(J1,"ddd")) | K2: =IF(K1="","",TEXT(K1,"ddd")) | ... FQ2: =IF(FQ1="","",TEXT(FQ1,"ddd"))
B3: Days after transplanting | D3: =IF(D1="","",D1-TransDate) | E3: =IF(E1="","",E1-TransDate) | F3: =IF(F1="","",F1-TransDate) | G3: =IF(G1="","",G1-TransDate) | H3: =IF(H1="","",H1-TransDate) | I3: =IF(I1="","",I1-TransDate) | J3: =IF(J1="","",J1-TransDate) | K3: =IF(K1="","",K1-TransDate) | ... FQ3: =IF(FQ1="","",FQ1-TransDate)
B4: Days after sowing | D4: =IF(OR(D1="",NOT(ISNUMBER(SowDate))),"",D1-SowDate) | E4: =IF(OR(E1="",NOT(ISNUMBER(SowDate))),"",E1-SowDate) | F4: =IF(OR(F1="",NOT(ISNUMBER(SowDate))),"",F1-SowDate) | G4: =IF(OR(G1="",NOT(ISNUMBER(SowDate))),"",G1-SowDate) | H4: =IF(OR(H1="",NOT(ISNUMBER(SowDate))),"",H1-SowDate) | I4: =IF(OR(I1="",NOT(ISNUMBER(SowDate))),"",I1-SowDate) | J4: =IF(OR(J1="",NOT(ISNUMBER(SowDate))),"",J1-SowDate) | K4: =IF(OR(K1="",NOT(ISNUMBER(SowDate))),"",K1-SowDate) | ... FQ4: =IF(OR(FQ1="",NOT(ISNUMBER(SowDate))),"",FQ1-SowDate)
B5: Days after heading | D5: =IF(OR(D1="",NOT(ISNUMBER(HeadD))),"",D1-HeadD) | E5: =IF(OR(E1="",NOT(ISNUMBER(HeadD))),"",E1-HeadD) | F5: =IF(OR(F1="",NOT(ISNUMBER(HeadD))),"",F1-HeadD) | G5: =IF(OR(G1="",NOT(ISNUMBER(HeadD))),"",G1-HeadD) | H5: =IF(OR(H1="",NOT(ISNUMBER(HeadD))),"",H1-HeadD) | I5: =IF(OR(I1="",NOT(ISNUMBER(HeadD))),"",I1-HeadD) | J5: =IF(OR(J1="",NOT(ISNUMBER(HeadD))),"",J1-HeadD) | K5: =IF(OR(K1="",NOT(ISNUMBER(HeadD))),"",K1-HeadD) | ... FQ5: =IF(OR(FQ1="",NOT(ISNUMBER(HeadD))),"",FQ1-HeadD)
B6: Stage (schedule) | D6: =IF(D1="","",TRIM(IF(AND(ISNUMBER(PitanS),D1>=PitanS,D1<=PitanE),"Pitan ","")&IF(AND(ISNUMBER(MDS),D1>=MDS,D1<=MDE),"MD ","")&IF(AND(ISNUMBER(FloodS),D1>=FloodS,D1<FloodE),"PI-flood ","")&IF(AND(ISNUMBER(C1S),D1>=C1S,D1<=C3E),"3F4D-"&MIN(6,INT((D1-C1S)/cfg_13)+1)&" ","")&IF(AND(ISNUMBER(HeadD),D1=HeadD),"Heading",""))) | E6: =IF(E1="","",TRIM(IF(AND(ISNUMBER(PitanS),E1>=PitanS,E1<=PitanE),"Pitan ","")&IF(AND(ISNUMBER(MDS),E1>=MDS,E1<=MDE),"MD ","")&IF(AND(ISNUMBER(FloodS),E1>=FloodS,E1<FloodE),"PI-flood ","")&IF(AND(ISNUMBER(C1S),E1>=C1S,E1<=C3E),"3F4D-"&MIN(6,INT((E1-C1S)/cfg_13)+1)&" ","")&IF(AND(ISNUMBER(HeadD),E1=HeadD),"Heading",""))) | F6: =IF(F1="","",TRIM(IF(AND(ISNUMBER(PitanS),F1>=PitanS,F1<=PitanE),"Pitan ","")&IF(AND(ISNUMBER(MDS),F1>=MDS,F1<=MDE),"MD ","")&IF(AND(ISNUMBER(FloodS),F1>=FloodS,F1<FloodE),"PI-flood ","")&IF(AND(ISNUMBER(C1S),F1>=C1S,F1<=C3E),"3F4D-"&MIN(6,INT((F1-C1S)/cfg_13)+1)&" ","")&IF(AND(ISNUMBER(HeadD),F1=HeadD),"Heading",""))) | G6: =IF(G1="","",TRIM(IF(AND(ISNUMBER(PitanS),G1>=PitanS,G1<=PitanE),"Pitan ","")&IF(AND(ISNUMBER(MDS),G1>=MDS,G1<=MDE),"MD ","")&IF(AND(ISNUMBER(FloodS),G1>=FloodS,G1<FloodE),"PI-flood ","")&IF(AND(ISNUMBER(C1S),G1>=C1S,G1<=C3E),"3F4D-"&MIN(6,INT((G1-C1S)/cfg_13)+1)&" ","")&IF(AND(ISNUMBER(HeadD),G1=HeadD),"Heading",""))) | H6: =IF(H1="","",TRIM(IF(AND(ISNUMBER(PitanS),H1>=PitanS,H1<=PitanE),"Pitan ","")&IF(AND(ISNUMBER(MDS),H1>=MDS,H1<=MDE),"MD ","")&IF(AND(ISNUMBER(FloodS),H1>=FloodS,H1<FloodE),"PI-flood ","")&IF(AND(ISNUMBER(C1S),H1>=C1S,H1<=C3E),"3F4D-"&MIN(6,INT((H1-C1S)/cfg_13)+1)&" ","")&IF(AND(ISNUMBER(HeadD),H1=HeadD),"Heading",""))) | I6: =IF(I1="","",TRIM(IF(AND(ISNUMBER(PitanS),I1>=PitanS,I1<=PitanE),"Pitan ","")&IF(AND(ISNUMBER(MDS),I1>=MDS,I1<=MDE),"MD ","")&IF(AND(ISNUMBER(FloodS),I1>=FloodS,I1<FloodE),"PI-flood ","")&IF(AND(ISNUMBER(C1S),I1>=C1S,I1<=C3E),"3F4D-"&MIN(6,INT((I1-C1S)/cfg_13)+1)&" ","")&IF(AND(ISNUMBER(HeadD),I1=HeadD),"Heading",""))) | J6: =IF(J1="","",TRIM(IF(AND(ISNUMBER(PitanS),J1>=PitanS,J1<=PitanE),"Pitan ","")&IF(AND(ISNUMBER(MDS),J1>=MDS,J1<=MDE),"MD ","")&IF(AND(ISNUMBER(FloodS),J1>=FloodS,J1<FloodE),"PI-flood ","")&IF(AND(ISNUMBER(C1S),J1>=C1S,J1<=C3E),"3F4D-"&MIN(6,INT((J1-C1S)/cfg_13)+1)&" ","")&IF(AND(ISNUMBER(HeadD),J1=HeadD),"Heading",""))) | K6: =IF(K1="","",TRIM(IF(AND(ISNUMBER(PitanS),K1>=PitanS,K1<=PitanE),"Pitan ","")&IF(AND(ISNUMBER(MDS),K1>=MDS,K1<=MDE),"MD ","")&IF(AND(ISNUMBER(FloodS),K1>=FloodS,K1<FloodE),"PI-flood ","")&IF(AND(ISNUMBER(C1S),K1>=C1S,K1<=C3E),"3F4D-"&MIN(6,INT((K1-C1S)/cfg_13)+1)&" ","")&IF(AND(ISNUMBER(HeadD),K1=HeadD),"Heading",""))) | ... FQ6: =IF(FQ1="","",TRIM(IF(AND(ISNUMBER(PitanS),FQ1>=PitanS,FQ1<=PitanE),"Pitan ","")&IF(AND(ISNUMBER(MDS),FQ1>=MDS,FQ1<=MDE),"MD ","")&IF(AND(ISNUMBER(FloodS),FQ1>=FloodS,FQ1<FloodE),"PI-flood ","")&IF(AND(ISNUMBER(C1S),FQ1>=C1S,FQ1<=C3E),"3F4D-"&MIN(6,INT((FQ1-C1S)/cfg_13)+1)&" ","")&IF(AND(ISNUMBER(HeadD),FQ1=HeadD),"Heading","")))
A7: Both | B7: Weather / আবহাওয়া
A8: Both | B8: Rain fall (mm) / বৃষ্টি | C8: =SUM($D$8:$FQ$8)
A9: Both | B9: Temperature (°C) / তাপমাত্রা
A10: Both | B10: Humidity (%) / আর্দ্রতা
A11: FP | B11: Farmers practice plot
A12: FP | B12: Daily m (cm) * / দৈনিক m | C12: =COUNT($D$12:$FQ$12)&" days"
A13: FP | B13: Daily water level (cm) / পানির স্তর | D13: =IF(OR(D1="",NOT(ISNUMBER(D12)),D14=""),"",ROUND(D12-D14+D15,1)) | E13: =IF(OR(E1="",NOT(ISNUMBER(E12)),E14=""),"",ROUND(E12-E14+E15,1)) | F13: =IF(OR(F1="",NOT(ISNUMBER(F12)),F14=""),"",ROUND(F12-F14+F15,1)) | G13: =IF(OR(G1="",NOT(ISNUMBER(G12)),G14=""),"",ROUND(G12-G14+G15,1)) | H13: =IF(OR(H1="",NOT(ISNUMBER(H12)),H14=""),"",ROUND(H12-H14+H15,1)) | I13: =IF(OR(I1="",NOT(ISNUMBER(I12)),I14=""),"",ROUND(I12-I14+I15,1)) | J13: =IF(OR(J1="",NOT(ISNUMBER(J12)),J14=""),"",ROUND(J12-J14+J15,1)) | K13: =IF(OR(K1="",NOT(ISNUMBER(K12)),K14=""),"",ROUND(K12-K14+K15,1)) | ... FQ13: =IF(OR(FQ1="",NOT(ISNUMBER(FQ12)),FQ14=""),"",ROUND(FQ12-FQ14+FQ15,1))
A14: FP | B14: TP (cm) | D14: =IF(D31="","",AVERAGEIFS('TP-b'!$C$3:$C$60,'TP-b'!$A$3:$A$60,"FP",'TP-b'!$B$3:$B$60,D31,'TP-b'!$E$3:$E$60,1)) | E14: =IF(E31="","",AVERAGEIFS('TP-b'!$C$3:$C$60,'TP-b'!$A$3:$A$60,"FP",'TP-b'!$B$3:$B$60,E31,'TP-b'!$E$3:$E$60,1)) | F14: =IF(F31="","",AVERAGEIFS('TP-b'!$C$3:$C$60,'TP-b'!$A$3:$A$60,"FP",'TP-b'!$B$3:$B$60,F31,'TP-b'!$E$3:$E$60,1)) | G14: =IF(G31="","",AVERAGEIFS('TP-b'!$C$3:$C$60,'TP-b'!$A$3:$A$60,"FP",'TP-b'!$B$3:$B$60,G31,'TP-b'!$E$3:$E$60,1)) | H14: =IF(H31="","",AVERAGEIFS('TP-b'!$C$3:$C$60,'TP-b'!$A$3:$A$60,"FP",'TP-b'!$B$3:$B$60,H31,'TP-b'!$E$3:$E$60,1)) | I14: =IF(I31="","",AVERAGEIFS('TP-b'!$C$3:$C$60,'TP-b'!$A$3:$A$60,"FP",'TP-b'!$B$3:$B$60,I31,'TP-b'!$E$3:$E$60,1)) | J14: =IF(J31="","",AVERAGEIFS('TP-b'!$C$3:$C$60,'TP-b'!$A$3:$A$60,"FP",'TP-b'!$B$3:$B$60,J31,'TP-b'!$E$3:$E$60,1)) | K14: =IF(K31="","",AVERAGEIFS('TP-b'!$C$3:$C$60,'TP-b'!$A$3:$A$60,"FP",'TP-b'!$B$3:$B$60,K31,'TP-b'!$E$3:$E$60,1)) | ... FQ14: =IF(FQ31="","",AVERAGEIFS('TP-b'!$C$3:$C$60,'TP-b'!$A$3:$A$60,"FP",'TP-b'!$B$3:$B$60,FQ31,'TP-b'!$E$3:$E$60,1))
A15: FP | B15: b (cm) | D15: =IF(D31="","",AVERAGEIFS('TP-b'!$D$3:$D$60,'TP-b'!$A$3:$A$60,"FP",'TP-b'!$B$3:$B$60,D31,'TP-b'!$E$3:$E$60,1)) | E15: =IF(E31="","",AVERAGEIFS('TP-b'!$D$3:$D$60,'TP-b'!$A$3:$A$60,"FP",'TP-b'!$B$3:$B$60,E31,'TP-b'!$E$3:$E$60,1)) | F15: =IF(F31="","",AVERAGEIFS('TP-b'!$D$3:$D$60,'TP-b'!$A$3:$A$60,"FP",'TP-b'!$B$3:$B$60,F31,'TP-b'!$E$3:$E$60,1)) | G15: =IF(G31="","",AVERAGEIFS('TP-b'!$D$3:$D$60,'TP-b'!$A$3:$A$60,"FP",'TP-b'!$B$3:$B$60,G31,'TP-b'!$E$3:$E$60,1)) | H15: =IF(H31="","",AVERAGEIFS('TP-b'!$D$3:$D$60,'TP-b'!$A$3:$A$60,"FP",'TP-b'!$B$3:$B$60,H31,'TP-b'!$E$3:$E$60,1)) | I15: =IF(I31="","",AVERAGEIFS('TP-b'!$D$3:$D$60,'TP-b'!$A$3:$A$60,"FP",'TP-b'!$B$3:$B$60,I31,'TP-b'!$E$3:$E$60,1)) | J15: =IF(J31="","",AVERAGEIFS('TP-b'!$D$3:$D$60,'TP-b'!$A$3:$A$60,"FP",'TP-b'!$B$3:$B$60,J31,'TP-b'!$E$3:$E$60,1)) | K15: =IF(K31="","",AVERAGEIFS('TP-b'!$D$3:$D$60,'TP-b'!$A$3:$A$60,"FP",'TP-b'!$B$3:$B$60,K31,'TP-b'!$E$3:$E$60,1)) | ... FQ15: =IF(FQ31="","",AVERAGEIFS('TP-b'!$D$3:$D$60,'TP-b'!$A$3:$A$60,"FP",'TP-b'!$B$3:$B$60,FQ31,'TP-b'!$E$3:$E$60,1))
A16: FP | B16: Before irrigation m (cm) / সেচের আগে m | C16: =COUNT($D$21:$FQ$21)&" irrig."
A17: FP | B17: After irrigation m (cm) / সেচের পরে m
A18: FP | B18: Irrigation time (min:sec) / সেচের সময়
A19: FP | B19: Before irrigation water level (cm) / সেচের আগে স্তর | D19: =IF(AND(ISNUMBER(D16),ISNUMBER(D17),D14<>""),ROUND(D16-D14+D15,1),"") | E19: =IF(AND(ISNUMBER(E16),ISNUMBER(E17),E14<>""),ROUND(E16-E14+E15,1),"") | F19: =IF(AND(ISNUMBER(F16),ISNUMBER(F17),F14<>""),ROUND(F16-F14+F15,1),"") | G19: =IF(AND(ISNUMBER(G16),ISNUMBER(G17),G14<>""),ROUND(G16-G14+G15,1),"") | H19: =IF(AND(ISNUMBER(H16),ISNUMBER(H17),H14<>""),ROUND(H16-H14+H15,1),"") | I19: =IF(AND(ISNUMBER(I16),ISNUMBER(I17),I14<>""),ROUND(I16-I14+I15,1),"") | J19: =IF(AND(ISNUMBER(J16),ISNUMBER(J17),J14<>""),ROUND(J16-J14+J15,1),"") | K19: =IF(AND(ISNUMBER(K16),ISNUMBER(K17),K14<>""),ROUND(K16-K14+K15,1),"") | ... FQ19: =IF(AND(ISNUMBER(FQ16),ISNUMBER(FQ17),FQ14<>""),ROUND(FQ16-FQ14+FQ15,1),"")
A20: FP | B20: After irrigation water level (cm) / সেচের পরে স্তর | D20: =IF(AND(ISNUMBER(D16),ISNUMBER(D17),D14<>""),ROUND(D17-D14+D15,1),"") | E20: =IF(AND(ISNUMBER(E16),ISNUMBER(E17),E14<>""),ROUND(E17-E14+E15,1),"") | F20: =IF(AND(ISNUMBER(F16),ISNUMBER(F17),F14<>""),ROUND(F17-F14+F15,1),"") | G20: =IF(AND(ISNUMBER(G16),ISNUMBER(G17),G14<>""),ROUND(G17-G14+G15,1),"") | H20: =IF(AND(ISNUMBER(H16),ISNUMBER(H17),H14<>""),ROUND(H17-H14+H15,1),"") | I20: =IF(AND(ISNUMBER(I16),ISNUMBER(I17),I14<>""),ROUND(I17-I14+I15,1),"") | J20: =IF(AND(ISNUMBER(J16),ISNUMBER(J17),J14<>""),ROUND(J17-J14+J15,1),"") | K20: =IF(AND(ISNUMBER(K16),ISNUMBER(K17),K14<>""),ROUND(K17-K14+K15,1),"") | ... FQ20: =IF(AND(ISNUMBER(FQ16),ISNUMBER(FQ17),FQ14<>""),ROUND(FQ17-FQ14+FQ15,1),"")
A21: FP | B21: Irrigation (mm) / সেচ (মিমি) | C21: =ROUND(SUM($D$21:$FQ$21),0) | D21: =IF(AND(ISNUMBER(D12),ISNUMBER(D19),ISNUMBER(D20)),ROUND((D20-MAX(D19,0))*10,1),"") | E21: =IF(AND(ISNUMBER(E12),ISNUMBER(E19),ISNUMBER(E20)),ROUND((E20-MAX(E19,0))*10,1),"") | F21: =IF(AND(ISNUMBER(F12),ISNUMBER(F19),ISNUMBER(F20)),ROUND((F20-MAX(F19,0))*10,1),"") | G21: =IF(AND(ISNUMBER(G12),ISNUMBER(G19),ISNUMBER(G20)),ROUND((G20-MAX(G19,0))*10,1),"") | H21: =IF(AND(ISNUMBER(H12),ISNUMBER(H19),ISNUMBER(H20)),ROUND((H20-MAX(H19,0))*10,1),"") | I21: =IF(AND(ISNUMBER(I12),ISNUMBER(I19),ISNUMBER(I20)),ROUND((I20-MAX(I19,0))*10,1),"") | J21: =IF(AND(ISNUMBER(J12),ISNUMBER(J19),ISNUMBER(J20)),ROUND((J20-MAX(J19,0))*10,1),"") | K21: =IF(AND(ISNUMBER(K12),ISNUMBER(K19),ISNUMBER(K20)),ROUND((K20-MAX(K19,0))*10,1),"") | ... FQ21: =IF(AND(ISNUMBER(FQ12),ISNUMBER(FQ19),ISNUMBER(FQ20)),ROUND((FQ20-MAX(FQ19,0))*10,1),"")
A22: FP | B22: Cumulative irrigation (mm) / মোট সেচ | C22: =IF(COUNT($D$22:$FQ$22)=0,"",MAX($D$22:$FQ$22)) | D22: =IF(D13="","",ROUND(SUM($D$21:D21),1)) | E22: =IF(E13="","",ROUND(SUM($D$21:E21),1)) | F22: =IF(F13="","",ROUND(SUM($D$21:F21),1)) | G22: =IF(G13="","",ROUND(SUM($D$21:G21),1)) | H22: =IF(H13="","",ROUND(SUM($D$21:H21),1)) | I22: =IF(I13="","",ROUND(SUM($D$21:I21),1)) | J22: =IF(J13="","",ROUND(SUM($D$21:J21),1)) | K22: =IF(K13="","",ROUND(SUM($D$21:K21),1)) | ... FQ22: =IF(FQ13="","",ROUND(SUM($D$21:FQ21),1))
A23: FP | B23: Daily water-level decrease (mm) / দৈনিক হ্রাস | D23: ="" | E23: =IF(AND(ISNUMBER(D32),ISNUMBER(E13)),ROUND((D32-E13)*10,1),"") | F23: =IF(AND(ISNUMBER(E32),ISNUMBER(F13)),ROUND((E32-F13)*10,1),"") | G23: =IF(AND(ISNUMBER(F32),ISNUMBER(G13)),ROUND((F32-G13)*10,1),"") | H23: =IF(AND(ISNUMBER(G32),ISNUMBER(H13)),ROUND((G32-H13)*10,1),"") | I23: =IF(AND(ISNUMBER(H32),ISNUMBER(I13)),ROUND((H32-I13)*10,1),"") | J23: =IF(AND(ISNUMBER(I32),ISNUMBER(J13)),ROUND((I32-J13)*10,1),"") | K23: =IF(AND(ISNUMBER(J32),ISNUMBER(K13)),ROUND((J32-K13)*10,1),"") | L23: =IF(AND(ISNUMBER(K32),ISNUMBER(L13)),ROUND((K32-L13)*10,1),"") | ... FQ23: =IF(AND(ISNUMBER(FP32),ISNUMBER(FQ13)),ROUND((FP32-FQ13)*10,1),"")
A24: FP | B24: Field condition / মাঠের অবস্থা
A25: FP | B25: Condition / অবস্থা
A26: FP | B26: Farmer (land owner) min / কৃষকের সময় (মিনিট) | C26: =SUM($D$26:$FQ$26)
A27: FP | B27: Farmer work contents / কৃষকের কাজ
A28: FP | B28: Labour BDT / শ্রমিক (টাকা) | C28: =SUM($D$28:$FQ$28)
A29: FP | B29: Labour work contents / শ্রমিকের কাজ
A30: FP | B30: Check / পরীক্ষা | D30: =IF(D1="","",IF(AND(ISNUMBER(D13),OR(D13<-30,D13>20)),"WL out of range; ","")&IF(AND(ISNUMBER(D12),D13=""),"no TP/b; ","")&IF(AND(ISNUMBER(D19),ISNUMBER(D20)),IF(D20<D19,"After<Before; ",""),"")&IF(AND(ISNUMBER(D12),ISNUMBER(D16)<>ISNUMBER(D17)),"irrigation readings missing; ","")&IF(ISNUMBER(D23),IF(AND(ABS(D23)>50,NOT(N(D8)>0)),"WL jump >5 cm; ",""),"")) | E30: =IF(E1="","",IF(AND(ISNUMBER(E13),OR(E13<-30,E13>20)),"WL out of range; ","")&IF(AND(ISNUMBER(E12),E13=""),"no TP/b; ","")&IF(AND(ISNUMBER(E19),ISNUMBER(E20)),IF(E20<E19,"After<Before; ",""),"")&IF(AND(ISNUMBER(E12),ISNUMBER(E16)<>ISNUMBER(E17)),"irrigation readings missing; ","")&IF(ISNUMBER(E23),IF(AND(ABS(E23)>50,NOT(N(E8)>0)),"WL jump >5 cm; ",""),"")) | F30: =IF(F1="","",IF(AND(ISNUMBER(F13),OR(F13<-30,F13>20)),"WL out of range; ","")&IF(AND(ISNUMBER(F12),F13=""),"no TP/b; ","")&IF(AND(ISNUMBER(F19),ISNUMBER(F20)),IF(F20<F19,"After<Before; ",""),"")&IF(AND(ISNUMBER(F12),ISNUMBER(F16)<>ISNUMBER(F17)),"irrigation readings missing; ","")&IF(ISNUMBER(F23),IF(AND(ABS(F23)>50,NOT(N(F8)>0)),"WL jump >5 cm; ",""),"")) | G30: =IF(G1="","",IF(AND(ISNUMBER(G13),OR(G13<-30,G13>20)),"WL out of range; ","")&IF(AND(ISNUMBER(G12),G13=""),"no TP/b; ","")&IF(AND(ISNUMBER(G19),ISNUMBER(G20)),IF(G20<G19,"After<Before; ",""),"")&IF(AND(ISNUMBER(G12),ISNUMBER(G16)<>ISNUMBER(G17)),"irrigation readings missing; ","")&IF(ISNUMBER(G23),IF(AND(ABS(G23)>50,NOT(N(G8)>0)),"WL jump >5 cm; ",""),"")) | H30: =IF(H1="","",IF(AND(ISNUMBER(H13),OR(H13<-30,H13>20)),"WL out of range; ","")&IF(AND(ISNUMBER(H12),H13=""),"no TP/b; ","")&IF(AND(ISNUMBER(H19),ISNUMBER(H20)),IF(H20<H19,"After<Before; ",""),"")&IF(AND(ISNUMBER(H12),ISNUMBER(H16)<>ISNUMBER(H17)),"irrigation readings missing; ","")&IF(ISNUMBER(H23),IF(AND(ABS(H23)>50,NOT(N(H8)>0)),"WL jump >5 cm; ",""),"")) | I30: =IF(I1="","",IF(AND(ISNUMBER(I13),OR(I13<-30,I13>20)),"WL out of range; ","")&IF(AND(ISNUMBER(I12),I13=""),"no TP/b; ","")&IF(AND(ISNUMBER(I19),ISNUMBER(I20)),IF(I20<I19,"After<Before; ",""),"")&IF(AND(ISNUMBER(I12),ISNUMBER(I16)<>ISNUMBER(I17)),"irrigation readings missing; ","")&IF(ISNUMBER(I23),IF(AND(ABS(I23)>50,NOT(N(I8)>0)),"WL jump >5 cm; ",""),"")) | J30: =IF(J1="","",IF(AND(ISNUMBER(J13),OR(J13<-30,J13>20)),"WL out of range; ","")&IF(AND(ISNUMBER(J12),J13=""),"no TP/b; ","")&IF(AND(ISNUMBER(J19),ISNUMBER(J20)),IF(J20<J19,"After<Before; ",""),"")&IF(AND(ISNUMBER(J12),ISNUMBER(J16)<>ISNUMBER(J17)),"irrigation readings missing; ","")&IF(ISNUMBER(J23),IF(AND(ABS(J23)>50,NOT(N(J8)>0)),"WL jump >5 cm; ",""),"")) | K30: =IF(K1="","",IF(AND(ISNUMBER(K13),OR(K13<-30,K13>20)),"WL out of range; ","")&IF(AND(ISNUMBER(K12),K13=""),"no TP/b; ","")&IF(AND(ISNUMBER(K19),ISNUMBER(K20)),IF(K20<K19,"After<Before; ",""),"")&IF(AND(ISNUMBER(K12),ISNUMBER(K16)<>ISNUMBER(K17)),"irrigation readings missing; ","")&IF(ISNUMBER(K23),IF(AND(ABS(K23)>50,NOT(N(K8)>0)),"WL jump >5 cm; ",""),"")) | ... FQ30: =IF(FQ1="","",IF(AND(ISNUMBER(FQ13),OR(FQ13<-30,FQ13>20)),"WL out of range; ","")&IF(AND(ISNUMBER(FQ12),FQ13=""),"no TP/b; ","")&IF(AND(ISNUMBER(FQ19),ISNUMBER(FQ20)),IF(FQ20<FQ19,"After<Before; ",""),"")&IF(AND(ISNUMBER(FQ12),ISNUMBER(FQ16)<>ISNUMBER(FQ17)),"irrigation readings missing; ","")&IF(ISNUMBER(FQ23),IF(AND(ABS(FQ23)>50,NOT(N(FQ8)>0)),"WL jump >5 cm; ",""),""))
A31: FP | B31: (TP-b date) | D31: =IF(D1="","",IF(_xlfn.MAXIFS('TP-b'!$B$3:$B$60,'TP-b'!$A$3:$A$60,"FP",'TP-b'!$E$3:$E$60,1,'TP-b'!$B$3:$B$60,"<="&D1)>0,_xlfn.MAXIFS('TP-b'!$B$3:$B$60,'TP-b'!$A$3:$A$60,"FP",'TP-b'!$E$3:$E$60,1,'TP-b'!$B$3:$B$60,"<="&D1),IF(_xlfn.MINIFS('TP-b'!$B$3:$B$60,'TP-b'!$A$3:$A$60,"FP",'TP-b'!$E$3:$E$60,1)>0,_xlfn.MINIFS('TP-b'!$B$3:$B$60,'TP-b'!$A$3:$A$60,"FP",'TP-b'!$E$3:$E$60,1),""))) | E31: =IF(E1="","",IF(_xlfn.MAXIFS('TP-b'!$B$3:$B$60,'TP-b'!$A$3:$A$60,"FP",'TP-b'!$E$3:$E$60,1,'TP-b'!$B$3:$B$60,"<="&E1)>0,_xlfn.MAXIFS('TP-b'!$B$3:$B$60,'TP-b'!$A$3:$A$60,"FP",'TP-b'!$E$3:$E$60,1,'TP-b'!$B$3:$B$60,"<="&E1),IF(_xlfn.MINIFS('TP-b'!$B$3:$B$60,'TP-b'!$A$3:$A$60,"FP",'TP-b'!$E$3:$E$60,1)>0,_xlfn.MINIFS('TP-b'!$B$3:$B$60,'TP-b'!$A$3:$A$60,"FP",'TP-b'!$E$3:$E$60,1),""))) | F31: =IF(F1="","",IF(_xlfn.MAXIFS('TP-b'!$B$3:$B$60,'TP-b'!$A$3:$A$60,"FP",'TP-b'!$E$3:$E$60,1,'TP-b'!$B$3:$B$60,"<="&F1)>0,_xlfn.MAXIFS('TP-b'!$B$3:$B$60,'TP-b'!$A$3:$A$60,"FP",'TP-b'!$E$3:$E$60,1,'TP-b'!$B$3:$B$60,"<="&F1),IF(_xlfn.MINIFS('TP-b'!$B$3:$B$60,'TP-b'!$A$3:$A$60,"FP",'TP-b'!$E$3:$E$60,1)>0,_xlfn.MINIFS('TP-b'!$B$3:$B$60,'TP-b'!$A$3:$A$60,"FP",'TP-b'!$E$3:$E$60,1),""))) | G31: =IF(G1="","",IF(_xlfn.MAXIFS('TP-b'!$B$3:$B$60,'TP-b'!$A$3:$A$60,"FP",'TP-b'!$E$3:$E$60,1,'TP-b'!$B$3:$B$60,"<="&G1)>0,_xlfn.MAXIFS('TP-b'!$B$3:$B$60,'TP-b'!$A$3:$A$60,"FP",'TP-b'!$E$3:$E$60,1,'TP-b'!$B$3:$B$60,"<="&G1),IF(_xlfn.MINIFS('TP-b'!$B$3:$B$60,'TP-b'!$A$3:$A$60,"FP",'TP-b'!$E$3:$E$60,1)>0,_xlfn.MINIFS('TP-b'!$B$3:$B$60,'TP-b'!$A$3:$A$60,"FP",'TP-b'!$E$3:$E$60,1),""))) | H31: =IF(H1="","",IF(_xlfn.MAXIFS('TP-b'!$B$3:$B$60,'TP-b'!$A$3:$A$60,"FP",'TP-b'!$E$3:$E$60,1,'TP-b'!$B$3:$B$60,"<="&H1)>0,_xlfn.MAXIFS('TP-b'!$B$3:$B$60,'TP-b'!$A$3:$A$60,"FP",'TP-b'!$E$3:$E$60,1,'TP-b'!$B$3:$B$60,"<="&H1),IF(_xlfn.MINIFS('TP-b'!$B$3:$B$60,'TP-b'!$A$3:$A$60,"FP",'TP-b'!$E$3:$E$60,1)>0,_xlfn.MINIFS('TP-b'!$B$3:$B$60,'TP-b'!$A$3:$A$60,"FP",'TP-b'!$E$3:$E$60,1),""))) | I31: =IF(I1="","",IF(_xlfn.MAXIFS('TP-b'!$B$3:$B$60,'TP-b'!$A$3:$A$60,"FP",'TP-b'!$E$3:$E$60,1,'TP-b'!$B$3:$B$60,"<="&I1)>0,_xlfn.MAXIFS('TP-b'!$B$3:$B$60,'TP-b'!$A$3:$A$60,"FP",'TP-b'!$E$3:$E$60,1,'TP-b'!$B$3:$B$60,"<="&I1),IF(_xlfn.MINIFS('TP-b'!$B$3:$B$60,'TP-b'!$A$3:$A$60,"FP",'TP-b'!$E$3:$E$60,1)>0,_xlfn.MINIFS('TP-b'!$B$3:$B$60,'TP-b'!$A$3:$A$60,"FP",'TP-b'!$E$3:$E$60,1),""))) | J31: =IF(J1="","",IF(_xlfn.MAXIFS('TP-b'!$B$3:$B$60,'TP-b'!$A$3:$A$60,"FP",'TP-b'!$E$3:$E$60,1,'TP-b'!$B$3:$B$60,"<="&J1)>0,_xlfn.MAXIFS('TP-b'!$B$3:$B$60,'TP-b'!$A$3:$A$60,"FP",'TP-b'!$E$3:$E$60,1,'TP-b'!$B$3:$B$60,"<="&J1),IF(_xlfn.MINIFS('TP-b'!$B$3:$B$60,'TP-b'!$A$3:$A$60,"FP",'TP-b'!$E$3:$E$60,1)>0,_xlfn.MINIFS('TP-b'!$B$3:$B$60,'TP-b'!$A$3:$A$60,"FP",'TP-b'!$E$3:$E$60,1),""))) | K31: =IF(K1="","",IF(_xlfn.MAXIFS('TP-b'!$B$3:$B$60,'TP-b'!$A$3:$A$60,"FP",'TP-b'!$E$3:$E$60,1,'TP-b'!$B$3:$B$60,"<="&K1)>0,_xlfn.MAXIFS('TP-b'!$B$3:$B$60,'TP-b'!$A$3:$A$60,"FP",'TP-b'!$E$3:$E$60,1,'TP-b'!$B$3:$B$60,"<="&K1),IF(_xlfn.MINIFS('TP-b'!$B$3:$B$60,'TP-b'!$A$3:$A$60,"FP",'TP-b'!$E$3:$E$60,1)>0,_xlfn.MINIFS('TP-b'!$B$3:$B$60,'TP-b'!$A$3:$A$60,"FP",'TP-b'!$E$3:$E$60,1),""))) | ... FQ31: =IF(FQ1="","",IF(_xlfn.MAXIFS('TP-b'!$B$3:$B$60,'TP-b'!$A$3:$A$60,"FP",'TP-b'!$E$3:$E$60,1,'TP-b'!$B$3:$B$60,"<="&FQ1)>0,_xlfn.MAXIFS('TP-b'!$B$3:$B$60,'TP-b'!$A$3:$A$60,"FP",'TP-b'!$E$3:$E$60,1,'TP-b'!$B$3:$B$60,"<="&FQ1),IF(_xlfn.MINIFS('TP-b'!$B$3:$B$60,'TP-b'!$A$3:$A$60,"FP",'TP-b'!$E$3:$E$60,1)>0,_xlfn.MINIFS('TP-b'!$B$3:$B$60,'TP-b'!$A$3:$A$60,"FP",'TP-b'!$E$3:$E$60,1),"")))
A32: FP | B32: (end of day level) | D32: =IF(D13="","",IF(ISNUMBER(D20),D20,D13)) | E32: =IF(E13="","",IF(ISNUMBER(E20),E20,E13)) | F32: =IF(F13="","",IF(ISNUMBER(F20),F20,F13)) | G32: =IF(G13="","",IF(ISNUMBER(G20),G20,G13)) | H32: =IF(H13="","",IF(ISNUMBER(H20),H20,H13)) | I32: =IF(I13="","",IF(ISNUMBER(I20),I20,I13)) | J32: =IF(J13="","",IF(ISNUMBER(J20),J20,J13)) | K32: =IF(K13="","",IF(ISNUMBER(K20),K20,K13)) | ... FQ32: =IF(FQ13="","",IF(ISNUMBER(FQ20),FQ20,FQ13))
A33: FP | B33: (has level) | D33: =IF(ISNUMBER(D13),1,0) | E33: =IF(ISNUMBER(E13),1,0) | F33: =IF(ISNUMBER(F13),1,0) | G33: =IF(ISNUMBER(G13),1,0) | H33: =IF(ISNUMBER(H13),1,0) | I33: =IF(ISNUMBER(I13),1,0) | J33: =IF(ISNUMBER(J13),1,0) | K33: =IF(ISNUMBER(K13),1,0) | ... FQ33: =IF(ISNUMBER(FQ13),1,0)
A36: 3F4D+MD | B36: 3F4D+MD plot
A37: 3F4D+MD | B37: Daily m (cm) * / দৈনিক m | C37: =COUNT($D$37:$FQ$37)&" days"
A38: 3F4D+MD | B38: Daily water level (cm) / পানির স্তর | D38: =IF(OR(D1="",NOT(ISNUMBER(D37)),D39=""),"",ROUND(D37-D39+D40,1)) | E38: =IF(OR(E1="",NOT(ISNUMBER(E37)),E39=""),"",ROUND(E37-E39+E40,1)) | F38: =IF(OR(F1="",NOT(ISNUMBER(F37)),F39=""),"",ROUND(F37-F39+F40,1)) | G38: =IF(OR(G1="",NOT(ISNUMBER(G37)),G39=""),"",ROUND(G37-G39+G40,1)) | H38: =IF(OR(H1="",NOT(ISNUMBER(H37)),H39=""),"",ROUND(H37-H39+H40,1)) | I38: =IF(OR(I1="",NOT(ISNUMBER(I37)),I39=""),"",ROUND(I37-I39+I40,1)) | J38: =IF(OR(J1="",NOT(ISNUMBER(J37)),J39=""),"",ROUND(J37-J39+J40,1)) | K38: =IF(OR(K1="",NOT(ISNUMBER(K37)),K39=""),"",ROUND(K37-K39+K40,1)) | ... FQ38: =IF(OR(FQ1="",NOT(ISNUMBER(FQ37)),FQ39=""),"",ROUND(FQ37-FQ39+FQ40,1))
A39: 3F4D+MD | B39: TP (cm) | D39: =IF(D56="","",AVERAGEIFS('TP-b'!$C$3:$C$60,'TP-b'!$A$3:$A$60,"3F4D+MD",'TP-b'!$B$3:$B$60,D56,'TP-b'!$E$3:$E$60,1)) | E39: =IF(E56="","",AVERAGEIFS('TP-b'!$C$3:$C$60,'TP-b'!$A$3:$A$60,"3F4D+MD",'TP-b'!$B$3:$B$60,E56,'TP-b'!$E$3:$E$60,1)) | F39: =IF(F56="","",AVERAGEIFS('TP-b'!$C$3:$C$60,'TP-b'!$A$3:$A$60,"3F4D+MD",'TP-b'!$B$3:$B$60,F56,'TP-b'!$E$3:$E$60,1)) | G39: =IF(G56="","",AVERAGEIFS('TP-b'!$C$3:$C$60,'TP-b'!$A$3:$A$60,"3F4D+MD",'TP-b'!$B$3:$B$60,G56,'TP-b'!$E$3:$E$60,1)) | H39: =IF(H56="","",AVERAGEIFS('TP-b'!$C$3:$C$60,'TP-b'!$A$3:$A$60,"3F4D+MD",'TP-b'!$B$3:$B$60,H56,'TP-b'!$E$3:$E$60,1)) | I39: =IF(I56="","",AVERAGEIFS('TP-b'!$C$3:$C$60,'TP-b'!$A$3:$A$60,"3F4D+MD",'TP-b'!$B$3:$B$60,I56,'TP-b'!$E$3:$E$60,1)) | J39: =IF(J56="","",AVERAGEIFS('TP-b'!$C$3:$C$60,'TP-b'!$A$3:$A$60,"3F4D+MD",'TP-b'!$B$3:$B$60,J56,'TP-b'!$E$3:$E$60,1)) | K39: =IF(K56="","",AVERAGEIFS('TP-b'!$C$3:$C$60,'TP-b'!$A$3:$A$60,"3F4D+MD",'TP-b'!$B$3:$B$60,K56,'TP-b'!$E$3:$E$60,1)) | ... FQ39: =IF(FQ56="","",AVERAGEIFS('TP-b'!$C$3:$C$60,'TP-b'!$A$3:$A$60,"3F4D+MD",'TP-b'!$B$3:$B$60,FQ56,'TP-b'!$E$3:$E$60,1))
A40: 3F4D+MD | B40: b (cm) | D40: =IF(D56="","",AVERAGEIFS('TP-b'!$D$3:$D$60,'TP-b'!$A$3:$A$60,"3F4D+MD",'TP-b'!$B$3:$B$60,D56,'TP-b'!$E$3:$E$60,1)) | E40: =IF(E56="","",AVERAGEIFS('TP-b'!$D$3:$D$60,'TP-b'!$A$3:$A$60,"3F4D+MD",'TP-b'!$B$3:$B$60,E56,'TP-b'!$E$3:$E$60,1)) | F40: =IF(F56="","",AVERAGEIFS('TP-b'!$D$3:$D$60,'TP-b'!$A$3:$A$60,"3F4D+MD",'TP-b'!$B$3:$B$60,F56,'TP-b'!$E$3:$E$60,1)) | G40: =IF(G56="","",AVERAGEIFS('TP-b'!$D$3:$D$60,'TP-b'!$A$3:$A$60,"3F4D+MD",'TP-b'!$B$3:$B$60,G56,'TP-b'!$E$3:$E$60,1)) | H40: =IF(H56="","",AVERAGEIFS('TP-b'!$D$3:$D$60,'TP-b'!$A$3:$A$60,"3F4D+MD",'TP-b'!$B$3:$B$60,H56,'TP-b'!$E$3:$E$60,1)) | I40: =IF(I56="","",AVERAGEIFS('TP-b'!$D$3:$D$60,'TP-b'!$A$3:$A$60,"3F4D+MD",'TP-b'!$B$3:$B$60,I56,'TP-b'!$E$3:$E$60,1)) | J40: =IF(J56="","",AVERAGEIFS('TP-b'!$D$3:$D$60,'TP-b'!$A$3:$A$60,"3F4D+MD",'TP-b'!$B$3:$B$60,J56,'TP-b'!$E$3:$E$60,1)) | K40: =IF(K56="","",AVERAGEIFS('TP-b'!$D$3:$D$60,'TP-b'!$A$3:$A$60,"3F4D+MD",'TP-b'!$B$3:$B$60,K56,'TP-b'!$E$3:$E$60,1)) | ... FQ40: =IF(FQ56="","",AVERAGEIFS('TP-b'!$D$3:$D$60,'TP-b'!$A$3:$A$60,"3F4D+MD",'TP-b'!$B$3:$B$60,FQ56,'TP-b'!$E$3:$E$60,1))
A41: 3F4D+MD | B41: Before irrigation m (cm) / সেচের আগে m | C41: =COUNT($D$46:$FQ$46)&" irrig."
A42: 3F4D+MD | B42: After irrigation m (cm) / সেচের পরে m
A43: 3F4D+MD | B43: Irrigation time (min:sec) / সেচের সময়
A44: 3F4D+MD | B44: Before irrigation water level (cm) / সেচের আগে স্তর | D44: =IF(AND(ISNUMBER(D41),ISNUMBER(D42),D39<>""),ROUND(D41-D39+D40,1),"") | E44: =IF(AND(ISNUMBER(E41),ISNUMBER(E42),E39<>""),ROUND(E41-E39+E40,1),"") | F44: =IF(AND(ISNUMBER(F41),ISNUMBER(F42),F39<>""),ROUND(F41-F39+F40,1),"") | G44: =IF(AND(ISNUMBER(G41),ISNUMBER(G42),G39<>""),ROUND(G41-G39+G40,1),"") | H44: =IF(AND(ISNUMBER(H41),ISNUMBER(H42),H39<>""),ROUND(H41-H39+H40,1),"") | I44: =IF(AND(ISNUMBER(I41),ISNUMBER(I42),I39<>""),ROUND(I41-I39+I40,1),"") | J44: =IF(AND(ISNUMBER(J41),ISNUMBER(J42),J39<>""),ROUND(J41-J39+J40,1),"") | K44: =IF(AND(ISNUMBER(K41),ISNUMBER(K42),K39<>""),ROUND(K41-K39+K40,1),"") | ... FQ44: =IF(AND(ISNUMBER(FQ41),ISNUMBER(FQ42),FQ39<>""),ROUND(FQ41-FQ39+FQ40,1),"")
A45: 3F4D+MD | B45: After irrigation water level (cm) / সেচের পরে স্তর | D45: =IF(AND(ISNUMBER(D41),ISNUMBER(D42),D39<>""),ROUND(D42-D39+D40,1),"") | E45: =IF(AND(ISNUMBER(E41),ISNUMBER(E42),E39<>""),ROUND(E42-E39+E40,1),"") | F45: =IF(AND(ISNUMBER(F41),ISNUMBER(F42),F39<>""),ROUND(F42-F39+F40,1),"") | G45: =IF(AND(ISNUMBER(G41),ISNUMBER(G42),G39<>""),ROUND(G42-G39+G40,1),"") | H45: =IF(AND(ISNUMBER(H41),ISNUMBER(H42),H39<>""),ROUND(H42-H39+H40,1),"") | I45: =IF(AND(ISNUMBER(I41),ISNUMBER(I42),I39<>""),ROUND(I42-I39+I40,1),"") | J45: =IF(AND(ISNUMBER(J41),ISNUMBER(J42),J39<>""),ROUND(J42-J39+J40,1),"") | K45: =IF(AND(ISNUMBER(K41),ISNUMBER(K42),K39<>""),ROUND(K42-K39+K40,1),"") | ... FQ45: =IF(AND(ISNUMBER(FQ41),ISNUMBER(FQ42),FQ39<>""),ROUND(FQ42-FQ39+FQ40,1),"")
A46: 3F4D+MD | B46: Irrigation (mm) / সেচ (মিমি) | C46: =ROUND(SUM($D$46:$FQ$46),0) | D46: =IF(AND(ISNUMBER(D37),ISNUMBER(D44),ISNUMBER(D45)),ROUND((D45-MAX(D44,0))*10,1),"") | E46: =IF(AND(ISNUMBER(E37),ISNUMBER(E44),ISNUMBER(E45)),ROUND((E45-MAX(E44,0))*10,1),"") | F46: =IF(AND(ISNUMBER(F37),ISNUMBER(F44),ISNUMBER(F45)),ROUND((F45-MAX(F44,0))*10,1),"") | G46: =IF(AND(ISNUMBER(G37),ISNUMBER(G44),ISNUMBER(G45)),ROUND((G45-MAX(G44,0))*10,1),"") | H46: =IF(AND(ISNUMBER(H37),ISNUMBER(H44),ISNUMBER(H45)),ROUND((H45-MAX(H44,0))*10,1),"") | I46: =IF(AND(ISNUMBER(I37),ISNUMBER(I44),ISNUMBER(I45)),ROUND((I45-MAX(I44,0))*10,1),"") | J46: =IF(AND(ISNUMBER(J37),ISNUMBER(J44),ISNUMBER(J45)),ROUND((J45-MAX(J44,0))*10,1),"") | K46: =IF(AND(ISNUMBER(K37),ISNUMBER(K44),ISNUMBER(K45)),ROUND((K45-MAX(K44,0))*10,1),"") | ... FQ46: =IF(AND(ISNUMBER(FQ37),ISNUMBER(FQ44),ISNUMBER(FQ45)),ROUND((FQ45-MAX(FQ44,0))*10,1),"")
A47: 3F4D+MD | B47: Cumulative irrigation (mm) / মোট সেচ | C47: =IF(COUNT($D$47:$FQ$47)=0,"",MAX($D$47:$FQ$47)) | D47: =IF(D38="","",ROUND(SUM($D$46:D46),1)) | E47: =IF(E38="","",ROUND(SUM($D$46:E46),1)) | F47: =IF(F38="","",ROUND(SUM($D$46:F46),1)) | G47: =IF(G38="","",ROUND(SUM($D$46:G46),1)) | H47: =IF(H38="","",ROUND(SUM($D$46:H46),1)) | I47: =IF(I38="","",ROUND(SUM($D$46:I46),1)) | J47: =IF(J38="","",ROUND(SUM($D$46:J46),1)) | K47: =IF(K38="","",ROUND(SUM($D$46:K46),1)) | ... FQ47: =IF(FQ38="","",ROUND(SUM($D$46:FQ46),1))
A48: 3F4D+MD | B48: Daily water-level decrease (mm) / দৈনিক হ্রাস | D48: ="" | E48: =IF(AND(ISNUMBER(D57),ISNUMBER(E38)),ROUND((D57-E38)*10,1),"") | F48: =IF(AND(ISNUMBER(E57),ISNUMBER(F38)),ROUND((E57-F38)*10,1),"") | G48: =IF(AND(ISNUMBER(F57),ISNUMBER(G38)),ROUND((F57-G38)*10,1),"") | H48: =IF(AND(ISNUMBER(G57),ISNUMBER(H38)),ROUND((G57-H38)*10,1),"") | I48: =IF(AND(ISNUMBER(H57),ISNUMBER(I38)),ROUND((H57-I38)*10,1),"") | J48: =IF(AND(ISNUMBER(I57),ISNUMBER(J38)),ROUND((I57-J38)*10,1),"") | K48: =IF(AND(ISNUMBER(J57),ISNUMBER(K38)),ROUND((J57-K38)*10,1),"") | L48: =IF(AND(ISNUMBER(K57),ISNUMBER(L38)),ROUND((K57-L38)*10,1),"") | ... FQ48: =IF(AND(ISNUMBER(FP57),ISNUMBER(FQ38)),ROUND((FP57-FQ38)*10,1),"")
A49: 3F4D+MD | B49: Field condition / মাঠের অবস্থা
A50: 3F4D+MD | B50: Condition / অবস্থা
A51: 3F4D+MD | B51: Farmer (land owner) min / কৃষকের সময় (মিনিট) | C51: =SUM($D$51:$FQ$51)
A52: 3F4D+MD | B52: Farmer work contents / কৃষকের কাজ
A53: 3F4D+MD | B53: Labour BDT / শ্রমিক (টাকা) | C53: =SUM($D$53:$FQ$53)
A54: 3F4D+MD | B54: Labour work contents / শ্রমিকের কাজ
A55: 3F4D+MD | B55: Check / পরীক্ষা | D55: =IF(D1="","",IF(AND(ISNUMBER(D38),OR(D38<-30,D38>20)),"WL out of range; ","")&IF(AND(ISNUMBER(D37),D38=""),"no TP/b; ","")&IF(AND(ISNUMBER(D44),ISNUMBER(D45)),IF(D45<D44,"After<Before; ",""),"")&IF(AND(ISNUMBER(D37),ISNUMBER(D41)<>ISNUMBER(D42)),"irrigation readings missing; ","")&IF(ISNUMBER(D48),IF(AND(ABS(D48)>50,NOT(N(D8)>0)),"WL jump >5 cm; ",""),"")&IF(AND(ISNUMBER(PitanE),ISNUMBER(D56),D1>PitanE+2,D56<PitanE),"re-measure TP/b after Pitan; ","")) | E55: =IF(E1="","",IF(AND(ISNUMBER(E38),OR(E38<-30,E38>20)),"WL out of range; ","")&IF(AND(ISNUMBER(E37),E38=""),"no TP/b; ","")&IF(AND(ISNUMBER(E44),ISNUMBER(E45)),IF(E45<E44,"After<Before; ",""),"")&IF(AND(ISNUMBER(E37),ISNUMBER(E41)<>ISNUMBER(E42)),"irrigation readings missing; ","")&IF(ISNUMBER(E48),IF(AND(ABS(E48)>50,NOT(N(E8)>0)),"WL jump >5 cm; ",""),"")&IF(AND(ISNUMBER(PitanE),ISNUMBER(E56),E1>PitanE+2,E56<PitanE),"re-measure TP/b after Pitan; ","")) | F55: =IF(F1="","",IF(AND(ISNUMBER(F38),OR(F38<-30,F38>20)),"WL out of range; ","")&IF(AND(ISNUMBER(F37),F38=""),"no TP/b; ","")&IF(AND(ISNUMBER(F44),ISNUMBER(F45)),IF(F45<F44,"After<Before; ",""),"")&IF(AND(ISNUMBER(F37),ISNUMBER(F41)<>ISNUMBER(F42)),"irrigation readings missing; ","")&IF(ISNUMBER(F48),IF(AND(ABS(F48)>50,NOT(N(F8)>0)),"WL jump >5 cm; ",""),"")&IF(AND(ISNUMBER(PitanE),ISNUMBER(F56),F1>PitanE+2,F56<PitanE),"re-measure TP/b after Pitan; ","")) | G55: =IF(G1="","",IF(AND(ISNUMBER(G38),OR(G38<-30,G38>20)),"WL out of range; ","")&IF(AND(ISNUMBER(G37),G38=""),"no TP/b; ","")&IF(AND(ISNUMBER(G44),ISNUMBER(G45)),IF(G45<G44,"After<Before; ",""),"")&IF(AND(ISNUMBER(G37),ISNUMBER(G41)<>ISNUMBER(G42)),"irrigation readings missing; ","")&IF(ISNUMBER(G48),IF(AND(ABS(G48)>50,NOT(N(G8)>0)),"WL jump >5 cm; ",""),"")&IF(AND(ISNUMBER(PitanE),ISNUMBER(G56),G1>PitanE+2,G56<PitanE),"re-measure TP/b after Pitan; ","")) | H55: =IF(H1="","",IF(AND(ISNUMBER(H38),OR(H38<-30,H38>20)),"WL out of range; ","")&IF(AND(ISNUMBER(H37),H38=""),"no TP/b; ","")&IF(AND(ISNUMBER(H44),ISNUMBER(H45)),IF(H45<H44,"After<Before; ",""),"")&IF(AND(ISNUMBER(H37),ISNUMBER(H41)<>ISNUMBER(H42)),"irrigation readings missing; ","")&IF(ISNUMBER(H48),IF(AND(ABS(H48)>50,NOT(N(H8)>0)),"WL jump >5 cm; ",""),"")&IF(AND(ISNUMBER(PitanE),ISNUMBER(H56),H1>PitanE+2,H56<PitanE),"re-measure TP/b after Pitan; ","")) | I55: =IF(I1="","",IF(AND(ISNUMBER(I38),OR(I38<-30,I38>20)),"WL out of range; ","")&IF(AND(ISNUMBER(I37),I38=""),"no TP/b; ","")&IF(AND(ISNUMBER(I44),ISNUMBER(I45)),IF(I45<I44,"After<Before; ",""),"")&IF(AND(ISNUMBER(I37),ISNUMBER(I41)<>ISNUMBER(I42)),"irrigation readings missing; ","")&IF(ISNUMBER(I48),IF(AND(ABS(I48)>50,NOT(N(I8)>0)),"WL jump >5 cm; ",""),"")&IF(AND(ISNUMBER(PitanE),ISNUMBER(I56),I1>PitanE+2,I56<PitanE),"re-measure TP/b after Pitan; ","")) | J55: =IF(J1="","",IF(AND(ISNUMBER(J38),OR(J38<-30,J38>20)),"WL out of range; ","")&IF(AND(ISNUMBER(J37),J38=""),"no TP/b; ","")&IF(AND(ISNUMBER(J44),ISNUMBER(J45)),IF(J45<J44,"After<Before; ",""),"")&IF(AND(ISNUMBER(J37),ISNUMBER(J41)<>ISNUMBER(J42)),"irrigation readings missing; ","")&IF(ISNUMBER(J48),IF(AND(ABS(J48)>50,NOT(N(J8)>0)),"WL jump >5 cm; ",""),"")&IF(AND(ISNUMBER(PitanE),ISNUMBER(J56),J1>PitanE+2,J56<PitanE),"re-measure TP/b after Pitan; ","")) | K55: =IF(K1="","",IF(AND(ISNUMBER(K38),OR(K38<-30,K38>20)),"WL out of range; ","")&IF(AND(ISNUMBER(K37),K38=""),"no TP/b; ","")&IF(AND(ISNUMBER(K44),ISNUMBER(K45)),IF(K45<K44,"After<Before; ",""),"")&IF(AND(ISNUMBER(K37),ISNUMBER(K41)<>ISNUMBER(K42)),"irrigation readings missing; ","")&IF(ISNUMBER(K48),IF(AND(ABS(K48)>50,NOT(N(K8)>0)),"WL jump >5 cm; ",""),"")&IF(AND(ISNUMBER(PitanE),ISNUMBER(K56),K1>PitanE+2,K56<PitanE),"re-measure TP/b after Pitan; ","")) | ... FQ55: =IF(FQ1="","",IF(AND(ISNUMBER(FQ38),OR(FQ38<-30,FQ38>20)),"WL out of range; ","")&IF(AND(ISNUMBER(FQ37),FQ38=""),"no TP/b; ","")&IF(AND(ISNUMBER(FQ44),ISNUMBER(FQ45)),IF(FQ45<FQ44,"After<Before; ",""),"")&IF(AND(ISNUMBER(FQ37),ISNUMBER(FQ41)<>ISNUMBER(FQ42)),"irrigation readings missing; ","")&IF(ISNUMBER(FQ48),IF(AND(ABS(FQ48)>50,NOT(N(FQ8)>0)),"WL jump >5 cm; ",""),"")&IF(AND(ISNUMBER(PitanE),ISNUMBER(FQ56),FQ1>PitanE+2,FQ56<PitanE),"re-measure TP/b after Pitan; ",""))
A56: 3F4D+MD | B56: (TP-b date) | D56: =IF(D1="","",IF(_xlfn.MAXIFS('TP-b'!$B$3:$B$60,'TP-b'!$A$3:$A$60,"3F4D+MD",'TP-b'!$E$3:$E$60,1,'TP-b'!$B$3:$B$60,"<="&D1)>0,_xlfn.MAXIFS('TP-b'!$B$3:$B$60,'TP-b'!$A$3:$A$60,"3F4D+MD",'TP-b'!$E$3:$E$60,1,'TP-b'!$B$3:$B$60,"<="&D1),IF(_xlfn.MINIFS('TP-b'!$B$3:$B$60,'TP-b'!$A$3:$A$60,"3F4D+MD",'TP-b'!$E$3:$E$60,1)>0,_xlfn.MINIFS('TP-b'!$B$3:$B$60,'TP-b'!$A$3:$A$60,"3F4D+MD",'TP-b'!$E$3:$E$60,1),""))) | E56: =IF(E1="","",IF(_xlfn.MAXIFS('TP-b'!$B$3:$B$60,'TP-b'!$A$3:$A$60,"3F4D+MD",'TP-b'!$E$3:$E$60,1,'TP-b'!$B$3:$B$60,"<="&E1)>0,_xlfn.MAXIFS('TP-b'!$B$3:$B$60,'TP-b'!$A$3:$A$60,"3F4D+MD",'TP-b'!$E$3:$E$60,1,'TP-b'!$B$3:$B$60,"<="&E1),IF(_xlfn.MINIFS('TP-b'!$B$3:$B$60,'TP-b'!$A$3:$A$60,"3F4D+MD",'TP-b'!$E$3:$E$60,1)>0,_xlfn.MINIFS('TP-b'!$B$3:$B$60,'TP-b'!$A$3:$A$60,"3F4D+MD",'TP-b'!$E$3:$E$60,1),""))) | F56: =IF(F1="","",IF(_xlfn.MAXIFS('TP-b'!$B$3:$B$60,'TP-b'!$A$3:$A$60,"3F4D+MD",'TP-b'!$E$3:$E$60,1,'TP-b'!$B$3:$B$60,"<="&F1)>0,_xlfn.MAXIFS('TP-b'!$B$3:$B$60,'TP-b'!$A$3:$A$60,"3F4D+MD",'TP-b'!$E$3:$E$60,1,'TP-b'!$B$3:$B$60,"<="&F1),IF(_xlfn.MINIFS('TP-b'!$B$3:$B$60,'TP-b'!$A$3:$A$60,"3F4D+MD",'TP-b'!$E$3:$E$60,1)>0,_xlfn.MINIFS('TP-b'!$B$3:$B$60,'TP-b'!$A$3:$A$60,"3F4D+MD",'TP-b'!$E$3:$E$60,1),""))) | G56: =IF(G1="","",IF(_xlfn.MAXIFS('TP-b'!$B$3:$B$60,'TP-b'!$A$3:$A$60,"3F4D+MD",'TP-b'!$E$3:$E$60,1,'TP-b'!$B$3:$B$60,"<="&G1)>0,_xlfn.MAXIFS('TP-b'!$B$3:$B$60,'TP-b'!$A$3:$A$60,"3F4D+MD",'TP-b'!$E$3:$E$60,1,'TP-b'!$B$3:$B$60,"<="&G1),IF(_xlfn.MINIFS('TP-b'!$B$3:$B$60,'TP-b'!$A$3:$A$60,"3F4D+MD",'TP-b'!$E$3:$E$60,1)>0,_xlfn.MINIFS('TP-b'!$B$3:$B$60,'TP-b'!$A$3:$A$60,"3F4D+MD",'TP-b'!$E$3:$E$60,1),""))) | H56: =IF(H1="","",IF(_xlfn.MAXIFS('TP-b'!$B$3:$B$60,'TP-b'!$A$3:$A$60,"3F4D+MD",'TP-b'!$E$3:$E$60,1,'TP-b'!$B$3:$B$60,"<="&H1)>0,_xlfn.MAXIFS('TP-b'!$B$3:$B$60,'TP-b'!$A$3:$A$60,"3F4D+MD",'TP-b'!$E$3:$E$60,1,'TP-b'!$B$3:$B$60,"<="&H1),IF(_xlfn.MINIFS('TP-b'!$B$3:$B$60,'TP-b'!$A$3:$A$60,"3F4D+MD",'TP-b'!$E$3:$E$60,1)>0,_xlfn.MINIFS('TP-b'!$B$3:$B$60,'TP-b'!$A$3:$A$60,"3F4D+MD",'TP-b'!$E$3:$E$60,1),""))) | I56: =IF(I1="","",IF(_xlfn.MAXIFS('TP-b'!$B$3:$B$60,'TP-b'!$A$3:$A$60,"3F4D+MD",'TP-b'!$E$3:$E$60,1,'TP-b'!$B$3:$B$60,"<="&I1)>0,_xlfn.MAXIFS('TP-b'!$B$3:$B$60,'TP-b'!$A$3:$A$60,"3F4D+MD",'TP-b'!$E$3:$E$60,1,'TP-b'!$B$3:$B$60,"<="&I1),IF(_xlfn.MINIFS('TP-b'!$B$3:$B$60,'TP-b'!$A$3:$A$60,"3F4D+MD",'TP-b'!$E$3:$E$60,1)>0,_xlfn.MINIFS('TP-b'!$B$3:$B$60,'TP-b'!$A$3:$A$60,"3F4D+MD",'TP-b'!$E$3:$E$60,1),""))) | J56: =IF(J1="","",IF(_xlfn.MAXIFS('TP-b'!$B$3:$B$60,'TP-b'!$A$3:$A$60,"3F4D+MD",'TP-b'!$E$3:$E$60,1,'TP-b'!$B$3:$B$60,"<="&J1)>0,_xlfn.MAXIFS('TP-b'!$B$3:$B$60,'TP-b'!$A$3:$A$60,"3F4D+MD",'TP-b'!$E$3:$E$60,1,'TP-b'!$B$3:$B$60,"<="&J1),IF(_xlfn.MINIFS('TP-b'!$B$3:$B$60,'TP-b'!$A$3:$A$60,"3F4D+MD",'TP-b'!$E$3:$E$60,1)>0,_xlfn.MINIFS('TP-b'!$B$3:$B$60,'TP-b'!$A$3:$A$60,"3F4D+MD",'TP-b'!$E$3:$E$60,1),""))) | K56: =IF(K1="","",IF(_xlfn.MAXIFS('TP-b'!$B$3:$B$60,'TP-b'!$A$3:$A$60,"3F4D+MD",'TP-b'!$E$3:$E$60,1,'TP-b'!$B$3:$B$60,"<="&K1)>0,_xlfn.MAXIFS('TP-b'!$B$3:$B$60,'TP-b'!$A$3:$A$60,"3F4D+MD",'TP-b'!$E$3:$E$60,1,'TP-b'!$B$3:$B$60,"<="&K1),IF(_xlfn.MINIFS('TP-b'!$B$3:$B$60,'TP-b'!$A$3:$A$60,"3F4D+MD",'TP-b'!$E$3:$E$60,1)>0,_xlfn.MINIFS('TP-b'!$B$3:$B$60,'TP-b'!$A$3:$A$60,"3F4D+MD",'TP-b'!$E$3:$E$60,1),""))) | ... FQ56: =IF(FQ1="","",IF(_xlfn.MAXIFS('TP-b'!$B$3:$B$60,'TP-b'!$A$3:$A$60,"3F4D+MD",'TP-b'!$E$3:$E$60,1,'TP-b'!$B$3:$B$60,"<="&FQ1)>0,_xlfn.MAXIFS('TP-b'!$B$3:$B$60,'TP-b'!$A$3:$A$60,"3F4D+MD",'TP-b'!$E$3:$E$60,1,'TP-b'!$B$3:$B$60,"<="&FQ1),IF(_xlfn.MINIFS('TP-b'!$B$3:$B$60,'TP-b'!$A$3:$A$60,"3F4D+MD",'TP-b'!$E$3:$E$60,1)>0,_xlfn.MINIFS('TP-b'!$B$3:$B$60,'TP-b'!$A$3:$A$60,"3F4D+MD",'TP-b'!$E$3:$E$60,1),"")))
A57: 3F4D+MD | B57: (end of day level) | D57: =IF(D38="","",IF(ISNUMBER(D45),D45,D38)) | E57: =IF(E38="","",IF(ISNUMBER(E45),E45,E38)) | F57: =IF(F38="","",IF(ISNUMBER(F45),F45,F38)) | G57: =IF(G38="","",IF(ISNUMBER(G45),G45,G38)) | H57: =IF(H38="","",IF(ISNUMBER(H45),H45,H38)) | I57: =IF(I38="","",IF(ISNUMBER(I45),I45,I38)) | J57: =IF(J38="","",IF(ISNUMBER(J45),J45,J38)) | K57: =IF(K38="","",IF(ISNUMBER(K45),K45,K38)) | ... FQ57: =IF(FQ38="","",IF(ISNUMBER(FQ45),FQ45,FQ38))
A58: 3F4D+MD | B58: (has level) | D58: =IF(ISNUMBER(D38),1,0) | E58: =IF(ISNUMBER(E38),1,0) | F58: =IF(ISNUMBER(F38),1,0) | G58: =IF(ISNUMBER(G38),1,0) | H58: =IF(ISNUMBER(H38),1,0) | I58: =IF(ISNUMBER(I38),1,0) | J58: =IF(ISNUMBER(J38),1,0) | K58: =IF(ISNUMBER(K38),1,0) | ... FQ58: =IF(ISNUMBER(FQ38),1,0)
A60: FP | B60: Tiller number (count 5 hills) / কুশি
A61: FP | B61: Hill 1
A62: FP | B62: Hill 2
A63: FP | B63: Hill 3
A64: FP | B64: Hill 4
A65: FP | B65: Hill 5
A66: FP | B66: Tillers per hill (mean of 2nd-4th largest) | D66: =IF(COUNT(D61:D65)=5,ROUND((LARGE(D61:D65,2)+LARGE(D61:D65,3)+LARGE(D61:D65,4))/3,1),"") | E66: =IF(COUNT(E61:E65)=5,ROUND((LARGE(E61:E65,2)+LARGE(E61:E65,3)+LARGE(E61:E65,4))/3,1),"") | F66: =IF(COUNT(F61:F65)=5,ROUND((LARGE(F61:F65,2)+LARGE(F61:F65,3)+LARGE(F61:F65,4))/3,1),"") | G66: =IF(COUNT(G61:G65)=5,ROUND((LARGE(G61:G65,2)+LARGE(G61:G65,3)+LARGE(G61:G65,4))/3,1),"") | H66: =IF(COUNT(H61:H65)=5,ROUND((LARGE(H61:H65,2)+LARGE(H61:H65,3)+LARGE(H61:H65,4))/3,1),"") | I66: =IF(COUNT(I61:I65)=5,ROUND((LARGE(I61:I65,2)+LARGE(I61:I65,3)+LARGE(I61:I65,4))/3,1),"") | J66: =IF(COUNT(J61:J65)=5,ROUND((LARGE(J61:J65,2)+LARGE(J61:J65,3)+LARGE(J61:J65,4))/3,1),"") | K66: =IF(COUNT(K61:K65)=5,ROUND((LARGE(K61:K65,2)+LARGE(K61:K65,3)+LARGE(K61:K65,4))/3,1),"") | ... FQ66: =IF(COUNT(FQ61:FQ65)=5,ROUND((LARGE(FQ61:FQ65,2)+LARGE(FQ61:FQ65,3)+LARGE(FQ61:FQ65,4))/3,1),"")
A67: 3F4D+MD | B67: Tiller number (count 5 hills) / কুশি
A68: 3F4D+MD | B68: Hill 1
A69: 3F4D+MD | B69: Hill 2
A70: 3F4D+MD | B70: Hill 3
A71: 3F4D+MD | B71: Hill 4
A72: 3F4D+MD | B72: Hill 5
A73: 3F4D+MD | B73: Tillers per hill (mean of 2nd-4th largest) | D73: =IF(COUNT(D68:D72)=5,ROUND((LARGE(D68:D72,2)+LARGE(D68:D72,3)+LARGE(D68:D72,4))/3,1),"") | E73: =IF(COUNT(E68:E72)=5,ROUND((LARGE(E68:E72,2)+LARGE(E68:E72,3)+LARGE(E68:E72,4))/3,1),"") | F73: =IF(COUNT(F68:F72)=5,ROUND((LARGE(F68:F72,2)+LARGE(F68:F72,3)+LARGE(F68:F72,4))/3,1),"") | G73: =IF(COUNT(G68:G72)=5,ROUND((LARGE(G68:G72,2)+LARGE(G68:G72,3)+LARGE(G68:G72,4))/3,1),"") | H73: =IF(COUNT(H68:H72)=5,ROUND((LARGE(H68:H72,2)+LARGE(H68:H72,3)+LARGE(H68:H72,4))/3,1),"") | I73: =IF(COUNT(I68:I72)=5,ROUND((LARGE(I68:I72,2)+LARGE(I68:I72,3)+LARGE(I68:I72,4))/3,1),"") | J73: =IF(COUNT(J68:J72)=5,ROUND((LARGE(J68:J72,2)+LARGE(J68:J72,3)+LARGE(J68:J72,4))/3,1),"") | K73: =IF(COUNT(K68:K72)=5,ROUND((LARGE(K68:K72,2)+LARGE(K68:K72,3)+LARGE(K68:K72,4))/3,1),"") | ... FQ73: =IF(COUNT(FQ68:FQ72)=5,ROUND((LARGE(FQ68:FQ72,2)+LARGE(FQ68:FQ72,3)+LARGE(FQ68:FQ72,4))/3,1),"")
A74: Both | B74: Others / অন্যান্য
A75: Both | B75: Weather condition
A76: Both | B76: Pump and others
A77: Both | B77: Note (any comments)
A78: Both | B78: Check (weather) | D78: =IF(D1="","",IF(AND(ISNUMBER(D8),OR(D8<0,D8>300)),"rain out of range; ","")&IF(AND(ISNUMBER(D9),OR(D9<0,D9>45)),"temp out of range; ","")&IF(AND(ISNUMBER(D10),OR(D10<0,D10>100)),"RH out of range; ","")) | E78: =IF(E1="","",IF(AND(ISNUMBER(E8),OR(E8<0,E8>300)),"rain out of range; ","")&IF(AND(ISNUMBER(E9),OR(E9<0,E9>45)),"temp out of range; ","")&IF(AND(ISNUMBER(E10),OR(E10<0,E10>100)),"RH out of range; ","")) | F78: =IF(F1="","",IF(AND(ISNUMBER(F8),OR(F8<0,F8>300)),"rain out of range; ","")&IF(AND(ISNUMBER(F9),OR(F9<0,F9>45)),"temp out of range; ","")&IF(AND(ISNUMBER(F10),OR(F10<0,F10>100)),"RH out of range; ","")) | G78: =IF(G1="","",IF(AND(ISNUMBER(G8),OR(G8<0,G8>300)),"rain out of range; ","")&IF(AND(ISNUMBER(G9),OR(G9<0,G9>45)),"temp out of range; ","")&IF(AND(ISNUMBER(G10),OR(G10<0,G10>100)),"RH out of range; ","")) | H78: =IF(H1="","",IF(AND(ISNUMBER(H8),OR(H8<0,H8>300)),"rain out of range; ","")&IF(AND(ISNUMBER(H9),OR(H9<0,H9>45)),"temp out of range; ","")&IF(AND(ISNUMBER(H10),OR(H10<0,H10>100)),"RH out of range; ","")) | I78: =IF(I1="","",IF(AND(ISNUMBER(I8),OR(I8<0,I8>300)),"rain out of range; ","")&IF(AND(ISNUMBER(I9),OR(I9<0,I9>45)),"temp out of range; ","")&IF(AND(ISNUMBER(I10),OR(I10<0,I10>100)),"RH out of range; ","")) | J78: =IF(J1="","",IF(AND(ISNUMBER(J8),OR(J8<0,J8>300)),"rain out of range; ","")&IF(AND(ISNUMBER(J9),OR(J9<0,J9>45)),"temp out of range; ","")&IF(AND(ISNUMBER(J10),OR(J10<0,J10>100)),"RH out of range; ","")) | K78: =IF(K1="","",IF(AND(ISNUMBER(K8),OR(K8<0,K8>300)),"rain out of range; ","")&IF(AND(ISNUMBER(K9),OR(K9<0,K9>45)),"temp out of range; ","")&IF(AND(ISNUMBER(K10),OR(K10<0,K10>100)),"RH out of range; ","")) | ... FQ78: =IF(FQ1="","",IF(AND(ISNUMBER(FQ8),OR(FQ8<0,FQ8>300)),"rain out of range; ","")&IF(AND(ISNUMBER(FQ9),OR(FQ9<0,FQ9>45)),"temp out of range; ","")&IF(AND(ISNUMBER(FQ10),OR(FQ10<0,FQ10>100)),"RH out of range; ",""))
B80: (graph helper rows)
B81: MD period | D81: =IF(AND(D1<>"",ISNUMBER(MDS),ISNUMBER(MDE)),IF(AND(D1>=MDS,D1<=MDE),24,""),"") | E81: =IF(AND(E1<>"",ISNUMBER(MDS),ISNUMBER(MDE)),IF(AND(E1>=MDS,E1<=MDE),24,""),"") | F81: =IF(AND(F1<>"",ISNUMBER(MDS),ISNUMBER(MDE)),IF(AND(F1>=MDS,F1<=MDE),24,""),"") | G81: =IF(AND(G1<>"",ISNUMBER(MDS),ISNUMBER(MDE)),IF(AND(G1>=MDS,G1<=MDE),24,""),"") | H81: =IF(AND(H1<>"",ISNUMBER(MDS),ISNUMBER(MDE)),IF(AND(H1>=MDS,H1<=MDE),24,""),"") | I81: =IF(AND(I1<>"",ISNUMBER(MDS),ISNUMBER(MDE)),IF(AND(I1>=MDS,I1<=MDE),24,""),"") | J81: =IF(AND(J1<>"",ISNUMBER(MDS),ISNUMBER(MDE)),IF(AND(J1>=MDS,J1<=MDE),24,""),"") | K81: =IF(AND(K1<>"",ISNUMBER(MDS),ISNUMBER(MDE)),IF(AND(K1>=MDS,K1<=MDE),24,""),"") | ... FQ81: =IF(AND(FQ1<>"",ISNUMBER(MDS),ISNUMBER(MDE)),IF(AND(FQ1>=MDS,FQ1<=MDE),24,""),"")
B82: Pitan period | D82: =IF(AND(D1<>"",ISNUMBER(PitanS),ISNUMBER(PitanE)),IF(AND(D1>=PitanS,D1<=PitanE),26,""),"") | E82: =IF(AND(E1<>"",ISNUMBER(PitanS),ISNUMBER(PitanE)),IF(AND(E1>=PitanS,E1<=PitanE),26,""),"") | F82: =IF(AND(F1<>"",ISNUMBER(PitanS),ISNUMBER(PitanE)),IF(AND(F1>=PitanS,F1<=PitanE),26,""),"") | G82: =IF(AND(G1<>"",ISNUMBER(PitanS),ISNUMBER(PitanE)),IF(AND(G1>=PitanS,G1<=PitanE),26,""),"") | H82: =IF(AND(H1<>"",ISNUMBER(PitanS),ISNUMBER(PitanE)),IF(AND(H1>=PitanS,H1<=PitanE),26,""),"") | I82: =IF(AND(I1<>"",ISNUMBER(PitanS),ISNUMBER(PitanE)),IF(AND(I1>=PitanS,I1<=PitanE),26,""),"") | J82: =IF(AND(J1<>"",ISNUMBER(PitanS),ISNUMBER(PitanE)),IF(AND(J1>=PitanS,J1<=PitanE),26,""),"") | K82: =IF(AND(K1<>"",ISNUMBER(PitanS),ISNUMBER(PitanE)),IF(AND(K1>=PitanS,K1<=PitanE),26,""),"") | ... FQ82: =IF(AND(FQ1<>"",ISNUMBER(PitanS),ISNUMBER(PitanE)),IF(AND(FQ1>=PitanS,FQ1<=PitanE),26,""),"")
B83: 3F4D period | D83: =IF(AND(D1<>"",ISNUMBER(C1S),ISNUMBER(C3E)),IF(AND(D1>=C1S,D1<=C3E),22,""),"") | E83: =IF(AND(E1<>"",ISNUMBER(C1S),ISNUMBER(C3E)),IF(AND(E1>=C1S,E1<=C3E),22,""),"") | F83: =IF(AND(F1<>"",ISNUMBER(C1S),ISNUMBER(C3E)),IF(AND(F1>=C1S,F1<=C3E),22,""),"") | G83: =IF(AND(G1<>"",ISNUMBER(C1S),ISNUMBER(C3E)),IF(AND(G1>=C1S,G1<=C3E),22,""),"") | H83: =IF(AND(H1<>"",ISNUMBER(C1S),ISNUMBER(C3E)),IF(AND(H1>=C1S,H1<=C3E),22,""),"") | I83: =IF(AND(I1<>"",ISNUMBER(C1S),ISNUMBER(C3E)),IF(AND(I1>=C1S,I1<=C3E),22,""),"") | J83: =IF(AND(J1<>"",ISNUMBER(C1S),ISNUMBER(C3E)),IF(AND(J1>=C1S,J1<=C3E),22,""),"") | K83: =IF(AND(K1<>"",ISNUMBER(C1S),ISNUMBER(C3E)),IF(AND(K1>=C1S,K1<=C3E),22,""),"") | ... FQ83: =IF(AND(FQ1<>"",ISNUMBER(C1S),ISNUMBER(C3E)),IF(AND(FQ1>=C1S,FQ1<=C3E),22,""),"")

Sheet Schedule_Farmer
A1: Schedule / সময়সূচি (planned dates are calculated; enter the actual dates)
M2: =IF(ISNUMBER(SowDate),SowDate-3+0,"") | N2: =IF(ISNUMBER(SowDate),SowDate-3+1,"") | O2: =IF(ISNUMBER(SowDate),SowDate-3+2,"") | P2: =IF(ISNUMBER(SowDate),SowDate-3+3,"") | Q2: =IF(ISNUMBER(SowDate),SowDate-3+4,"") | R2: =IF(ISNUMBER(SowDate),SowDate-3+5,"") | S2: =IF(ISNUMBER(SowDate),SowDate-3+6,"") | T2: =IF(ISNUMBER(SowDate),SowDate-3+7,"") | U2: =IF(ISNUMBER(SowDate),SowDate-3+8,"") | V2: =IF(ISNUMBER(SowDate),SowDate-3+9,"") | W2: =IF(ISNUMBER(SowDate),SowDate-3+10,"") | X2: =IF(ISNUMBER(SowDate),SowDate-3+11,"") | Y2: =IF(ISNUMBER(SowDate),SowDate-3+12,"") | Z2: =IF(ISNUMBER(SowDate),SowDate-3+13,"") | AA2: =IF(ISNUMBER(SowDate),SowDate-3+14,"") | AB2: =IF(ISNUMBER(SowDate),SowDate-3+15,"") | AC2: =IF(ISNUMBER(SowDate),SowDate-3+16,"") | AD2: =IF(ISNUMBER(SowDate),SowDate-3+17,"") | AE2: =IF(ISNUMBER(SowDate),SowDate-3+18,"") | AF2: =IF(ISNUMBER(SowDate),SowDate-3+19,"") | AG2: =IF(ISNUMBER(SowDate),SowDate-3+20,"") | AH2: =IF(ISNUMBER(SowDate),SowDate-3+21,"") | AI2: =IF(ISNUMBER(SowDate),SowDate-3+22,"") | AJ2: =IF(ISNUMBER(SowDate),SowDate-3+23,"") | AK2: =IF(ISNUMBER(SowDate),SowDate-3+24,"") | AL2: =IF(ISNUMBER(SowDate),SowDate-3+25,"") | AM2: =IF(ISNUMBER(SowDate),SowDate-3+26,"") | AN2: =IF(ISNUMBER(SowDate),SowDate-3+27,"") | AO2: =IF(ISNUMBER(SowDate),SowDate-3+28,"") | AP2: =IF(ISNUMBER(SowDate),SowDate-3+29,"") | AQ2: =IF(ISNUMBER(SowDate),SowDate-3+30,"") | AR2: =IF(ISNUMBER(SowDate),SowDate-3+31,"") | AS2: =IF(ISNUMBER(SowDate),SowDate-3+32,"") | AT2: =IF(ISNUMBER(SowDate),SowDate-3+33,"") | AU2: =IF(ISNUMBER(SowDate),SowDate-3+34,"") | AV2: =IF(ISNUMBER(SowDate),SowDate-3+35,"") | AW2: =IF(ISNUMBER(SowDate),SowDate-3+36,"") | AX2: =IF(ISNUMBER(SowDate),SowDate-3+37,"") | AY2: =IF(ISNUMBER(SowDate),SowDate-3+38,"") | AZ2: =IF(ISNUMBER(SowDate),SowDate-3+39,"") | BA2: =IF(ISNUMBER(SowDate),SowDate-3+40,"") | BB2: =IF(ISNUMBER(SowDate),SowDate-3+41,"") | BC2: =IF(ISNUMBER(SowDate),SowDate-3+42,"") | BD2: =IF(ISNUMBER(SowDate),SowDate-3+43,"") | BE2: =IF(ISNUMBER(SowDate),SowDate-3+44,"") | BF2: =IF(ISNUMBER(SowDate),SowDate-3+45,"") | BG2: =IF(ISNUMBER(SowDate),SowDate-3+46,"") | BH2: =IF(ISNUMBER(SowDate),SowDate-3+47,"") | BI2: =IF(ISNUMBER(SowDate),SowDate-3+48,"") | BJ2: =IF(ISNUMBER(SowDate),SowDate-3+49,"") | BK2: =IF(ISNUMBER(SowDate),SowDate-3+50,"") | BL2: =IF(ISNUMBER(SowDate),SowDate-3+51,"") | BM2: =IF(ISNUMBER(SowDate),SowDate-3+52,"") | BN2: =IF(ISNUMBER(SowDate),SowDate-3+53,"") | BO2: =IF(ISNUMBER(SowDate),SowDate-3+54,"") | BP2: =IF(ISNUMBER(SowDate),SowDate-3+55,"") | BQ2: =IF(ISNUMBER(SowDate),SowDate-3+56,"") | BR2: =IF(ISNUMBER(SowDate),SowDate-3+57,"") | BS2: =IF(ISNUMBER(SowDate),SowDate-3+58,"") | BT2: =IF(ISNUMBER(SowDate),SowDate-3+59,"") | BU2: =IF(ISNUMBER(SowDate),SowDate-3+60,"") | BV2: =IF(ISNUMBER(SowDate),SowDate-3+61,"") | BW2: =IF(ISNUMBER(SowDate),SowDate-3+62,"") | BX2: =IF(ISNUMBER(SowDate),SowDate-3+63,"") | BY2: =IF(ISNUMBER(SowDate),SowDate-3+64,"") | BZ2: =IF(ISNUMBER(SowDate),SowDate-3+65,"") | CA2: =IF(ISNUMBER(SowDate),SowDate-3+66,"") | CB2: =IF(ISNUMBER(SowDate),SowDate-3+67,"") | CC2: =IF(ISNUMBER(SowDate),SowDate-3+68,"") | CD2: =IF(ISNUMBER(SowDate),SowDate-3+69,"") | CE2: =IF(ISNUMBER(SowDate),SowDate-3+70,"") | CF2: =IF(ISNUMBER(SowDate),SowDate-3+71,"") | CG2: =IF(ISNUMBER(SowDate),SowDate-3+72,"") | CH2: =IF(ISNUMBER(SowDate),SowDate-3+73,"") | CI2: =IF(ISNUMBER(SowDate),SowDate-3+74,"") | CJ2: =IF(ISNUMBER(SowDate),SowDate-3+75,"") | CK2: =IF(ISNUMBER(SowDate),SowDate-3+76,"") | CL2: =IF(ISNUMBER(SowDate),SowDate-3+77,"") | CM2: =IF(ISNUMBER(SowDate),SowDate-3+78,"") | CN2: =IF(ISNUMBER(SowDate),SowDate-3+79,"") | CO2: =IF(ISNUMBER(SowDate),SowDate-3+80,"") | CP2: =IF(ISNUMBER(SowDate),SowDate-3+81,"") | CQ2: =IF(ISNUMBER(SowDate),SowDate-3+82,"") | CR2: =IF(ISNUMBER(SowDate),SowDate-3+83,"") | CS2: =IF(ISNUMBER(SowDate),SowDate-3+84,"") | CT2: =IF(ISNUMBER(SowDate),SowDate-3+85,"") | CU2: =IF(ISNUMBER(SowDate),SowDate-3+86,"") | CV2: =IF(ISNUMBER(SowDate),SowDate-3+87,"") | CW2: =IF(ISNUMBER(SowDate),SowDate-3+88,"") | CX2: =IF(ISNUMBER(SowDate),SowDate-3+89,"") | CY2: =IF(ISNUMBER(SowDate),SowDate-3+90,"") | CZ2: =IF(ISNUMBER(SowDate),SowDate-3+91,"") | DA2: =IF(ISNUMBER(SowDate),SowDate-3+92,"") | DB2: =IF(ISNUMBER(SowDate),SowDate-3+93,"") | DC2: =IF(ISNUMBER(SowDate),SowDate-3+94,"") | DD2: =IF(ISNUMBER(SowDate),SowDate-3+95,"") | DE2: =IF(ISNUMBER(SowDate),SowDate-3+96,"") | DF2: =IF(ISNUMBER(SowDate),SowDate-3+97,"") | DG2: =IF(ISNUMBER(SowDate),SowDate-3+98,"") | DH2: =IF(ISNUMBER(SowDate),SowDate-3+99,"") | DI2: =IF(ISNUMBER(SowDate),SowDate-3+100,"") | DJ2: =IF(ISNUMBER(SowDate),SowDate-3+101,"") | DK2: =IF(ISNUMBER(SowDate),SowDate-3+102,"") | DL2: =IF(ISNUMBER(SowDate),SowDate-3+103,"") | DM2: =IF(ISNUMBER(SowDate),SowDate-3+104,"") | DN2: =IF(ISNUMBER(SowDate),SowDate-3+105,"") | DO2: =IF(ISNUMBER(SowDate),SowDate-3+106,"") | DP2: =IF(ISNUMBER(SowDate),SowDate-3+107,"") | DQ2: =IF(ISNUMBER(SowDate),SowDate-3+108,"") | DR2: =IF(ISNUMBER(SowDate),SowDate-3+109,"") | DS2: =IF(ISNUMBER(SowDate),SowDate-3+110,"") | DT2: =IF(ISNUMBER(SowDate),SowDate-3+111,"") | DU2: =IF(ISNUMBER(SowDate),SowDate-3+112,"") | DV2: =IF(ISNUMBER(SowDate),SowDate-3+113,"") | DW2: =IF(ISNUMBER(SowDate),SowDate-3+114,"") | DX2: =IF(ISNUMBER(SowDate),SowDate-3+115,"") | DY2: =IF(ISNUMBER(SowDate),SowDate-3+116,"") | DZ2: =IF(ISNUMBER(SowDate),SowDate-3+117,"") | EA2: =IF(ISNUMBER(SowDate),SowDate-3+118,"") | EB2: =IF(ISNUMBER(SowDate),SowDate-3+119,"") | EC2: =IF(ISNUMBER(SowDate),SowDate-3+120,"") | ED2: =IF(ISNUMBER(SowDate),SowDate-3+121,"") | EE2: =IF(ISNUMBER(SowDate),SowDate-3+122,"") | EF2: =IF(ISNUMBER(SowDate),SowDate-3+123,"") | EG2: =IF(ISNUMBER(SowDate),SowDate-3+124,"") | EH2: =IF(ISNUMBER(SowDate),SowDate-3+125,"") | EI2: =IF(ISNUMBER(SowDate),SowDate-3+126,"") | EJ2: =IF(ISNUMBER(SowDate),SowDate-3+127,"") | EK2: =IF(ISNUMBER(SowDate),SowDate-3+128,"") | EL2: =IF(ISNUMBER(SowDate),SowDate-3+129,"") | EM2: =IF(ISNUMBER(SowDate),SowDate-3+130,"") | EN2: =IF(ISNUMBER(SowDate),SowDate-3+131,"") | EO2: =IF(ISNUMBER(SowDate),SowDate-3+132,"") | EP2: =IF(ISNUMBER(SowDate),SowDate-3+133,"") | EQ2: =IF(ISNUMBER(SowDate),SowDate-3+134,"") | ER2: =IF(ISNUMBER(SowDate),SowDate-3+135,"") | ES2: =IF(ISNUMBER(SowDate),SowDate-3+136,"") | ET2: =IF(ISNUMBER(SowDate),SowDate-3+137,"") | EU2: =IF(ISNUMBER(SowDate),SowDate-3+138,"") | EV2: =IF(ISNUMBER(SowDate),SowDate-3+139,"") | EW2: =IF(ISNUMBER(SowDate),SowDate-3+140,"") | EX2: =IF(ISNUMBER(SowDate),SowDate-3+141,"") | EY2: =IF(ISNUMBER(SowDate),SowDate-3+142,"") | EZ2: =IF(ISNUMBER(SowDate),SowDate-3+143,"") | FA2: =IF(ISNUMBER(SowDate),SowDate-3+144,"") | FB2: =IF(ISNUMBER(SowDate),SowDate-3+145,"") | FC2: =IF(ISNUMBER(SowDate),SowDate-3+146,"") | FD2: =IF(ISNUMBER(SowDate),SowDate-3+147,"") | FE2: =IF(ISNUMBER(SowDate),SowDate-3+148,"") | FF2: =IF(ISNUMBER(SowDate),SowDate-3+149,"") | FG2: =IF(ISNUMBER(SowDate),SowDate-3+150,"") | FH2: =IF(ISNUMBER(SowDate),SowDate-3+151,"") | FI2: =IF(ISNUMBER(SowDate),SowDate-3+152,"") | FJ2: =IF(ISNUMBER(SowDate),SowDate-3+153,"") | FK2: =IF(ISNUMBER(SowDate),SowDate-3+154,"") | FL2: =IF(ISNUMBER(SowDate),SowDate-3+155,"") | FM2: =IF(ISNUMBER(SowDate),SowDate-3+156,"") | FN2: =IF(ISNUMBER(SowDate),SowDate-3+157,"") | FO2: =IF(ISNUMBER(SowDate),SowDate-3+158,"") | FP2: =IF(ISNUMBER(SowDate),SowDate-3+159,"") | FQ2: =IF(ISNUMBER(SowDate),SowDate-3+160,"") | FR2: =IF(ISNUMBER(SowDate),SowDate-3+161,"") | FS2: =IF(ISNUMBER(SowDate),SowDate-3+162,"") | FT2: =IF(ISNUMBER(SowDate),SowDate-3+163,"") | FU2: =IF(ISNUMBER(SowDate),SowDate-3+164,"") | FV2: =IF(ISNUMBER(SowDate),SowDate-3+165,"") | FW2: =IF(ISNUMBER(SowDate),SowDate-3+166,"") | FX2: =IF(ISNUMBER(SowDate),SowDate-3+167,"") | FY2: =IF(ISNUMBER(SowDate),SowDate-3+168,"") | FZ2: =IF(ISNUMBER(SowDate),SowDate-3+169,"") | GA2: =IF(ISNUMBER(SowDate),SowDate-3+170,"") | GB2: =IF(ISNUMBER(SowDate),SowDate-3+171,"") | GC2: =IF(ISNUMBER(SowDate),SowDate-3+172,"") | GD2: =IF(ISNUMBER(SowDate),SowDate-3+173,"") | GE2: =IF(ISNUMBER(SowDate),SowDate-3+174,"")
A3: Event | B3: ঘটনা | C3: Plot | D3: Planned start | E3: Planned end | F3: Actual start | G3: Actual end | H3: Status | I3: Delay (days) | J3: Used start | K3: Used end | L3: next | M3: =IF(M2="","",TEXT(M2,"mmm")) | N3: =IF(N2="","",TEXT(N2,"mmm")) | O3: =IF(O2="","",TEXT(O2,"mmm")) | P3: =IF(P2="","",TEXT(P2,"mmm")) | Q3: =IF(Q2="","",TEXT(Q2,"mmm")) | R3: =IF(R2="","",TEXT(R2,"mmm")) | S3: =IF(S2="","",TEXT(S2,"mmm")) | T3: =IF(T2="","",TEXT(T2,"mmm")) | ... GE3: =IF(GE2="","",TEXT(GE2,"mmm"))
A4: 3F4D+MD plot
A5: Seed wetting | B5: বীজ ভেজানো | C5: 3F4D+MD | E5: =IF(D5="","",D5) | H5: =IF(D5="","no plan",IF(F5<>"",IF(F5-D5>=2,"LATE","OK"),IF(TODAY()>D5+2,"OVERDUE","upcoming"))) | I5: =IF(AND(D5<>"",F5<>""),F5-D5,"") | J5: =IF(F5<>"",F5,D5) | K5: =IF(G5<>"",G5,IF(AND(F5<>"",E5=D5),F5,E5)) | L5: =IF(AND(D5<>"",F5="",D5>=TODAY()),D5+ROW()/1000,"") | M5: =IF(OR(M$2="",$D5=""),"",IF(AND(ISNUMBER($F5),M$2>=$F5,M$2<=IF(ISNUMBER($G5),$G5,$F5+$E5-$D5)),2,IF(AND(M$2>=$D5,M$2<=$E5),1,""))) | N5: =IF(OR(N$2="",$D5=""),"",IF(AND(ISNUMBER($F5),N$2>=$F5,N$2<=IF(ISNUMBER($G5),$G5,$F5+$E5-$D5)),2,IF(AND(N$2>=$D5,N$2<=$E5),1,""))) | O5: =IF(OR(O$2="",$D5=""),"",IF(AND(ISNUMBER($F5),O$2>=$F5,O$2<=IF(ISNUMBER($G5),$G5,$F5+$E5-$D5)),2,IF(AND(O$2>=$D5,O$2<=$E5),1,""))) | P5: =IF(OR(P$2="",$D5=""),"",IF(AND(ISNUMBER($F5),P$2>=$F5,P$2<=IF(ISNUMBER($G5),$G5,$F5+$E5-$D5)),2,IF(AND(P$2>=$D5,P$2<=$E5),1,""))) | Q5: =IF(OR(Q$2="",$D5=""),"",IF(AND(ISNUMBER($F5),Q$2>=$F5,Q$2<=IF(ISNUMBER($G5),$G5,$F5+$E5-$D5)),2,IF(AND(Q$2>=$D5,Q$2<=$E5),1,""))) | R5: =IF(OR(R$2="",$D5=""),"",IF(AND(ISNUMBER($F5),R$2>=$F5,R$2<=IF(ISNUMBER($G5),$G5,$F5+$E5-$D5)),2,IF(AND(R$2>=$D5,R$2<=$E5),1,""))) | S5: =IF(OR(S$2="",$D5=""),"",IF(AND(ISNUMBER($F5),S$2>=$F5,S$2<=IF(ISNUMBER($G5),$G5,$F5+$E5-$D5)),2,IF(AND(S$2>=$D5,S$2<=$E5),1,""))) | T5: =IF(OR(T$2="",$D5=""),"",IF(AND(ISNUMBER($F5),T$2>=$F5,T$2<=IF(ISNUMBER($G5),$G5,$F5+$E5-$D5)),2,IF(AND(T$2>=$D5,T$2<=$E5),1,""))) | ... GE5: =IF(OR(GE$2="",$D5=""),"",IF(AND(ISNUMBER($F5),GE$2>=$F5,GE$2<=IF(ISNUMBER($G5),$G5,$F5+$E5-$D5)),2,IF(AND(GE$2>=$D5,GE$2<=$E5),1,"")))
A6: Sowing | B6: বপন | C6: 3F4D+MD | D6: =IF(ISNUMBER(SowDate),SowDate,"") | E6: =IF(D6="","",D6) | H6: =IF(D6="","no plan",IF(F6<>"",IF(F6-D6>=2,"LATE","OK"),IF(TODAY()>D6+2,"OVERDUE","upcoming"))) | I6: =IF(AND(D6<>"",F6<>""),F6-D6,"") | J6: =IF(F6<>"",F6,D6) | K6: =IF(G6<>"",G6,IF(AND(F6<>"",E6=D6),F6,E6)) | L6: =IF(AND(D6<>"",F6="",D6>=TODAY()),D6+ROW()/1000,"") | M6: =IF(OR(M$2="",$D6=""),"",IF(AND(ISNUMBER($F6),M$2>=$F6,M$2<=IF(ISNUMBER($G6),$G6,$F6+$E6-$D6)),2,IF(AND(M$2>=$D6,M$2<=$E6),1,""))) | N6: =IF(OR(N$2="",$D6=""),"",IF(AND(ISNUMBER($F6),N$2>=$F6,N$2<=IF(ISNUMBER($G6),$G6,$F6+$E6-$D6)),2,IF(AND(N$2>=$D6,N$2<=$E6),1,""))) | O6: =IF(OR(O$2="",$D6=""),"",IF(AND(ISNUMBER($F6),O$2>=$F6,O$2<=IF(ISNUMBER($G6),$G6,$F6+$E6-$D6)),2,IF(AND(O$2>=$D6,O$2<=$E6),1,""))) | P6: =IF(OR(P$2="",$D6=""),"",IF(AND(ISNUMBER($F6),P$2>=$F6,P$2<=IF(ISNUMBER($G6),$G6,$F6+$E6-$D6)),2,IF(AND(P$2>=$D6,P$2<=$E6),1,""))) | Q6: =IF(OR(Q$2="",$D6=""),"",IF(AND(ISNUMBER($F6),Q$2>=$F6,Q$2<=IF(ISNUMBER($G6),$G6,$F6+$E6-$D6)),2,IF(AND(Q$2>=$D6,Q$2<=$E6),1,""))) | R6: =IF(OR(R$2="",$D6=""),"",IF(AND(ISNUMBER($F6),R$2>=$F6,R$2<=IF(ISNUMBER($G6),$G6,$F6+$E6-$D6)),2,IF(AND(R$2>=$D6,R$2<=$E6),1,""))) | S6: =IF(OR(S$2="",$D6=""),"",IF(AND(ISNUMBER($F6),S$2>=$F6,S$2<=IF(ISNUMBER($G6),$G6,$F6+$E6-$D6)),2,IF(AND(S$2>=$D6,S$2<=$E6),1,""))) | T6: =IF(OR(T$2="",$D6=""),"",IF(AND(ISNUMBER($F6),T$2>=$F6,T$2<=IF(ISNUMBER($G6),$G6,$F6+$E6-$D6)),2,IF(AND(T$2>=$D6,T$2<=$E6),1,""))) | ... GE6: =IF(OR(GE$2="",$D6=""),"",IF(AND(ISNUMBER($F6),GE$2>=$F6,GE$2<=IF(ISNUMBER($G6),$G6,$F6+$E6-$D6)),2,IF(AND(GE$2>=$D6,GE$2<=$E6),1,"")))
A7: Plowing | B7: চাষ | C7: 3F4D+MD | E7: =IF(D7="","",D7) | H7: =IF(D7="","no plan",IF(F7<>"",IF(F7-D7>=2,"LATE","OK"),IF(TODAY()>D7+2,"OVERDUE","upcoming"))) | I7: =IF(AND(D7<>"",F7<>""),F7-D7,"") | J7: =IF(F7<>"",F7,D7) | K7: =IF(G7<>"",G7,IF(AND(F7<>"",E7=D7),F7,E7)) | L7: =IF(AND(D7<>"",F7="",D7>=TODAY()),D7+ROW()/1000,"") | M7: =IF(OR(M$2="",$D7=""),"",IF(AND(ISNUMBER($F7),M$2>=$F7,M$2<=IF(ISNUMBER($G7),$G7,$F7+$E7-$D7)),2,IF(AND(M$2>=$D7,M$2<=$E7),1,""))) | N7: =IF(OR(N$2="",$D7=""),"",IF(AND(ISNUMBER($F7),N$2>=$F7,N$2<=IF(ISNUMBER($G7),$G7,$F7+$E7-$D7)),2,IF(AND(N$2>=$D7,N$2<=$E7),1,""))) | O7: =IF(OR(O$2="",$D7=""),"",IF(AND(ISNUMBER($F7),O$2>=$F7,O$2<=IF(ISNUMBER($G7),$G7,$F7+$E7-$D7)),2,IF(AND(O$2>=$D7,O$2<=$E7),1,""))) | P7: =IF(OR(P$2="",$D7=""),"",IF(AND(ISNUMBER($F7),P$2>=$F7,P$2<=IF(ISNUMBER($G7),$G7,$F7+$E7-$D7)),2,IF(AND(P$2>=$D7,P$2<=$E7),1,""))) | Q7: =IF(OR(Q$2="",$D7=""),"",IF(AND(ISNUMBER($F7),Q$2>=$F7,Q$2<=IF(ISNUMBER($G7),$G7,$F7+$E7-$D7)),2,IF(AND(Q$2>=$D7,Q$2<=$E7),1,""))) | R7: =IF(OR(R$2="",$D7=""),"",IF(AND(ISNUMBER($F7),R$2>=$F7,R$2<=IF(ISNUMBER($G7),$G7,$F7+$E7-$D7)),2,IF(AND(R$2>=$D7,R$2<=$E7),1,""))) | S7: =IF(OR(S$2="",$D7=""),"",IF(AND(ISNUMBER($F7),S$2>=$F7,S$2<=IF(ISNUMBER($G7),$G7,$F7+$E7-$D7)),2,IF(AND(S$2>=$D7,S$2<=$E7),1,""))) | T7: =IF(OR(T$2="",$D7=""),"",IF(AND(ISNUMBER($F7),T$2>=$F7,T$2<=IF(ISNUMBER($G7),$G7,$F7+$E7-$D7)),2,IF(AND(T$2>=$D7,T$2<=$E7),1,""))) | ... GE7: =IF(OR(GE$2="",$D7=""),"",IF(AND(ISNUMBER($F7),GE$2>=$F7,GE$2<=IF(ISNUMBER($G7),$G7,$F7+$E7-$D7)),2,IF(AND(GE$2>=$D7,GE$2<=$E7),1,"")))
A8: Puddling | B8: কাদা করা | C8: 3F4D+MD | E8: =IF(D8="","",D8) | H8: =IF(D8="","no plan",IF(F8<>"",IF(F8-D8>=2,"LATE","OK"),IF(TODAY()>D8+2,"OVERDUE","upcoming"))) | I8: =IF(AND(D8<>"",F8<>""),F8-D8,"") | J8: =IF(F8<>"",F8,D8) | K8: =IF(G8<>"",G8,IF(AND(F8<>"",E8=D8),F8,E8)) | L8: =IF(AND(D8<>"",F8="",D8>=TODAY()),D8+ROW()/1000,"") | M8: =IF(OR(M$2="",$D8=""),"",IF(AND(ISNUMBER($F8),M$2>=$F8,M$2<=IF(ISNUMBER($G8),$G8,$F8+$E8-$D8)),2,IF(AND(M$2>=$D8,M$2<=$E8),1,""))) | N8: =IF(OR(N$2="",$D8=""),"",IF(AND(ISNUMBER($F8),N$2>=$F8,N$2<=IF(ISNUMBER($G8),$G8,$F8+$E8-$D8)),2,IF(AND(N$2>=$D8,N$2<=$E8),1,""))) | O8: =IF(OR(O$2="",$D8=""),"",IF(AND(ISNUMBER($F8),O$2>=$F8,O$2<=IF(ISNUMBER($G8),$G8,$F8+$E8-$D8)),2,IF(AND(O$2>=$D8,O$2<=$E8),1,""))) | P8: =IF(OR(P$2="",$D8=""),"",IF(AND(ISNUMBER($F8),P$2>=$F8,P$2<=IF(ISNUMBER($G8),$G8,$F8+$E8-$D8)),2,IF(AND(P$2>=$D8,P$2<=$E8),1,""))) | Q8: =IF(OR(Q$2="",$D8=""),"",IF(AND(ISNUMBER($F8),Q$2>=$F8,Q$2<=IF(ISNUMBER($G8),$G8,$F8+$E8-$D8)),2,IF(AND(Q$2>=$D8,Q$2<=$E8),1,""))) | R8: =IF(OR(R$2="",$D8=""),"",IF(AND(ISNUMBER($F8),R$2>=$F8,R$2<=IF(ISNUMBER($G8),$G8,$F8+$E8-$D8)),2,IF(AND(R$2>=$D8,R$2<=$E8),1,""))) | S8: =IF(OR(S$2="",$D8=""),"",IF(AND(ISNUMBER($F8),S$2>=$F8,S$2<=IF(ISNUMBER($G8),$G8,$F8+$E8-$D8)),2,IF(AND(S$2>=$D8,S$2<=$E8),1,""))) | T8: =IF(OR(T$2="",$D8=""),"",IF(AND(ISNUMBER($F8),T$2>=$F8,T$2<=IF(ISNUMBER($G8),$G8,$F8+$E8-$D8)),2,IF(AND(T$2>=$D8,T$2<=$E8),1,""))) | ... GE8: =IF(OR(GE$2="",$D8=""),"",IF(AND(ISNUMBER($F8),GE$2>=$F8,GE$2<=IF(ISNUMBER($G8),$G8,$F8+$E8-$D8)),2,IF(AND(GE$2>=$D8,GE$2<=$E8),1,"")))
A9: Transplanting | B9: রোপণ | C9: 3F4D+MD | D9: =IF(ISNUMBER(TransDate),TransDate,"") | E9: =IF(D9="","",D9) | H9: =IF(D9="","no plan",IF(F9<>"",IF(F9-D9>=2,"LATE","OK"),IF(TODAY()>D9+2,"OVERDUE","upcoming"))) | I9: =IF(AND(D9<>"",F9<>""),F9-D9,"") | J9: =IF(F9<>"",F9,D9) | K9: =IF(G9<>"",G9,IF(AND(F9<>"",E9=D9),F9,E9)) | L9: =IF(AND(D9<>"",F9="",D9>=TODAY()),D9+ROW()/1000,"") | M9: =IF(OR(M$2="",$D9=""),"",IF(AND(ISNUMBER($F9),M$2>=$F9,M$2<=IF(ISNUMBER($G9),$G9,$F9+$E9-$D9)),2,IF(AND(M$2>=$D9,M$2<=$E9),1,""))) | N9: =IF(OR(N$2="",$D9=""),"",IF(AND(ISNUMBER($F9),N$2>=$F9,N$2<=IF(ISNUMBER($G9),$G9,$F9+$E9-$D9)),2,IF(AND(N$2>=$D9,N$2<=$E9),1,""))) | O9: =IF(OR(O$2="",$D9=""),"",IF(AND(ISNUMBER($F9),O$2>=$F9,O$2<=IF(ISNUMBER($G9),$G9,$F9+$E9-$D9)),2,IF(AND(O$2>=$D9,O$2<=$E9),1,""))) | P9: =IF(OR(P$2="",$D9=""),"",IF(AND(ISNUMBER($F9),P$2>=$F9,P$2<=IF(ISNUMBER($G9),$G9,$F9+$E9-$D9)),2,IF(AND(P$2>=$D9,P$2<=$E9),1,""))) | Q9: =IF(OR(Q$2="",$D9=""),"",IF(AND(ISNUMBER($F9),Q$2>=$F9,Q$2<=IF(ISNUMBER($G9),$G9,$F9+$E9-$D9)),2,IF(AND(Q$2>=$D9,Q$2<=$E9),1,""))) | R9: =IF(OR(R$2="",$D9=""),"",IF(AND(ISNUMBER($F9),R$2>=$F9,R$2<=IF(ISNUMBER($G9),$G9,$F9+$E9-$D9)),2,IF(AND(R$2>=$D9,R$2<=$E9),1,""))) | S9: =IF(OR(S$2="",$D9=""),"",IF(AND(ISNUMBER($F9),S$2>=$F9,S$2<=IF(ISNUMBER($G9),$G9,$F9+$E9-$D9)),2,IF(AND(S$2>=$D9,S$2<=$E9),1,""))) | T9: =IF(OR(T$2="",$D9=""),"",IF(AND(ISNUMBER($F9),T$2>=$F9,T$2<=IF(ISNUMBER($G9),$G9,$F9+$E9-$D9)),2,IF(AND(T$2>=$D9,T$2<=$E9),1,""))) | ... GE9: =IF(OR(GE$2="",$D9=""),"",IF(AND(ISNUMBER($F9),GE$2>=$F9,GE$2<=IF(ISNUMBER($G9),$G9,$F9+$E9-$D9)),2,IF(AND(GE$2>=$D9,GE$2<=$E9),1,"")))
A10: Last irrigation for Pitan | B10: পিটানের আগে শেষ সেচ | C10: 3F4D+MD | D10: =IF(Day_0="","",Day_0+cfg_0+cfg_1-cfg_12) | E10: =IF(D10="","",D10) | H10: =IF(D10="","no plan",IF(F10<>"",IF(F10-D10>=2,"LATE","OK"),IF(TODAY()>D10+2,"OVERDUE","upcoming"))) | I10: =IF(AND(D10<>"",F10<>""),F10-D10,"") | J10: =IF(F10<>"",F10,D10) | K10: =IF(G10<>"",G10,IF(AND(F10<>"",E10=D10),F10,E10)) | L10: =IF(AND(D10<>"",F10="",D10>=TODAY()),D10+ROW()/1000,"") | M10: =IF(OR(M$2="",$D10=""),"",IF(AND(ISNUMBER($F10),M$2>=$F10,M$2<=IF(ISNUMBER($G10),$G10,$F10+$E10-$D10)),2,IF(AND(M$2>=$D10,M$2<=$E10),1,""))) | N10: =IF(OR(N$2="",$D10=""),"",IF(AND(ISNUMBER($F10),N$2>=$F10,N$2<=IF(ISNUMBER($G10),$G10,$F10+$E10-$D10)),2,IF(AND(N$2>=$D10,N$2<=$E10),1,""))) | O10: =IF(OR(O$2="",$D10=""),"",IF(AND(ISNUMBER($F10),O$2>=$F10,O$2<=IF(ISNUMBER($G10),$G10,$F10+$E10-$D10)),2,IF(AND(O$2>=$D10,O$2<=$E10),1,""))) | P10: =IF(OR(P$2="",$D10=""),"",IF(AND(ISNUMBER($F10),P$2>=$F10,P$2<=IF(ISNUMBER($G10),$G10,$F10+$E10-$D10)),2,IF(AND(P$2>=$D10,P$2<=$E10),1,""))) | Q10: =IF(OR(Q$2="",$D10=""),"",IF(AND(ISNUMBER($F10),Q$2>=$F10,Q$2<=IF(ISNUMBER($G10),$G10,$F10+$E10-$D10)),2,IF(AND(Q$2>=$D10,Q$2<=$E10),1,""))) | R10: =IF(OR(R$2="",$D10=""),"",IF(AND(ISNUMBER($F10),R$2>=$F10,R$2<=IF(ISNUMBER($G10),$G10,$F10+$E10-$D10)),2,IF(AND(R$2>=$D10,R$2<=$E10),1,""))) | S10: =IF(OR(S$2="",$D10=""),"",IF(AND(ISNUMBER($F10),S$2>=$F10,S$2<=IF(ISNUMBER($G10),$G10,$F10+$E10-$D10)),2,IF(AND(S$2>=$D10,S$2<=$E10),1,""))) | T10: =IF(OR(T$2="",$D10=""),"",IF(AND(ISNUMBER($F10),T$2>=$F10,T$2<=IF(ISNUMBER($G10),$G10,$F10+$E10-$D10)),2,IF(AND(T$2>=$D10,T$2<=$E10),1,""))) | ... GE10: =IF(OR(GE$2="",$D10=""),"",IF(AND(ISNUMBER($F10),GE$2>=$F10,GE$2<=IF(ISNUMBER($G10),$G10,$F10+$E10-$D10)),2,IF(AND(GE$2>=$D10,GE$2<=$E10),1,"")))
A11: Pitan (conventional mid-season drainage) | B11: পিটান | C11: 3F4D+MD | D11: =IF(Day_0="","",Day_0+cfg_0+cfg_1) | E11: =IF(Day_0="","",Day_0+cfg_0+cfg_1+cfg_2) | H11: =IF(D11="","no plan",IF(F11<>"",IF(F11-D11>=2,"LATE","OK"),IF(TODAY()>D11+2,"OVERDUE","upcoming"))) | I11: =IF(AND(D11<>"",F11<>""),F11-D11,"") | J11: =IF(F11<>"",F11,D11) | K11: =IF(G11<>"",G11,IF(AND(F11<>"",E11=D11),F11,E11)) | L11: =IF(AND(D11<>"",F11="",D11>=TODAY()),D11+ROW()/1000,"") | M11: =IF(OR(M$2="",$D11=""),"",IF(AND(ISNUMBER($F11),M$2>=$F11,M$2<=IF(ISNUMBER($G11),$G11,$F11+$E11-$D11)),2,IF(AND(M$2>=$D11,M$2<=$E11),1,""))) | N11: =IF(OR(N$2="",$D11=""),"",IF(AND(ISNUMBER($F11),N$2>=$F11,N$2<=IF(ISNUMBER($G11),$G11,$F11+$E11-$D11)),2,IF(AND(N$2>=$D11,N$2<=$E11),1,""))) | O11: =IF(OR(O$2="",$D11=""),"",IF(AND(ISNUMBER($F11),O$2>=$F11,O$2<=IF(ISNUMBER($G11),$G11,$F11+$E11-$D11)),2,IF(AND(O$2>=$D11,O$2<=$E11),1,""))) | P11: =IF(OR(P$2="",$D11=""),"",IF(AND(ISNUMBER($F11),P$2>=$F11,P$2<=IF(ISNUMBER($G11),$G11,$F11+$E11-$D11)),2,IF(AND(P$2>=$D11,P$2<=$E11),1,""))) | Q11: =IF(OR(Q$2="",$D11=""),"",IF(AND(ISNUMBER($F11),Q$2>=$F11,Q$2<=IF(ISNUMBER($G11),$G11,$F11+$E11-$D11)),2,IF(AND(Q$2>=$D11,Q$2<=$E11),1,""))) | R11: =IF(OR(R$2="",$D11=""),"",IF(AND(ISNUMBER($F11),R$2>=$F11,R$2<=IF(ISNUMBER($G11),$G11,$F11+$E11-$D11)),2,IF(AND(R$2>=$D11,R$2<=$E11),1,""))) | S11: =IF(OR(S$2="",$D11=""),"",IF(AND(ISNUMBER($F11),S$2>=$F11,S$2<=IF(ISNUMBER($G11),$G11,$F11+$E11-$D11)),2,IF(AND(S$2>=$D11,S$2<=$E11),1,""))) | T11: =IF(OR(T$2="",$D11=""),"",IF(AND(ISNUMBER($F11),T$2>=$F11,T$2<=IF(ISNUMBER($G11),$G11,$F11+$E11-$D11)),2,IF(AND(T$2>=$D11,T$2<=$E11),1,""))) | ... GE11: =IF(OR(GE$2="",$D11=""),"",IF(AND(ISNUMBER($F11),GE$2>=$F11,GE$2<=IF(ISNUMBER($G11),$G11,$F11+$E11-$D11)),2,IF(AND(GE$2>=$D11,GE$2<=$E11),1,"")))
A12: Last irrigation for starting MD | B12: এমডির আগে শেষ সেচ | C12: 3F4D+MD | D12: =IF(Day_0="","",Day_0+cfg_3-cfg_12) | E12: =IF(D12="","",D12) | H12: =IF(D12="","no plan",IF(F12<>"",IF(F12-D12>=2,"LATE","OK"),IF(TODAY()>D12+2,"OVERDUE","upcoming"))) | I12: =IF(AND(D12<>"",F12<>""),F12-D12,"") | J12: =IF(F12<>"",F12,D12) | K12: =IF(G12<>"",G12,IF(AND(F12<>"",E12=D12),F12,E12)) | L12: =IF(AND(D12<>"",F12="",D12>=TODAY()),D12+ROW()/1000,"") | M12: =IF(OR(M$2="",$D12=""),"",IF(AND(ISNUMBER($F12),M$2>=$F12,M$2<=IF(ISNUMBER($G12),$G12,$F12+$E12-$D12)),2,IF(AND(M$2>=$D12,M$2<=$E12),1,""))) | N12: =IF(OR(N$2="",$D12=""),"",IF(AND(ISNUMBER($F12),N$2>=$F12,N$2<=IF(ISNUMBER($G12),$G12,$F12+$E12-$D12)),2,IF(AND(N$2>=$D12,N$2<=$E12),1,""))) | O12: =IF(OR(O$2="",$D12=""),"",IF(AND(ISNUMBER($F12),O$2>=$F12,O$2<=IF(ISNUMBER($G12),$G12,$F12+$E12-$D12)),2,IF(AND(O$2>=$D12,O$2<=$E12),1,""))) | P12: =IF(OR(P$2="",$D12=""),"",IF(AND(ISNUMBER($F12),P$2>=$F12,P$2<=IF(ISNUMBER($G12),$G12,$F12+$E12-$D12)),2,IF(AND(P$2>=$D12,P$2<=$E12),1,""))) | Q12: =IF(OR(Q$2="",$D12=""),"",IF(AND(ISNUMBER($F12),Q$2>=$F12,Q$2<=IF(ISNUMBER($G12),$G12,$F12+$E12-$D12)),2,IF(AND(Q$2>=$D12,Q$2<=$E12),1,""))) | R12: =IF(OR(R$2="",$D12=""),"",IF(AND(ISNUMBER($F12),R$2>=$F12,R$2<=IF(ISNUMBER($G12),$G12,$F12+$E12-$D12)),2,IF(AND(R$2>=$D12,R$2<=$E12),1,""))) | S12: =IF(OR(S$2="",$D12=""),"",IF(AND(ISNUMBER($F12),S$2>=$F12,S$2<=IF(ISNUMBER($G12),$G12,$F12+$E12-$D12)),2,IF(AND(S$2>=$D12,S$2<=$E12),1,""))) | T12: =IF(OR(T$2="",$D12=""),"",IF(AND(ISNUMBER($F12),T$2>=$F12,T$2<=IF(ISNUMBER($G12),$G12,$F12+$E12-$D12)),2,IF(AND(T$2>=$D12,T$2<=$E12),1,""))) | ... GE12: =IF(OR(GE$2="",$D12=""),"",IF(AND(ISNUMBER($F12),GE$2>=$F12,GE$2<=IF(ISNUMBER($G12),$G12,$F12+$E12-$D12)),2,IF(AND(GE$2>=$D12,GE$2<=$E12),1,"")))
A13: Mid-season drainage (MD; start = surface water disappears) | B13: এমডি | C13: 3F4D+MD | D13: =IF(Day_0="","",Day_0+cfg_3) | E13: =IF(Day_0="","",Day_0+cfg_3+cfg_4) | H13: =IF(D13="","no plan",IF(F13<>"",IF(F13-D13>=2,"LATE","OK"),IF(TODAY()>D13+2,"OVERDUE","upcoming"))) | I13: =IF(AND(D13<>"",F13<>""),F13-D13,"") | J13: =IF(F13<>"",F13,D13) | K13: =IF(G13<>"",G13,IF(AND(F13<>"",E13=D13),F13,E13)) | L13: =IF(AND(D13<>"",F13="",D13>=TODAY()),D13+ROW()/1000,"") | M13: =IF(OR(M$2="",$D13=""),"",IF(AND(ISNUMBER($F13),M$2>=$F13,M$2<=IF(ISNUMBER($G13),$G13,$F13+$E13-$D13)),2,IF(AND(M$2>=$D13,M$2<=$E13),1,""))) | N13: =IF(OR(N$2="",$D13=""),"",IF(AND(ISNUMBER($F13),N$2>=$F13,N$2<=IF(ISNUMBER($G13),$G13,$F13+$E13-$D13)),2,IF(AND(N$2>=$D13,N$2<=$E13),1,""))) | O13: =IF(OR(O$2="",$D13=""),"",IF(AND(ISNUMBER($F13),O$2>=$F13,O$2<=IF(ISNUMBER($G13),$G13,$F13+$E13-$D13)),2,IF(AND(O$2>=$D13,O$2<=$E13),1,""))) | P13: =IF(OR(P$2="",$D13=""),"",IF(AND(ISNUMBER($F13),P$2>=$F13,P$2<=IF(ISNUMBER($G13),$G13,$F13+$E13-$D13)),2,IF(AND(P$2>=$D13,P$2<=$E13),1,""))) | Q13: =IF(OR(Q$2="",$D13=""),"",IF(AND(ISNUMBER($F13),Q$2>=$F13,Q$2<=IF(ISNUMBER($G13),$G13,$F13+$E13-$D13)),2,IF(AND(Q$2>=$D13,Q$2<=$E13),1,""))) | R13: =IF(OR(R$2="",$D13=""),"",IF(AND(ISNUMBER($F13),R$2>=$F13,R$2<=IF(ISNUMBER($G13),$G13,$F13+$E13-$D13)),2,IF(AND(R$2>=$D13,R$2<=$E13),1,""))) | S13: =IF(OR(S$2="",$D13=""),"",IF(AND(ISNUMBER($F13),S$2>=$F13,S$2<=IF(ISNUMBER($G13),$G13,$F13+$E13-$D13)),2,IF(AND(S$2>=$D13,S$2<=$E13),1,""))) | T13: =IF(OR(T$2="",$D13=""),"",IF(AND(ISNUMBER($F13),T$2>=$F13,T$2<=IF(ISNUMBER($G13),$G13,$F13+$E13-$D13)),2,IF(AND(T$2>=$D13,T$2<=$E13),1,""))) | ... GE13: =IF(OR(GE$2="",$D13=""),"",IF(AND(ISNUMBER($F13),GE$2>=$F13,GE$2<=IF(ISNUMBER($G13),$G13,$F13+$E13-$D13)),2,IF(AND(GE$2>=$D13,GE$2<=$E13),1,"")))
A14: Panicle checking (PI check) | B14: পিআই পরীক্ষা | C14: 3F4D+MD | D14: =IF(Day_0="","",Day_0+cfg_3+cfg_5) | E14: =IF(D14="","",D14) | H14: =IF(D14="","no plan",IF(F14<>"",IF(F14-D14>=2,"LATE","OK"),IF(TODAY()>D14+2,"OVERDUE","upcoming"))) | I14: =IF(AND(D14<>"",F14<>""),F14-D14,"") | J14: =IF(F14<>"",F14,D14) | K14: =IF(G14<>"",G14,IF(AND(F14<>"",E14=D14),F14,E14)) | L14: =IF(AND(D14<>"",F14="",D14>=TODAY()),D14+ROW()/1000,"") | M14: =IF(OR(M$2="",$D14=""),"",IF(AND(ISNUMBER($F14),M$2>=$F14,M$2<=IF(ISNUMBER($G14),$G14,$F14+$E14-$D14)),2,IF(AND(M$2>=$D14,M$2<=$E14),1,""))) | N14: =IF(OR(N$2="",$D14=""),"",IF(AND(ISNUMBER($F14),N$2>=$F14,N$2<=IF(ISNUMBER($G14),$G14,$F14+$E14-$D14)),2,IF(AND(N$2>=$D14,N$2<=$E14),1,""))) | O14: =IF(OR(O$2="",$D14=""),"",IF(AND(ISNUMBER($F14),O$2>=$F14,O$2<=IF(ISNUMBER($G14),$G14,$F14+$E14-$D14)),2,IF(AND(O$2>=$D14,O$2<=$E14),1,""))) | P14: =IF(OR(P$2="",$D14=""),"",IF(AND(ISNUMBER($F14),P$2>=$F14,P$2<=IF(ISNUMBER($G14),$G14,$F14+$E14-$D14)),2,IF(AND(P$2>=$D14,P$2<=$E14),1,""))) | Q14: =IF(OR(Q$2="",$D14=""),"",IF(AND(ISNUMBER($F14),Q$2>=$F14,Q$2<=IF(ISNUMBER($G14),$G14,$F14+$E14-$D14)),2,IF(AND(Q$2>=$D14,Q$2<=$E14),1,""))) | R14: =IF(OR(R$2="",$D14=""),"",IF(AND(ISNUMBER($F14),R$2>=$F14,R$2<=IF(ISNUMBER($G14),$G14,$F14+$E14-$D14)),2,IF(AND(R$2>=$D14,R$2<=$E14),1,""))) | S14: =IF(OR(S$2="",$D14=""),"",IF(AND(ISNUMBER($F14),S$2>=$F14,S$2<=IF(ISNUMBER($G14),$G14,$F14+$E14-$D14)),2,IF(AND(S$2>=$D14,S$2<=$E14),1,""))) | T14: =IF(OR(T$2="",$D14=""),"",IF(AND(ISNUMBER($F14),T$2>=$F14,T$2<=IF(ISNUMBER($G14),$G14,$F14+$E14-$D14)),2,IF(AND(T$2>=$D14,T$2<=$E14),1,""))) | ... GE14: =IF(OR(GE$2="",$D14=""),"",IF(AND(ISNUMBER($F14),GE$2>=$F14,GE$2<=IF(ISNUMBER($G14),$G14,$F14+$E14-$D14)),2,IF(AND(GE$2>=$D14,GE$2<=$E14),1,"")))
A15: Flooding (panicle initiation) | B15: প্লাবন | C15: 3F4D+MD | D15: =IF(Day_0="","",Day_0+cfg_6-cfg_7) | E15: =IF(Day_0="","",Day_0+cfg_6-cfg_8) | H15: =IF(D15="","no plan",IF(F15<>"",IF(F15-D15>=2,"LATE","OK"),IF(TODAY()>D15+2,"OVERDUE","upcoming"))) | I15: =IF(AND(D15<>"",F15<>""),F15-D15,"") | J15: =IF(F15<>"",F15,D15) | K15: =IF(G15<>"",G15,IF(AND(F15<>"",E15=D15),F15,E15)) | L15: =IF(AND(D15<>"",F15="",D15>=TODAY()),D15+ROW()/1000,"") | M15: =IF(OR(M$2="",$D15=""),"",IF(AND(ISNUMBER($F15),M$2>=$F15,M$2<=IF(ISNUMBER($G15),$G15,$F15+$E15-$D15)),2,IF(AND(M$2>=$D15,M$2<=$E15),1,""))) | N15: =IF(OR(N$2="",$D15=""),"",IF(AND(ISNUMBER($F15),N$2>=$F15,N$2<=IF(ISNUMBER($G15),$G15,$F15+$E15-$D15)),2,IF(AND(N$2>=$D15,N$2<=$E15),1,""))) | O15: =IF(OR(O$2="",$D15=""),"",IF(AND(ISNUMBER($F15),O$2>=$F15,O$2<=IF(ISNUMBER($G15),$G15,$F15+$E15-$D15)),2,IF(AND(O$2>=$D15,O$2<=$E15),1,""))) | P15: =IF(OR(P$2="",$D15=""),"",IF(AND(ISNUMBER($F15),P$2>=$F15,P$2<=IF(ISNUMBER($G15),$G15,$F15+$E15-$D15)),2,IF(AND(P$2>=$D15,P$2<=$E15),1,""))) | Q15: =IF(OR(Q$2="",$D15=""),"",IF(AND(ISNUMBER($F15),Q$2>=$F15,Q$2<=IF(ISNUMBER($G15),$G15,$F15+$E15-$D15)),2,IF(AND(Q$2>=$D15,Q$2<=$E15),1,""))) | R15: =IF(OR(R$2="",$D15=""),"",IF(AND(ISNUMBER($F15),R$2>=$F15,R$2<=IF(ISNUMBER($G15),$G15,$F15+$E15-$D15)),2,IF(AND(R$2>=$D15,R$2<=$E15),1,""))) | S15: =IF(OR(S$2="",$D15=""),"",IF(AND(ISNUMBER($F15),S$2>=$F15,S$2<=IF(ISNUMBER($G15),$G15,$F15+$E15-$D15)),2,IF(AND(S$2>=$D15,S$2<=$E15),1,""))) | T15: =IF(OR(T$2="",$D15=""),"",IF(AND(ISNUMBER($F15),T$2>=$F15,T$2<=IF(ISNUMBER($G15),$G15,$F15+$E15-$D15)),2,IF(AND(T$2>=$D15,T$2<=$E15),1,""))) | ... GE15: =IF(OR(GE$2="",$D15=""),"",IF(AND(ISNUMBER($F15),GE$2>=$F15,GE$2<=IF(ISNUMBER($G15),$G15,$F15+$E15-$D15)),2,IF(AND(GE$2>=$D15,GE$2<=$E15),1,"")))
A16: 3F4D-1 | B16: ৩এফ৪ডি-1 | C16: 3F4D+MD | D16: =IF(Day_0="","",Day_0+cfg_6-cfg_8+cfg_13*0) | E16: =IF(Day_0="","",Day_0+cfg_6-cfg_8+cfg_13*1) | H16: =IF(D16="","no plan",IF(F16<>"",IF(F16-D16>=2,"LATE","OK"),IF(TODAY()>D16+2,"OVERDUE","upcoming"))) | I16: =IF(AND(D16<>"",F16<>""),F16-D16,"") | J16: =IF(F16<>"",F16,D16) | K16: =IF(G16<>"",G16,IF(AND(F16<>"",E16=D16),F16,E16)) | L16: =IF(AND(D16<>"",F16="",D16>=TODAY()),D16+ROW()/1000,"") | M16: =IF(OR(M$2="",$D16=""),"",IF(AND(ISNUMBER($F16),M$2>=$F16,M$2<=IF(ISNUMBER($G16),$G16,$F16+$E16-$D16)),2,IF(AND(M$2>=$D16,M$2<=$E16),1,""))) | N16: =IF(OR(N$2="",$D16=""),"",IF(AND(ISNUMBER($F16),N$2>=$F16,N$2<=IF(ISNUMBER($G16),$G16,$F16+$E16-$D16)),2,IF(AND(N$2>=$D16,N$2<=$E16),1,""))) | O16: =IF(OR(O$2="",$D16=""),"",IF(AND(ISNUMBER($F16),O$2>=$F16,O$2<=IF(ISNUMBER($G16),$G16,$F16+$E16-$D16)),2,IF(AND(O$2>=$D16,O$2<=$E16),1,""))) | P16: =IF(OR(P$2="",$D16=""),"",IF(AND(ISNUMBER($F16),P$2>=$F16,P$2<=IF(ISNUMBER($G16),$G16,$F16+$E16-$D16)),2,IF(AND(P$2>=$D16,P$2<=$E16),1,""))) | Q16: =IF(OR(Q$2="",$D16=""),"",IF(AND(ISNUMBER($F16),Q$2>=$F16,Q$2<=IF(ISNUMBER($G16),$G16,$F16+$E16-$D16)),2,IF(AND(Q$2>=$D16,Q$2<=$E16),1,""))) | R16: =IF(OR(R$2="",$D16=""),"",IF(AND(ISNUMBER($F16),R$2>=$F16,R$2<=IF(ISNUMBER($G16),$G16,$F16+$E16-$D16)),2,IF(AND(R$2>=$D16,R$2<=$E16),1,""))) | S16: =IF(OR(S$2="",$D16=""),"",IF(AND(ISNUMBER($F16),S$2>=$F16,S$2<=IF(ISNUMBER($G16),$G16,$F16+$E16-$D16)),2,IF(AND(S$2>=$D16,S$2<=$E16),1,""))) | T16: =IF(OR(T$2="",$D16=""),"",IF(AND(ISNUMBER($F16),T$2>=$F16,T$2<=IF(ISNUMBER($G16),$G16,$F16+$E16-$D16)),2,IF(AND(T$2>=$D16,T$2<=$E16),1,""))) | ... GE16: =IF(OR(GE$2="",$D16=""),"",IF(AND(ISNUMBER($F16),GE$2>=$F16,GE$2<=IF(ISNUMBER($G16),$G16,$F16+$E16-$D16)),2,IF(AND(GE$2>=$D16,GE$2<=$E16),1,"")))
A17: 3F4D-2 | B17: ৩এফ৪ডি-2 | C17: 3F4D+MD | D17: =IF(Day_0="","",Day_0+cfg_6-cfg_8+cfg_13*1) | E17: =IF(Day_0="","",Day_0+cfg_6-cfg_8+cfg_13*2) | H17: =IF(D17="","no plan",IF(F17<>"",IF(F17-D17>=2,"LATE","OK"),IF(TODAY()>D17+2,"OVERDUE","upcoming"))) | I17: =IF(AND(D17<>"",F17<>""),F17-D17,"") | J17: =IF(F17<>"",F17,D17) | K17: =IF(G17<>"",G17,IF(AND(F17<>"",E17=D17),F17,E17)) | L17: =IF(AND(D17<>"",F17="",D17>=TODAY()),D17+ROW()/1000,"") | M17: =IF(OR(M$2="",$D17=""),"",IF(AND(ISNUMBER($F17),M$2>=$F17,M$2<=IF(ISNUMBER($G17),$G17,$F17+$E17-$D17)),2,IF(AND(M$2>=$D17,M$2<=$E17),1,""))) | N17: =IF(OR(N$2="",$D17=""),"",IF(AND(ISNUMBER($F17),N$2>=$F17,N$2<=IF(ISNUMBER($G17),$G17,$F17+$E17-$D17)),2,IF(AND(N$2>=$D17,N$2<=$E17),1,""))) | O17: =IF(OR(O$2="",$D17=""),"",IF(AND(ISNUMBER($F17),O$2>=$F17,O$2<=IF(ISNUMBER($G17),$G17,$F17+$E17-$D17)),2,IF(AND(O$2>=$D17,O$2<=$E17),1,""))) | P17: =IF(OR(P$2="",$D17=""),"",IF(AND(ISNUMBER($F17),P$2>=$F17,P$2<=IF(ISNUMBER($G17),$G17,$F17+$E17-$D17)),2,IF(AND(P$2>=$D17,P$2<=$E17),1,""))) | Q17: =IF(OR(Q$2="",$D17=""),"",IF(AND(ISNUMBER($F17),Q$2>=$F17,Q$2<=IF(ISNUMBER($G17),$G17,$F17+$E17-$D17)),2,IF(AND(Q$2>=$D17,Q$2<=$E17),1,""))) | R17: =IF(OR(R$2="",$D17=""),"",IF(AND(ISNUMBER($F17),R$2>=$F17,R$2<=IF(ISNUMBER($G17),$G17,$F17+$E17-$D17)),2,IF(AND(R$2>=$D17,R$2<=$E17),1,""))) | S17: =IF(OR(S$2="",$D17=""),"",IF(AND(ISNUMBER($F17),S$2>=$F17,S$2<=IF(ISNUMBER($G17),$G17,$F17+$E17-$D17)),2,IF(AND(S$2>=$D17,S$2<=$E17),1,""))) | T17: =IF(OR(T$2="",$D17=""),"",IF(AND(ISNUMBER($F17),T$2>=$F17,T$2<=IF(ISNUMBER($G17),$G17,$F17+$E17-$D17)),2,IF(AND(T$2>=$D17,T$2<=$E17),1,""))) | ... GE17: =IF(OR(GE$2="",$D17=""),"",IF(AND(ISNUMBER($F17),GE$2>=$F17,GE$2<=IF(ISNUMBER($G17),$G17,$F17+$E17-$D17)),2,IF(AND(GE$2>=$D17,GE$2<=$E17),1,"")))
A18: 3F4D-3 | B18: ৩এফ৪ডি-3 | C18: 3F4D+MD | D18: =IF(Day_0="","",Day_0+cfg_6-cfg_8+cfg_13*2) | E18: =IF(Day_0="","",Day_0+cfg_6-cfg_8+cfg_13*3) | H18: =IF(D18="","no plan",IF(F18<>"",IF(F18-D18>=2,"LATE","OK"),IF(TODAY()>D18+2,"OVERDUE","upcoming"))) | I18: =IF(AND(D18<>"",F18<>""),F18-D18,"") | J18: =IF(F18<>"",F18,D18) | K18: =IF(G18<>"",G18,IF(AND(F18<>"",E18=D18),F18,E18)) | L18: =IF(AND(D18<>"",F18="",D18>=TODAY()),D18+ROW()/1000,"") | M18: =IF(OR(M$2="",$D18=""),"",IF(AND(ISNUMBER($F18),M$2>=$F18,M$2<=IF(ISNUMBER($G18),$G18,$F18+$E18-$D18)),2,IF(AND(M$2>=$D18,M$2<=$E18),1,""))) | N18: =IF(OR(N$2="",$D18=""),"",IF(AND(ISNUMBER($F18),N$2>=$F18,N$2<=IF(ISNUMBER($G18),$G18,$F18+$E18-$D18)),2,IF(AND(N$2>=$D18,N$2<=$E18),1,""))) | O18: =IF(OR(O$2="",$D18=""),"",IF(AND(ISNUMBER($F18),O$2>=$F18,O$2<=IF(ISNUMBER($G18),$G18,$F18+$E18-$D18)),2,IF(AND(O$2>=$D18,O$2<=$E18),1,""))) | P18: =IF(OR(P$2="",$D18=""),"",IF(AND(ISNUMBER($F18),P$2>=$F18,P$2<=IF(ISNUMBER($G18),$G18,$F18+$E18-$D18)),2,IF(AND(P$2>=$D18,P$2<=$E18),1,""))) | Q18: =IF(OR(Q$2="",$D18=""),"",IF(AND(ISNUMBER($F18),Q$2>=$F18,Q$2<=IF(ISNUMBER($G18),$G18,$F18+$E18-$D18)),2,IF(AND(Q$2>=$D18,Q$2<=$E18),1,""))) | R18: =IF(OR(R$2="",$D18=""),"",IF(AND(ISNUMBER($F18),R$2>=$F18,R$2<=IF(ISNUMBER($G18),$G18,$F18+$E18-$D18)),2,IF(AND(R$2>=$D18,R$2<=$E18),1,""))) | S18: =IF(OR(S$2="",$D18=""),"",IF(AND(ISNUMBER($F18),S$2>=$F18,S$2<=IF(ISNUMBER($G18),$G18,$F18+$E18-$D18)),2,IF(AND(S$2>=$D18,S$2<=$E18),1,""))) | T18: =IF(OR(T$2="",$D18=""),"",IF(AND(ISNUMBER($F18),T$2>=$F18,T$2<=IF(ISNUMBER($G18),$G18,$F18+$E18-$D18)),2,IF(AND(T$2>=$D18,T$2<=$E18),1,""))) | ... GE18: =IF(OR(GE$2="",$D18=""),"",IF(AND(ISNUMBER($F18),GE$2>=$F18,GE$2<=IF(ISNUMBER($G18),$G18,$F18+$E18-$D18)),2,IF(AND(GE$2>=$D18,GE$2<=$E18),1,"")))
A19: Heading | B19: শীষ বের হওয়া | C19: 3F4D+MD | D19: =IF(Day_0="","",Day_0+cfg_6) | E19: =IF(D19="","",D19) | H19: =IF(D19="","no plan",IF(F19<>"",IF(F19-D19>=2,"LATE","OK"),IF(TODAY()>D19+2,"OVERDUE","upcoming"))) | I19: =IF(AND(D19<>"",F19<>""),F19-D19,"") | J19: =IF(F19<>"",F19,D19) | K19: =IF(G19<>"",G19,IF(AND(F19<>"",E19=D19),F19,E19)) | L19: =IF(AND(D19<>"",F19="",D19>=TODAY()),D19+ROW()/1000,"") | M19: =IF(OR(M$2="",$D19=""),"",IF(AND(ISNUMBER($F19),M$2>=$F19,M$2<=IF(ISNUMBER($G19),$G19,$F19+$E19-$D19)),2,IF(AND(M$2>=$D19,M$2<=$E19),1,""))) | N19: =IF(OR(N$2="",$D19=""),"",IF(AND(ISNUMBER($F19),N$2>=$F19,N$2<=IF(ISNUMBER($G19),$G19,$F19+$E19-$D19)),2,IF(AND(N$2>=$D19,N$2<=$E19),1,""))) | O19: =IF(OR(O$2="",$D19=""),"",IF(AND(ISNUMBER($F19),O$2>=$F19,O$2<=IF(ISNUMBER($G19),$G19,$F19+$E19-$D19)),2,IF(AND(O$2>=$D19,O$2<=$E19),1,""))) | P19: =IF(OR(P$2="",$D19=""),"",IF(AND(ISNUMBER($F19),P$2>=$F19,P$2<=IF(ISNUMBER($G19),$G19,$F19+$E19-$D19)),2,IF(AND(P$2>=$D19,P$2<=$E19),1,""))) | Q19: =IF(OR(Q$2="",$D19=""),"",IF(AND(ISNUMBER($F19),Q$2>=$F19,Q$2<=IF(ISNUMBER($G19),$G19,$F19+$E19-$D19)),2,IF(AND(Q$2>=$D19,Q$2<=$E19),1,""))) | R19: =IF(OR(R$2="",$D19=""),"",IF(AND(ISNUMBER($F19),R$2>=$F19,R$2<=IF(ISNUMBER($G19),$G19,$F19+$E19-$D19)),2,IF(AND(R$2>=$D19,R$2<=$E19),1,""))) | S19: =IF(OR(S$2="",$D19=""),"",IF(AND(ISNUMBER($F19),S$2>=$F19,S$2<=IF(ISNUMBER($G19),$G19,$F19+$E19-$D19)),2,IF(AND(S$2>=$D19,S$2<=$E19),1,""))) | T19: =IF(OR(T$2="",$D19=""),"",IF(AND(ISNUMBER($F19),T$2>=$F19,T$2<=IF(ISNUMBER($G19),$G19,$F19+$E19-$D19)),2,IF(AND(T$2>=$D19,T$2<=$E19),1,""))) | ... GE19: =IF(OR(GE$2="",$D19=""),"",IF(AND(ISNUMBER($F19),GE$2>=$F19,GE$2<=IF(ISNUMBER($G19),$G19,$F19+$E19-$D19)),2,IF(AND(GE$2>=$D19,GE$2<=$E19),1,"")))
A20: 3F4D-4 | B20: ৩এফ৪ডি-4 | C20: 3F4D+MD | D20: =IF(Day_0="","",Day_0+cfg_6-cfg_8+cfg_13*3) | E20: =IF(Day_0="","",Day_0+cfg_6-cfg_8+cfg_13*4) | H20: =IF(D20="","no plan",IF(F20<>"",IF(F20-D20>=2,"LATE","OK"),IF(TODAY()>D20+2,"OVERDUE","upcoming"))) | I20: =IF(AND(D20<>"",F20<>""),F20-D20,"") | J20: =IF(F20<>"",F20,D20) | K20: =IF(G20<>"",G20,IF(AND(F20<>"",E20=D20),F20,E20)) | L20: =IF(AND(D20<>"",F20="",D20>=TODAY()),D20+ROW()/1000,"") | M20: =IF(OR(M$2="",$D20=""),"",IF(AND(ISNUMBER($F20),M$2>=$F20,M$2<=IF(ISNUMBER($G20),$G20,$F20+$E20-$D20)),2,IF(AND(M$2>=$D20,M$2<=$E20),1,""))) | N20: =IF(OR(N$2="",$D20=""),"",IF(AND(ISNUMBER($F20),N$2>=$F20,N$2<=IF(ISNUMBER($G20),$G20,$F20+$E20-$D20)),2,IF(AND(N$2>=$D20,N$2<=$E20),1,""))) | O20: =IF(OR(O$2="",$D20=""),"",IF(AND(ISNUMBER($F20),O$2>=$F20,O$2<=IF(ISNUMBER($G20),$G20,$F20+$E20-$D20)),2,IF(AND(O$2>=$D20,O$2<=$E20),1,""))) | P20: =IF(OR(P$2="",$D20=""),"",IF(AND(ISNUMBER($F20),P$2>=$F20,P$2<=IF(ISNUMBER($G20),$G20,$F20+$E20-$D20)),2,IF(AND(P$2>=$D20,P$2<=$E20),1,""))) | Q20: =IF(OR(Q$2="",$D20=""),"",IF(AND(ISNUMBER($F20),Q$2>=$F20,Q$2<=IF(ISNUMBER($G20),$G20,$F20+$E20-$D20)),2,IF(AND(Q$2>=$D20,Q$2<=$E20),1,""))) | R20: =IF(OR(R$2="",$D20=""),"",IF(AND(ISNUMBER($F20),R$2>=$F20,R$2<=IF(ISNUMBER($G20),$G20,$F20+$E20-$D20)),2,IF(AND(R$2>=$D20,R$2<=$E20),1,""))) | S20: =IF(OR(S$2="",$D20=""),"",IF(AND(ISNUMBER($F20),S$2>=$F20,S$2<=IF(ISNUMBER($G20),$G20,$F20+$E20-$D20)),2,IF(AND(S$2>=$D20,S$2<=$E20),1,""))) | T20: =IF(OR(T$2="",$D20=""),"",IF(AND(ISNUMBER($F20),T$2>=$F20,T$2<=IF(ISNUMBER($G20),$G20,$F20+$E20-$D20)),2,IF(AND(T$2>=$D20,T$2<=$E20),1,""))) | ... GE20: =IF(OR(GE$2="",$D20=""),"",IF(AND(ISNUMBER($F20),GE$2>=$F20,GE$2<=IF(ISNUMBER($G20),$G20,$F20+$E20-$D20)),2,IF(AND(GE$2>=$D20,GE$2<=$E20),1,"")))
A21: 3F4D-5 | B21: ৩এফ৪ডি-5 | C21: 3F4D+MD | D21: =IF(Day_0="","",Day_0+cfg_6-cfg_8+cfg_13*4) | E21: =IF(Day_0="","",Day_0+cfg_6-cfg_8+cfg_13*5) | H21: =IF(D21="","no plan",IF(F21<>"",IF(F21-D21>=2,"LATE","OK"),IF(TODAY()>D21+2,"OVERDUE","upcoming"))) | I21: =IF(AND(D21<>"",F21<>""),F21-D21,"") | J21: =IF(F21<>"",F21,D21) | K21: =IF(G21<>"",G21,IF(AND(F21<>"",E21=D21),F21,E21)) | L21: =IF(AND(D21<>"",F21="",D21>=TODAY()),D21+ROW()/1000,"") | M21: =IF(OR(M$2="",$D21=""),"",IF(AND(ISNUMBER($F21),M$2>=$F21,M$2<=IF(ISNUMBER($G21),$G21,$F21+$E21-$D21)),2,IF(AND(M$2>=$D21,M$2<=$E21),1,""))) | N21: =IF(OR(N$2="",$D21=""),"",IF(AND(ISNUMBER($F21),N$2>=$F21,N$2<=IF(ISNUMBER($G21),$G21,$F21+$E21-$D21)),2,IF(AND(N$2>=$D21,N$2<=$E21),1,""))) | O21: =IF(OR(O$2="",$D21=""),"",IF(AND(ISNUMBER($F21),O$2>=$F21,O$2<=IF(ISNUMBER($G21),$G21,$F21+$E21-$D21)),2,IF(AND(O$2>=$D21,O$2<=$E21),1,""))) | P21: =IF(OR(P$2="",$D21=""),"",IF(AND(ISNUMBER($F21),P$2>=$F21,P$2<=IF(ISNUMBER($G21),$G21,$F21+$E21-$D21)),2,IF(AND(P$2>=$D21,P$2<=$E21),1,""))) | Q21: =IF(OR(Q$2="",$D21=""),"",IF(AND(ISNUMBER($F21),Q$2>=$F21,Q$2<=IF(ISNUMBER($G21),$G21,$F21+$E21-$D21)),2,IF(AND(Q$2>=$D21,Q$2<=$E21),1,""))) | R21: =IF(OR(R$2="",$D21=""),"",IF(AND(ISNUMBER($F21),R$2>=$F21,R$2<=IF(ISNUMBER($G21),$G21,$F21+$E21-$D21)),2,IF(AND(R$2>=$D21,R$2<=$E21),1,""))) | S21: =IF(OR(S$2="",$D21=""),"",IF(AND(ISNUMBER($F21),S$2>=$F21,S$2<=IF(ISNUMBER($G21),$G21,$F21+$E21-$D21)),2,IF(AND(S$2>=$D21,S$2<=$E21),1,""))) | T21: =IF(OR(T$2="",$D21=""),"",IF(AND(ISNUMBER($F21),T$2>=$F21,T$2<=IF(ISNUMBER($G21),$G21,$F21+$E21-$D21)),2,IF(AND(T$2>=$D21,T$2<=$E21),1,""))) | ... GE21: =IF(OR(GE$2="",$D21=""),"",IF(AND(ISNUMBER($F21),GE$2>=$F21,GE$2<=IF(ISNUMBER($G21),$G21,$F21+$E21-$D21)),2,IF(AND(GE$2>=$D21,GE$2<=$E21),1,"")))
A22: 3F4D-6 | B22: ৩এফ৪ডি-6 | C22: 3F4D+MD | D22: =IF(Day_0="","",Day_0+cfg_6-cfg_8+cfg_13*5) | E22: =IF(Day_0="","",Day_0+cfg_6-cfg_8+cfg_13*6) | H22: =IF(D22="","no plan",IF(F22<>"",IF(F22-D22>=2,"LATE","OK"),IF(TODAY()>D22+2,"OVERDUE","upcoming"))) | I22: =IF(AND(D22<>"",F22<>""),F22-D22,"") | J22: =IF(F22<>"",F22,D22) | K22: =IF(G22<>"",G22,IF(AND(F22<>"",E22=D22),F22,E22)) | L22: =IF(AND(D22<>"",F22="",D22>=TODAY()),D22+ROW()/1000,"") | M22: =IF(OR(M$2="",$D22=""),"",IF(AND(ISNUMBER($F22),M$2>=$F22,M$2<=IF(ISNUMBER($G22),$G22,$F22+$E22-$D22)),2,IF(AND(M$2>=$D22,M$2<=$E22),1,""))) | N22: =IF(OR(N$2="",$D22=""),"",IF(AND(ISNUMBER($F22),N$2>=$F22,N$2<=IF(ISNUMBER($G22),$G22,$F22+$E22-$D22)),2,IF(AND(N$2>=$D22,N$2<=$E22),1,""))) | O22: =IF(OR(O$2="",$D22=""),"",IF(AND(ISNUMBER($F22),O$2>=$F22,O$2<=IF(ISNUMBER($G22),$G22,$F22+$E22-$D22)),2,IF(AND(O$2>=$D22,O$2<=$E22),1,""))) | P22: =IF(OR(P$2="",$D22=""),"",IF(AND(ISNUMBER($F22),P$2>=$F22,P$2<=IF(ISNUMBER($G22),$G22,$F22+$E22-$D22)),2,IF(AND(P$2>=$D22,P$2<=$E22),1,""))) | Q22: =IF(OR(Q$2="",$D22=""),"",IF(AND(ISNUMBER($F22),Q$2>=$F22,Q$2<=IF(ISNUMBER($G22),$G22,$F22+$E22-$D22)),2,IF(AND(Q$2>=$D22,Q$2<=$E22),1,""))) | R22: =IF(OR(R$2="",$D22=""),"",IF(AND(ISNUMBER($F22),R$2>=$F22,R$2<=IF(ISNUMBER($G22),$G22,$F22+$E22-$D22)),2,IF(AND(R$2>=$D22,R$2<=$E22),1,""))) | S22: =IF(OR(S$2="",$D22=""),"",IF(AND(ISNUMBER($F22),S$2>=$F22,S$2<=IF(ISNUMBER($G22),$G22,$F22+$E22-$D22)),2,IF(AND(S$2>=$D22,S$2<=$E22),1,""))) | T22: =IF(OR(T$2="",$D22=""),"",IF(AND(ISNUMBER($F22),T$2>=$F22,T$2<=IF(ISNUMBER($G22),$G22,$F22+$E22-$D22)),2,IF(AND(T$2>=$D22,T$2<=$E22),1,""))) | ... GE22: =IF(OR(GE$2="",$D22=""),"",IF(AND(ISNUMBER($F22),GE$2>=$F22,GE$2<=IF(ISNUMBER($G22),$G22,$F22+$E22-$D22)),2,IF(AND(GE$2>=$D22,GE$2<=$E22),1,"")))
A23: 3F4D end | B23: ৩এফ৪ডি শেষ | C23: 3F4D+MD | D23: =IF(Day_0="","",Day_0+cfg_6-cfg_8+cfg_13*6) | E23: =IF(D23="","",D23) | H23: =IF(D23="","no plan",IF(F23<>"",IF(F23-D23>=2,"LATE","OK"),IF(TODAY()>D23+2,"OVERDUE","upcoming"))) | I23: =IF(AND(D23<>"",F23<>""),F23-D23,"") | J23: =IF(F23<>"",F23,D23) | K23: =IF(G23<>"",G23,IF(AND(F23<>"",E23=D23),F23,E23)) | L23: =IF(AND(D23<>"",F23="",D23>=TODAY()),D23+ROW()/1000,"") | M23: =IF(OR(M$2="",$D23=""),"",IF(AND(ISNUMBER($F23),M$2>=$F23,M$2<=IF(ISNUMBER($G23),$G23,$F23+$E23-$D23)),2,IF(AND(M$2>=$D23,M$2<=$E23),1,""))) | N23: =IF(OR(N$2="",$D23=""),"",IF(AND(ISNUMBER($F23),N$2>=$F23,N$2<=IF(ISNUMBER($G23),$G23,$F23+$E23-$D23)),2,IF(AND(N$2>=$D23,N$2<=$E23),1,""))) | O23: =IF(OR(O$2="",$D23=""),"",IF(AND(ISNUMBER($F23),O$2>=$F23,O$2<=IF(ISNUMBER($G23),$G23,$F23+$E23-$D23)),2,IF(AND(O$2>=$D23,O$2<=$E23),1,""))) | P23: =IF(OR(P$2="",$D23=""),"",IF(AND(ISNUMBER($F23),P$2>=$F23,P$2<=IF(ISNUMBER($G23),$G23,$F23+$E23-$D23)),2,IF(AND(P$2>=$D23,P$2<=$E23),1,""))) | Q23: =IF(OR(Q$2="",$D23=""),"",IF(AND(ISNUMBER($F23),Q$2>=$F23,Q$2<=IF(ISNUMBER($G23),$G23,$F23+$E23-$D23)),2,IF(AND(Q$2>=$D23,Q$2<=$E23),1,""))) | R23: =IF(OR(R$2="",$D23=""),"",IF(AND(ISNUMBER($F23),R$2>=$F23,R$2<=IF(ISNUMBER($G23),$G23,$F23+$E23-$D23)),2,IF(AND(R$2>=$D23,R$2<=$E23),1,""))) | S23: =IF(OR(S$2="",$D23=""),"",IF(AND(ISNUMBER($F23),S$2>=$F23,S$2<=IF(ISNUMBER($G23),$G23,$F23+$E23-$D23)),2,IF(AND(S$2>=$D23,S$2<=$E23),1,""))) | T23: =IF(OR(T$2="",$D23=""),"",IF(AND(ISNUMBER($F23),T$2>=$F23,T$2<=IF(ISNUMBER($G23),$G23,$F23+$E23-$D23)),2,IF(AND(T$2>=$D23,T$2<=$E23),1,""))) | ... GE23: =IF(OR(GE$2="",$D23=""),"",IF(AND(ISNUMBER($F23),GE$2>=$F23,GE$2<=IF(ISNUMBER($G23),$G23,$F23+$E23-$D23)),2,IF(AND(GE$2>=$D23,GE$2<=$E23),1,"")))
A24: Last irrigation | B24: শেষ সেচ | C24: 3F4D+MD | D24: =IF(Day_0="","",Day_0+cfg_6-cfg_8+cfg_13*6+1) | E24: =IF(D24="","",D24) | H24: =IF(D24="","no plan",IF(F24<>"",IF(F24-D24>=2,"LATE","OK"),IF(TODAY()>D24+2,"OVERDUE","upcoming"))) | I24: =IF(AND(D24<>"",F24<>""),F24-D24,"") | J24: =IF(F24<>"",F24,D24) | K24: =IF(G24<>"",G24,IF(AND(F24<>"",E24=D24),F24,E24)) | L24: =IF(AND(D24<>"",F24="",D24>=TODAY()),D24+ROW()/1000,"") | M24: =IF(OR(M$2="",$D24=""),"",IF(AND(ISNUMBER($F24),M$2>=$F24,M$2<=IF(ISNUMBER($G24),$G24,$F24+$E24-$D24)),2,IF(AND(M$2>=$D24,M$2<=$E24),1,""))) | N24: =IF(OR(N$2="",$D24=""),"",IF(AND(ISNUMBER($F24),N$2>=$F24,N$2<=IF(ISNUMBER($G24),$G24,$F24+$E24-$D24)),2,IF(AND(N$2>=$D24,N$2<=$E24),1,""))) | O24: =IF(OR(O$2="",$D24=""),"",IF(AND(ISNUMBER($F24),O$2>=$F24,O$2<=IF(ISNUMBER($G24),$G24,$F24+$E24-$D24)),2,IF(AND(O$2>=$D24,O$2<=$E24),1,""))) | P24: =IF(OR(P$2="",$D24=""),"",IF(AND(ISNUMBER($F24),P$2>=$F24,P$2<=IF(ISNUMBER($G24),$G24,$F24+$E24-$D24)),2,IF(AND(P$2>=$D24,P$2<=$E24),1,""))) | Q24: =IF(OR(Q$2="",$D24=""),"",IF(AND(ISNUMBER($F24),Q$2>=$F24,Q$2<=IF(ISNUMBER($G24),$G24,$F24+$E24-$D24)),2,IF(AND(Q$2>=$D24,Q$2<=$E24),1,""))) | R24: =IF(OR(R$2="",$D24=""),"",IF(AND(ISNUMBER($F24),R$2>=$F24,R$2<=IF(ISNUMBER($G24),$G24,$F24+$E24-$D24)),2,IF(AND(R$2>=$D24,R$2<=$E24),1,""))) | S24: =IF(OR(S$2="",$D24=""),"",IF(AND(ISNUMBER($F24),S$2>=$F24,S$2<=IF(ISNUMBER($G24),$G24,$F24+$E24-$D24)),2,IF(AND(S$2>=$D24,S$2<=$E24),1,""))) | T24: =IF(OR(T$2="",$D24=""),"",IF(AND(ISNUMBER($F24),T$2>=$F24,T$2<=IF(ISNUMBER($G24),$G24,$F24+$E24-$D24)),2,IF(AND(T$2>=$D24,T$2<=$E24),1,""))) | ... GE24: =IF(OR(GE$2="",$D24=""),"",IF(AND(ISNUMBER($F24),GE$2>=$F24,GE$2<=IF(ISNUMBER($G24),$G24,$F24+$E24-$D24)),2,IF(AND(GE$2>=$D24,GE$2<=$E24),1,"")))
A25: Harvest | B25: ধান কাটা | C25: 3F4D+MD | D25: =IF(Day_0="","",Day_0+cfg_6+cfg_9) | E25: =IF(D25="","",D25) | H25: =IF(D25="","no plan",IF(F25<>"",IF(F25-D25>=2,"LATE","OK"),IF(TODAY()>D25+2,"OVERDUE","upcoming"))) | I25: =IF(AND(D25<>"",F25<>""),F25-D25,"") | J25: =IF(F25<>"",F25,D25) | K25: =IF(G25<>"",G25,IF(AND(F25<>"",E25=D25),F25,E25)) | L25: =IF(AND(D25<>"",F25="",D25>=TODAY()),D25+ROW()/1000,"") | M25: =IF(OR(M$2="",$D25=""),"",IF(AND(ISNUMBER($F25),M$2>=$F25,M$2<=IF(ISNUMBER($G25),$G25,$F25+$E25-$D25)),2,IF(AND(M$2>=$D25,M$2<=$E25),1,""))) | N25: =IF(OR(N$2="",$D25=""),"",IF(AND(ISNUMBER($F25),N$2>=$F25,N$2<=IF(ISNUMBER($G25),$G25,$F25+$E25-$D25)),2,IF(AND(N$2>=$D25,N$2<=$E25),1,""))) | O25: =IF(OR(O$2="",$D25=""),"",IF(AND(ISNUMBER($F25),O$2>=$F25,O$2<=IF(ISNUMBER($G25),$G25,$F25+$E25-$D25)),2,IF(AND(O$2>=$D25,O$2<=$E25),1,""))) | P25: =IF(OR(P$2="",$D25=""),"",IF(AND(ISNUMBER($F25),P$2>=$F25,P$2<=IF(ISNUMBER($G25),$G25,$F25+$E25-$D25)),2,IF(AND(P$2>=$D25,P$2<=$E25),1,""))) | Q25: =IF(OR(Q$2="",$D25=""),"",IF(AND(ISNUMBER($F25),Q$2>=$F25,Q$2<=IF(ISNUMBER($G25),$G25,$F25+$E25-$D25)),2,IF(AND(Q$2>=$D25,Q$2<=$E25),1,""))) | R25: =IF(OR(R$2="",$D25=""),"",IF(AND(ISNUMBER($F25),R$2>=$F25,R$2<=IF(ISNUMBER($G25),$G25,$F25+$E25-$D25)),2,IF(AND(R$2>=$D25,R$2<=$E25),1,""))) | S25: =IF(OR(S$2="",$D25=""),"",IF(AND(ISNUMBER($F25),S$2>=$F25,S$2<=IF(ISNUMBER($G25),$G25,$F25+$E25-$D25)),2,IF(AND(S$2>=$D25,S$2<=$E25),1,""))) | T25: =IF(OR(T$2="",$D25=""),"",IF(AND(ISNUMBER($F25),T$2>=$F25,T$2<=IF(ISNUMBER($G25),$G25,$F25+$E25-$D25)),2,IF(AND(T$2>=$D25,T$2<=$E25),1,""))) | ... GE25: =IF(OR(GE$2="",$D25=""),"",IF(AND(ISNUMBER($F25),GE$2>=$F25,GE$2<=IF(ISNUMBER($G25),$G25,$F25+$E25-$D25)),2,IF(AND(GE$2>=$D25,GE$2<=$E25),1,"")))
A27: FP plot (farmers practice)
A28: Seed wetting | B28: বীজ ভেজানো | C28: FP | D28: =IF(D5="","",D5) | E28: =IF(D28="","",D28) | H28: =IF(D28="","no plan",IF(F28<>"",IF(F28-D28>=2,"LATE","OK"),IF(TODAY()>D28+2,"OVERDUE","upcoming"))) | I28: =IF(AND(D28<>"",F28<>""),F28-D28,"") | J28: =IF(F28<>"",F28,D28) | K28: =IF(G28<>"",G28,IF(AND(F28<>"",E28=D28),F28,E28)) | L28: =IF(AND(D28<>"",F28="",D28>=TODAY()),D28+ROW()/1000,"") | M28: =IF(OR(M$2="",$D28=""),"",IF(AND(ISNUMBER($F28),M$2>=$F28,M$2<=IF(ISNUMBER($G28),$G28,$F28+$E28-$D28)),2,IF(AND(M$2>=$D28,M$2<=$E28),1,""))) | N28: =IF(OR(N$2="",$D28=""),"",IF(AND(ISNUMBER($F28),N$2>=$F28,N$2<=IF(ISNUMBER($G28),$G28,$F28+$E28-$D28)),2,IF(AND(N$2>=$D28,N$2<=$E28),1,""))) | O28: =IF(OR(O$2="",$D28=""),"",IF(AND(ISNUMBER($F28),O$2>=$F28,O$2<=IF(ISNUMBER($G28),$G28,$F28+$E28-$D28)),2,IF(AND(O$2>=$D28,O$2<=$E28),1,""))) | P28: =IF(OR(P$2="",$D28=""),"",IF(AND(ISNUMBER($F28),P$2>=$F28,P$2<=IF(ISNUMBER($G28),$G28,$F28+$E28-$D28)),2,IF(AND(P$2>=$D28,P$2<=$E28),1,""))) | Q28: =IF(OR(Q$2="",$D28=""),"",IF(AND(ISNUMBER($F28),Q$2>=$F28,Q$2<=IF(ISNUMBER($G28),$G28,$F28+$E28-$D28)),2,IF(AND(Q$2>=$D28,Q$2<=$E28),1,""))) | R28: =IF(OR(R$2="",$D28=""),"",IF(AND(ISNUMBER($F28),R$2>=$F28,R$2<=IF(ISNUMBER($G28),$G28,$F28+$E28-$D28)),2,IF(AND(R$2>=$D28,R$2<=$E28),1,""))) | S28: =IF(OR(S$2="",$D28=""),"",IF(AND(ISNUMBER($F28),S$2>=$F28,S$2<=IF(ISNUMBER($G28),$G28,$F28+$E28-$D28)),2,IF(AND(S$2>=$D28,S$2<=$E28),1,""))) | T28: =IF(OR(T$2="",$D28=""),"",IF(AND(ISNUMBER($F28),T$2>=$F28,T$2<=IF(ISNUMBER($G28),$G28,$F28+$E28-$D28)),2,IF(AND(T$2>=$D28,T$2<=$E28),1,""))) | ... GE28: =IF(OR(GE$2="",$D28=""),"",IF(AND(ISNUMBER($F28),GE$2>=$F28,GE$2<=IF(ISNUMBER($G28),$G28,$F28+$E28-$D28)),2,IF(AND(GE$2>=$D28,GE$2<=$E28),1,"")))
A29: Sowing | B29: বপন | C29: FP | D29: =IF(D6="","",D6) | E29: =IF(D29="","",D29) | H29: =IF(D29="","no plan",IF(F29<>"",IF(F29-D29>=2,"LATE","OK"),IF(TODAY()>D29+2,"OVERDUE","upcoming"))) | I29: =IF(AND(D29<>"",F29<>""),F29-D29,"") | J29: =IF(F29<>"",F29,D29) | K29: =IF(G29<>"",G29,IF(AND(F29<>"",E29=D29),F29,E29)) | L29: =IF(AND(D29<>"",F29="",D29>=TODAY()),D29+ROW()/1000,"") | M29: =IF(OR(M$2="",$D29=""),"",IF(AND(ISNUMBER($F29),M$2>=$F29,M$2<=IF(ISNUMBER($G29),$G29,$F29+$E29-$D29)),2,IF(AND(M$2>=$D29,M$2<=$E29),1,""))) | N29: =IF(OR(N$2="",$D29=""),"",IF(AND(ISNUMBER($F29),N$2>=$F29,N$2<=IF(ISNUMBER($G29),$G29,$F29+$E29-$D29)),2,IF(AND(N$2>=$D29,N$2<=$E29),1,""))) | O29: =IF(OR(O$2="",$D29=""),"",IF(AND(ISNUMBER($F29),O$2>=$F29,O$2<=IF(ISNUMBER($G29),$G29,$F29+$E29-$D29)),2,IF(AND(O$2>=$D29,O$2<=$E29),1,""))) | P29: =IF(OR(P$2="",$D29=""),"",IF(AND(ISNUMBER($F29),P$2>=$F29,P$2<=IF(ISNUMBER($G29),$G29,$F29+$E29-$D29)),2,IF(AND(P$2>=$D29,P$2<=$E29),1,""))) | Q29: =IF(OR(Q$2="",$D29=""),"",IF(AND(ISNUMBER($F29),Q$2>=$F29,Q$2<=IF(ISNUMBER($G29),$G29,$F29+$E29-$D29)),2,IF(AND(Q$2>=$D29,Q$2<=$E29),1,""))) | R29: =IF(OR(R$2="",$D29=""),"",IF(AND(ISNUMBER($F29),R$2>=$F29,R$2<=IF(ISNUMBER($G29),$G29,$F29+$E29-$D29)),2,IF(AND(R$2>=$D29,R$2<=$E29),1,""))) | S29: =IF(OR(S$2="",$D29=""),"",IF(AND(ISNUMBER($F29),S$2>=$F29,S$2<=IF(ISNUMBER($G29),$G29,$F29+$E29-$D29)),2,IF(AND(S$2>=$D29,S$2<=$E29),1,""))) | T29: =IF(OR(T$2="",$D29=""),"",IF(AND(ISNUMBER($F29),T$2>=$F29,T$2<=IF(ISNUMBER($G29),$G29,$F29+$E29-$D29)),2,IF(AND(T$2>=$D29,T$2<=$E29),1,""))) | ... GE29: =IF(OR(GE$2="",$D29=""),"",IF(AND(ISNUMBER($F29),GE$2>=$F29,GE$2<=IF(ISNUMBER($G29),$G29,$F29+$E29-$D29)),2,IF(AND(GE$2>=$D29,GE$2<=$E29),1,"")))
A30: Plowing | B30: চাষ | C30: FP | D30: =IF(D7="","",D7) | E30: =IF(D30="","",D30) | H30: =IF(D30="","no plan",IF(F30<>"",IF(F30-D30>=2,"LATE","OK"),IF(TODAY()>D30+2,"OVERDUE","upcoming"))) | I30: =IF(AND(D30<>"",F30<>""),F30-D30,"") | J30: =IF(F30<>"",F30,D30) | K30: =IF(G30<>"",G30,IF(AND(F30<>"",E30=D30),F30,E30)) | L30: =IF(AND(D30<>"",F30="",D30>=TODAY()),D30+ROW()/1000,"") | M30: =IF(OR(M$2="",$D30=""),"",IF(AND(ISNUMBER($F30),M$2>=$F30,M$2<=IF(ISNUMBER($G30),$G30,$F30+$E30-$D30)),2,IF(AND(M$2>=$D30,M$2<=$E30),1,""))) | N30: =IF(OR(N$2="",$D30=""),"",IF(AND(ISNUMBER($F30),N$2>=$F30,N$2<=IF(ISNUMBER($G30),$G30,$F30+$E30-$D30)),2,IF(AND(N$2>=$D30,N$2<=$E30),1,""))) | O30: =IF(OR(O$2="",$D30=""),"",IF(AND(ISNUMBER($F30),O$2>=$F30,O$2<=IF(ISNUMBER($G30),$G30,$F30+$E30-$D30)),2,IF(AND(O$2>=$D30,O$2<=$E30),1,""))) | P30: =IF(OR(P$2="",$D30=""),"",IF(AND(ISNUMBER($F30),P$2>=$F30,P$2<=IF(ISNUMBER($G30),$G30,$F30+$E30-$D30)),2,IF(AND(P$2>=$D30,P$2<=$E30),1,""))) | Q30: =IF(OR(Q$2="",$D30=""),"",IF(AND(ISNUMBER($F30),Q$2>=$F30,Q$2<=IF(ISNUMBER($G30),$G30,$F30+$E30-$D30)),2,IF(AND(Q$2>=$D30,Q$2<=$E30),1,""))) | R30: =IF(OR(R$2="",$D30=""),"",IF(AND(ISNUMBER($F30),R$2>=$F30,R$2<=IF(ISNUMBER($G30),$G30,$F30+$E30-$D30)),2,IF(AND(R$2>=$D30,R$2<=$E30),1,""))) | S30: =IF(OR(S$2="",$D30=""),"",IF(AND(ISNUMBER($F30),S$2>=$F30,S$2<=IF(ISNUMBER($G30),$G30,$F30+$E30-$D30)),2,IF(AND(S$2>=$D30,S$2<=$E30),1,""))) | T30: =IF(OR(T$2="",$D30=""),"",IF(AND(ISNUMBER($F30),T$2>=$F30,T$2<=IF(ISNUMBER($G30),$G30,$F30+$E30-$D30)),2,IF(AND(T$2>=$D30,T$2<=$E30),1,""))) | ... GE30: =IF(OR(GE$2="",$D30=""),"",IF(AND(ISNUMBER($F30),GE$2>=$F30,GE$2<=IF(ISNUMBER($G30),$G30,$F30+$E30-$D30)),2,IF(AND(GE$2>=$D30,GE$2<=$E30),1,"")))
A31: Puddling | B31: কাদা করা | C31: FP | D31: =IF(D8="","",D8) | E31: =IF(D31="","",D31) | H31: =IF(D31="","no plan",IF(F31<>"",IF(F31-D31>=2,"LATE","OK"),IF(TODAY()>D31+2,"OVERDUE","upcoming"))) | I31: =IF(AND(D31<>"",F31<>""),F31-D31,"") | J31: =IF(F31<>"",F31,D31) | K31: =IF(G31<>"",G31,IF(AND(F31<>"",E31=D31),F31,E31)) | L31: =IF(AND(D31<>"",F31="",D31>=TODAY()),D31+ROW()/1000,"") | M31: =IF(OR(M$2="",$D31=""),"",IF(AND(ISNUMBER($F31),M$2>=$F31,M$2<=IF(ISNUMBER($G31),$G31,$F31+$E31-$D31)),2,IF(AND(M$2>=$D31,M$2<=$E31),1,""))) | N31: =IF(OR(N$2="",$D31=""),"",IF(AND(ISNUMBER($F31),N$2>=$F31,N$2<=IF(ISNUMBER($G31),$G31,$F31+$E31-$D31)),2,IF(AND(N$2>=$D31,N$2<=$E31),1,""))) | O31: =IF(OR(O$2="",$D31=""),"",IF(AND(ISNUMBER($F31),O$2>=$F31,O$2<=IF(ISNUMBER($G31),$G31,$F31+$E31-$D31)),2,IF(AND(O$2>=$D31,O$2<=$E31),1,""))) | P31: =IF(OR(P$2="",$D31=""),"",IF(AND(ISNUMBER($F31),P$2>=$F31,P$2<=IF(ISNUMBER($G31),$G31,$F31+$E31-$D31)),2,IF(AND(P$2>=$D31,P$2<=$E31),1,""))) | Q31: =IF(OR(Q$2="",$D31=""),"",IF(AND(ISNUMBER($F31),Q$2>=$F31,Q$2<=IF(ISNUMBER($G31),$G31,$F31+$E31-$D31)),2,IF(AND(Q$2>=$D31,Q$2<=$E31),1,""))) | R31: =IF(OR(R$2="",$D31=""),"",IF(AND(ISNUMBER($F31),R$2>=$F31,R$2<=IF(ISNUMBER($G31),$G31,$F31+$E31-$D31)),2,IF(AND(R$2>=$D31,R$2<=$E31),1,""))) | S31: =IF(OR(S$2="",$D31=""),"",IF(AND(ISNUMBER($F31),S$2>=$F31,S$2<=IF(ISNUMBER($G31),$G31,$F31+$E31-$D31)),2,IF(AND(S$2>=$D31,S$2<=$E31),1,""))) | T31: =IF(OR(T$2="",$D31=""),"",IF(AND(ISNUMBER($F31),T$2>=$F31,T$2<=IF(ISNUMBER($G31),$G31,$F31+$E31-$D31)),2,IF(AND(T$2>=$D31,T$2<=$E31),1,""))) | ... GE31: =IF(OR(GE$2="",$D31=""),"",IF(AND(ISNUMBER($F31),GE$2>=$F31,GE$2<=IF(ISNUMBER($G31),$G31,$F31+$E31-$D31)),2,IF(AND(GE$2>=$D31,GE$2<=$E31),1,"")))
A32: Transplanting | B32: রোপণ | C32: FP | D32: =IF(D9="","",D9) | E32: =IF(D32="","",D32) | H32: =IF(D32="","no plan",IF(F32<>"",IF(F32-D32>=2,"LATE","OK"),IF(TODAY()>D32+2,"OVERDUE","upcoming"))) | I32: =IF(AND(D32<>"",F32<>""),F32-D32,"") | J32: =IF(F32<>"",F32,D32) | K32: =IF(G32<>"",G32,IF(AND(F32<>"",E32=D32),F32,E32)) | L32: =IF(AND(D32<>"",F32="",D32>=TODAY()),D32+ROW()/1000,"") | M32: =IF(OR(M$2="",$D32=""),"",IF(AND(ISNUMBER($F32),M$2>=$F32,M$2<=IF(ISNUMBER($G32),$G32,$F32+$E32-$D32)),2,IF(AND(M$2>=$D32,M$2<=$E32),1,""))) | N32: =IF(OR(N$2="",$D32=""),"",IF(AND(ISNUMBER($F32),N$2>=$F32,N$2<=IF(ISNUMBER($G32),$G32,$F32+$E32-$D32)),2,IF(AND(N$2>=$D32,N$2<=$E32),1,""))) | O32: =IF(OR(O$2="",$D32=""),"",IF(AND(ISNUMBER($F32),O$2>=$F32,O$2<=IF(ISNUMBER($G32),$G32,$F32+$E32-$D32)),2,IF(AND(O$2>=$D32,O$2<=$E32),1,""))) | P32: =IF(OR(P$2="",$D32=""),"",IF(AND(ISNUMBER($F32),P$2>=$F32,P$2<=IF(ISNUMBER($G32),$G32,$F32+$E32-$D32)),2,IF(AND(P$2>=$D32,P$2<=$E32),1,""))) | Q32: =IF(OR(Q$2="",$D32=""),"",IF(AND(ISNUMBER($F32),Q$2>=$F32,Q$2<=IF(ISNUMBER($G32),$G32,$F32+$E32-$D32)),2,IF(AND(Q$2>=$D32,Q$2<=$E32),1,""))) | R32: =IF(OR(R$2="",$D32=""),"",IF(AND(ISNUMBER($F32),R$2>=$F32,R$2<=IF(ISNUMBER($G32),$G32,$F32+$E32-$D32)),2,IF(AND(R$2>=$D32,R$2<=$E32),1,""))) | S32: =IF(OR(S$2="",$D32=""),"",IF(AND(ISNUMBER($F32),S$2>=$F32,S$2<=IF(ISNUMBER($G32),$G32,$F32+$E32-$D32)),2,IF(AND(S$2>=$D32,S$2<=$E32),1,""))) | T32: =IF(OR(T$2="",$D32=""),"",IF(AND(ISNUMBER($F32),T$2>=$F32,T$2<=IF(ISNUMBER($G32),$G32,$F32+$E32-$D32)),2,IF(AND(T$2>=$D32,T$2<=$E32),1,""))) | ... GE32: =IF(OR(GE$2="",$D32=""),"",IF(AND(ISNUMBER($F32),GE$2>=$F32,GE$2<=IF(ISNUMBER($G32),$G32,$F32+$E32-$D32)),2,IF(AND(GE$2>=$D32,GE$2<=$E32),1,"")))
A33: Last irrigation for Pitan | B33: পিটানের আগে শেষ সেচ | C33: FP | D33: =IF(D10="","",D10) | E33: =IF(D33="","",D33) | H33: =IF(D33="","no plan",IF(F33<>"",IF(F33-D33>=2,"LATE","OK"),IF(TODAY()>D33+2,"OVERDUE","upcoming"))) | I33: =IF(AND(D33<>"",F33<>""),F33-D33,"") | J33: =IF(F33<>"",F33,D33) | K33: =IF(G33<>"",G33,IF(AND(F33<>"",E33=D33),F33,E33)) | L33: =IF(AND(D33<>"",F33="",D33>=TODAY()),D33+ROW()/1000,"") | M33: =IF(OR(M$2="",$D33=""),"",IF(AND(ISNUMBER($F33),M$2>=$F33,M$2<=IF(ISNUMBER($G33),$G33,$F33+$E33-$D33)),2,IF(AND(M$2>=$D33,M$2<=$E33),1,""))) | N33: =IF(OR(N$2="",$D33=""),"",IF(AND(ISNUMBER($F33),N$2>=$F33,N$2<=IF(ISNUMBER($G33),$G33,$F33+$E33-$D33)),2,IF(AND(N$2>=$D33,N$2<=$E33),1,""))) | O33: =IF(OR(O$2="",$D33=""),"",IF(AND(ISNUMBER($F33),O$2>=$F33,O$2<=IF(ISNUMBER($G33),$G33,$F33+$E33-$D33)),2,IF(AND(O$2>=$D33,O$2<=$E33),1,""))) | P33: =IF(OR(P$2="",$D33=""),"",IF(AND(ISNUMBER($F33),P$2>=$F33,P$2<=IF(ISNUMBER($G33),$G33,$F33+$E33-$D33)),2,IF(AND(P$2>=$D33,P$2<=$E33),1,""))) | Q33: =IF(OR(Q$2="",$D33=""),"",IF(AND(ISNUMBER($F33),Q$2>=$F33,Q$2<=IF(ISNUMBER($G33),$G33,$F33+$E33-$D33)),2,IF(AND(Q$2>=$D33,Q$2<=$E33),1,""))) | R33: =IF(OR(R$2="",$D33=""),"",IF(AND(ISNUMBER($F33),R$2>=$F33,R$2<=IF(ISNUMBER($G33),$G33,$F33+$E33-$D33)),2,IF(AND(R$2>=$D33,R$2<=$E33),1,""))) | S33: =IF(OR(S$2="",$D33=""),"",IF(AND(ISNUMBER($F33),S$2>=$F33,S$2<=IF(ISNUMBER($G33),$G33,$F33+$E33-$D33)),2,IF(AND(S$2>=$D33,S$2<=$E33),1,""))) | T33: =IF(OR(T$2="",$D33=""),"",IF(AND(ISNUMBER($F33),T$2>=$F33,T$2<=IF(ISNUMBER($G33),$G33,$F33+$E33-$D33)),2,IF(AND(T$2>=$D33,T$2<=$E33),1,""))) | ... GE33: =IF(OR(GE$2="",$D33=""),"",IF(AND(ISNUMBER($F33),GE$2>=$F33,GE$2<=IF(ISNUMBER($G33),$G33,$F33+$E33-$D33)),2,IF(AND(GE$2>=$D33,GE$2<=$E33),1,"")))
A34: Pitan (FP) | B34: পিটান | C34: FP | D34: =IF(D11="","",D11) | E34: =IF(D11="","",D11+cfg_10) | H34: =IF(D34="","no plan",IF(F34<>"",IF(F34-D34>=2,"LATE","OK"),IF(TODAY()>D34+2,"OVERDUE","upcoming"))) | I34: =IF(AND(D34<>"",F34<>""),F34-D34,"") | J34: =IF(F34<>"",F34,D34) | K34: =IF(G34<>"",G34,IF(AND(F34<>"",E34=D34),F34,E34)) | L34: =IF(AND(D34<>"",F34="",D34>=TODAY()),D34+ROW()/1000,"") | M34: =IF(OR(M$2="",$D34=""),"",IF(AND(ISNUMBER($F34),M$2>=$F34,M$2<=IF(ISNUMBER($G34),$G34,$F34+$E34-$D34)),2,IF(AND(M$2>=$D34,M$2<=$E34),1,""))) | N34: =IF(OR(N$2="",$D34=""),"",IF(AND(ISNUMBER($F34),N$2>=$F34,N$2<=IF(ISNUMBER($G34),$G34,$F34+$E34-$D34)),2,IF(AND(N$2>=$D34,N$2<=$E34),1,""))) | O34: =IF(OR(O$2="",$D34=""),"",IF(AND(ISNUMBER($F34),O$2>=$F34,O$2<=IF(ISNUMBER($G34),$G34,$F34+$E34-$D34)),2,IF(AND(O$2>=$D34,O$2<=$E34),1,""))) | P34: =IF(OR(P$2="",$D34=""),"",IF(AND(ISNUMBER($F34),P$2>=$F34,P$2<=IF(ISNUMBER($G34),$G34,$F34+$E34-$D34)),2,IF(AND(P$2>=$D34,P$2<=$E34),1,""))) | Q34: =IF(OR(Q$2="",$D34=""),"",IF(AND(ISNUMBER($F34),Q$2>=$F34,Q$2<=IF(ISNUMBER($G34),$G34,$F34+$E34-$D34)),2,IF(AND(Q$2>=$D34,Q$2<=$E34),1,""))) | R34: =IF(OR(R$2="",$D34=""),"",IF(AND(ISNUMBER($F34),R$2>=$F34,R$2<=IF(ISNUMBER($G34),$G34,$F34+$E34-$D34)),2,IF(AND(R$2>=$D34,R$2<=$E34),1,""))) | S34: =IF(OR(S$2="",$D34=""),"",IF(AND(ISNUMBER($F34),S$2>=$F34,S$2<=IF(ISNUMBER($G34),$G34,$F34+$E34-$D34)),2,IF(AND(S$2>=$D34,S$2<=$E34),1,""))) | T34: =IF(OR(T$2="",$D34=""),"",IF(AND(ISNUMBER($F34),T$2>=$F34,T$2<=IF(ISNUMBER($G34),$G34,$F34+$E34-$D34)),2,IF(AND(T$2>=$D34,T$2<=$E34),1,""))) | ... GE34: =IF(OR(GE$2="",$D34=""),"",IF(AND(ISNUMBER($F34),GE$2>=$F34,GE$2<=IF(ISNUMBER($G34),$G34,$F34+$E34-$D34)),2,IF(AND(GE$2>=$D34,GE$2<=$E34),1,"")))
A35: Flooding after Pitan | B35: প্লাবন | C35: FP | D35: =IF(D11="","",D11+cfg_10) | E35: =IF(D35="","",D35) | H35: =IF(D35="","no plan",IF(F35<>"",IF(F35-D35>=2,"LATE","OK"),IF(TODAY()>D35+2,"OVERDUE","upcoming"))) | I35: =IF(AND(D35<>"",F35<>""),F35-D35,"") | J35: =IF(F35<>"",F35,D35) | K35: =IF(G35<>"",G35,IF(AND(F35<>"",E35=D35),F35,E35)) | L35: =IF(AND(D35<>"",F35="",D35>=TODAY()),D35+ROW()/1000,"") | M35: =IF(OR(M$2="",$D35=""),"",IF(AND(ISNUMBER($F35),M$2>=$F35,M$2<=IF(ISNUMBER($G35),$G35,$F35+$E35-$D35)),2,IF(AND(M$2>=$D35,M$2<=$E35),1,""))) | N35: =IF(OR(N$2="",$D35=""),"",IF(AND(ISNUMBER($F35),N$2>=$F35,N$2<=IF(ISNUMBER($G35),$G35,$F35+$E35-$D35)),2,IF(AND(N$2>=$D35,N$2<=$E35),1,""))) | O35: =IF(OR(O$2="",$D35=""),"",IF(AND(ISNUMBER($F35),O$2>=$F35,O$2<=IF(ISNUMBER($G35),$G35,$F35+$E35-$D35)),2,IF(AND(O$2>=$D35,O$2<=$E35),1,""))) | P35: =IF(OR(P$2="",$D35=""),"",IF(AND(ISNUMBER($F35),P$2>=$F35,P$2<=IF(ISNUMBER($G35),$G35,$F35+$E35-$D35)),2,IF(AND(P$2>=$D35,P$2<=$E35),1,""))) | Q35: =IF(OR(Q$2="",$D35=""),"",IF(AND(ISNUMBER($F35),Q$2>=$F35,Q$2<=IF(ISNUMBER($G35),$G35,$F35+$E35-$D35)),2,IF(AND(Q$2>=$D35,Q$2<=$E35),1,""))) | R35: =IF(OR(R$2="",$D35=""),"",IF(AND(ISNUMBER($F35),R$2>=$F35,R$2<=IF(ISNUMBER($G35),$G35,$F35+$E35-$D35)),2,IF(AND(R$2>=$D35,R$2<=$E35),1,""))) | S35: =IF(OR(S$2="",$D35=""),"",IF(AND(ISNUMBER($F35),S$2>=$F35,S$2<=IF(ISNUMBER($G35),$G35,$F35+$E35-$D35)),2,IF(AND(S$2>=$D35,S$2<=$E35),1,""))) | T35: =IF(OR(T$2="",$D35=""),"",IF(AND(ISNUMBER($F35),T$2>=$F35,T$2<=IF(ISNUMBER($G35),$G35,$F35+$E35-$D35)),2,IF(AND(T$2>=$D35,T$2<=$E35),1,""))) | ... GE35: =IF(OR(GE$2="",$D35=""),"",IF(AND(ISNUMBER($F35),GE$2>=$F35,GE$2<=IF(ISNUMBER($G35),$G35,$F35+$E35-$D35)),2,IF(AND(GE$2>=$D35,GE$2<=$E35),1,"")))
A36: Heading | B36: শীষ বের হওয়া | C36: FP | D36: =IF(D19="","",D19) | E36: =IF(D36="","",D36) | H36: =IF(D36="","no plan",IF(F36<>"",IF(F36-D36>=2,"LATE","OK"),IF(TODAY()>D36+2,"OVERDUE","upcoming"))) | I36: =IF(AND(D36<>"",F36<>""),F36-D36,"") | J36: =IF(F36<>"",F36,D36) | K36: =IF(G36<>"",G36,IF(AND(F36<>"",E36=D36),F36,E36)) | L36: =IF(AND(D36<>"",F36="",D36>=TODAY()),D36+ROW()/1000,"") | M36: =IF(OR(M$2="",$D36=""),"",IF(AND(ISNUMBER($F36),M$2>=$F36,M$2<=IF(ISNUMBER($G36),$G36,$F36+$E36-$D36)),2,IF(AND(M$2>=$D36,M$2<=$E36),1,""))) | N36: =IF(OR(N$2="",$D36=""),"",IF(AND(ISNUMBER($F36),N$2>=$F36,N$2<=IF(ISNUMBER($G36),$G36,$F36+$E36-$D36)),2,IF(AND(N$2>=$D36,N$2<=$E36),1,""))) | O36: =IF(OR(O$2="",$D36=""),"",IF(AND(ISNUMBER($F36),O$2>=$F36,O$2<=IF(ISNUMBER($G36),$G36,$F36+$E36-$D36)),2,IF(AND(O$2>=$D36,O$2<=$E36),1,""))) | P36: =IF(OR(P$2="",$D36=""),"",IF(AND(ISNUMBER($F36),P$2>=$F36,P$2<=IF(ISNUMBER($G36),$G36,$F36+$E36-$D36)),2,IF(AND(P$2>=$D36,P$2<=$E36),1,""))) | Q36: =IF(OR(Q$2="",$D36=""),"",IF(AND(ISNUMBER($F36),Q$2>=$F36,Q$2<=IF(ISNUMBER($G36),$G36,$F36+$E36-$D36)),2,IF(AND(Q$2>=$D36,Q$2<=$E36),1,""))) | R36: =IF(OR(R$2="",$D36=""),"",IF(AND(ISNUMBER($F36),R$2>=$F36,R$2<=IF(ISNUMBER($G36),$G36,$F36+$E36-$D36)),2,IF(AND(R$2>=$D36,R$2<=$E36),1,""))) | S36: =IF(OR(S$2="",$D36=""),"",IF(AND(ISNUMBER($F36),S$2>=$F36,S$2<=IF(ISNUMBER($G36),$G36,$F36+$E36-$D36)),2,IF(AND(S$2>=$D36,S$2<=$E36),1,""))) | T36: =IF(OR(T$2="",$D36=""),"",IF(AND(ISNUMBER($F36),T$2>=$F36,T$2<=IF(ISNUMBER($G36),$G36,$F36+$E36-$D36)),2,IF(AND(T$2>=$D36,T$2<=$E36),1,""))) | ... GE36: =IF(OR(GE$2="",$D36=""),"",IF(AND(ISNUMBER($F36),GE$2>=$F36,GE$2<=IF(ISNUMBER($G36),$G36,$F36+$E36-$D36)),2,IF(AND(GE$2>=$D36,GE$2<=$E36),1,"")))
A37: Last irrigation | B37: শেষ সেচ | C37: FP | D37: =IF(D25="","",D25-cfg_11) | E37: =IF(D37="","",D37) | H37: =IF(D37="","no plan",IF(F37<>"",IF(F37-D37>=2,"LATE","OK"),IF(TODAY()>D37+2,"OVERDUE","upcoming"))) | I37: =IF(AND(D37<>"",F37<>""),F37-D37,"") | J37: =IF(F37<>"",F37,D37) | K37: =IF(G37<>"",G37,IF(AND(F37<>"",E37=D37),F37,E37)) | L37: =IF(AND(D37<>"",F37="",D37>=TODAY()),D37+ROW()/1000,"") | M37: =IF(OR(M$2="",$D37=""),"",IF(AND(ISNUMBER($F37),M$2>=$F37,M$2<=IF(ISNUMBER($G37),$G37,$F37+$E37-$D37)),2,IF(AND(M$2>=$D37,M$2<=$E37),1,""))) | N37: =IF(OR(N$2="",$D37=""),"",IF(AND(ISNUMBER($F37),N$2>=$F37,N$2<=IF(ISNUMBER($G37),$G37,$F37+$E37-$D37)),2,IF(AND(N$2>=$D37,N$2<=$E37),1,""))) | O37: =IF(OR(O$2="",$D37=""),"",IF(AND(ISNUMBER($F37),O$2>=$F37,O$2<=IF(ISNUMBER($G37),$G37,$F37+$E37-$D37)),2,IF(AND(O$2>=$D37,O$2<=$E37),1,""))) | P37: =IF(OR(P$2="",$D37=""),"",IF(AND(ISNUMBER($F37),P$2>=$F37,P$2<=IF(ISNUMBER($G37),$G37,$F37+$E37-$D37)),2,IF(AND(P$2>=$D37,P$2<=$E37),1,""))) | Q37: =IF(OR(Q$2="",$D37=""),"",IF(AND(ISNUMBER($F37),Q$2>=$F37,Q$2<=IF(ISNUMBER($G37),$G37,$F37+$E37-$D37)),2,IF(AND(Q$2>=$D37,Q$2<=$E37),1,""))) | R37: =IF(OR(R$2="",$D37=""),"",IF(AND(ISNUMBER($F37),R$2>=$F37,R$2<=IF(ISNUMBER($G37),$G37,$F37+$E37-$D37)),2,IF(AND(R$2>=$D37,R$2<=$E37),1,""))) | S37: =IF(OR(S$2="",$D37=""),"",IF(AND(ISNUMBER($F37),S$2>=$F37,S$2<=IF(ISNUMBER($G37),$G37,$F37+$E37-$D37)),2,IF(AND(S$2>=$D37,S$2<=$E37),1,""))) | T37: =IF(OR(T$2="",$D37=""),"",IF(AND(ISNUMBER($F37),T$2>=$F37,T$2<=IF(ISNUMBER($G37),$G37,$F37+$E37-$D37)),2,IF(AND(T$2>=$D37,T$2<=$E37),1,""))) | ... GE37: =IF(OR(GE$2="",$D37=""),"",IF(AND(ISNUMBER($F37),GE$2>=$F37,GE$2<=IF(ISNUMBER($G37),$G37,$F37+$E37-$D37)),2,IF(AND(GE$2>=$D37,GE$2<=$E37),1,"")))
A38: Harvest | B38: ধান কাটা | C38: FP | D38: =IF(D25="","",D25) | E38: =IF(D38="","",D38) | H38: =IF(D38="","no plan",IF(F38<>"",IF(F38-D38>=2,"LATE","OK"),IF(TODAY()>D38+2,"OVERDUE","upcoming"))) | I38: =IF(AND(D38<>"",F38<>""),F38-D38,"") | J38: =IF(F38<>"",F38,D38) | K38: =IF(G38<>"",G38,IF(AND(F38<>"",E38=D38),F38,E38)) | L38: =IF(AND(D38<>"",F38="",D38>=TODAY()),D38+ROW()/1000,"") | M38: =IF(OR(M$2="",$D38=""),"",IF(AND(ISNUMBER($F38),M$2>=$F38,M$2<=IF(ISNUMBER($G38),$G38,$F38+$E38-$D38)),2,IF(AND(M$2>=$D38,M$2<=$E38),1,""))) | N38: =IF(OR(N$2="",$D38=""),"",IF(AND(ISNUMBER($F38),N$2>=$F38,N$2<=IF(ISNUMBER($G38),$G38,$F38+$E38-$D38)),2,IF(AND(N$2>=$D38,N$2<=$E38),1,""))) | O38: =IF(OR(O$2="",$D38=""),"",IF(AND(ISNUMBER($F38),O$2>=$F38,O$2<=IF(ISNUMBER($G38),$G38,$F38+$E38-$D38)),2,IF(AND(O$2>=$D38,O$2<=$E38),1,""))) | P38: =IF(OR(P$2="",$D38=""),"",IF(AND(ISNUMBER($F38),P$2>=$F38,P$2<=IF(ISNUMBER($G38),$G38,$F38+$E38-$D38)),2,IF(AND(P$2>=$D38,P$2<=$E38),1,""))) | Q38: =IF(OR(Q$2="",$D38=""),"",IF(AND(ISNUMBER($F38),Q$2>=$F38,Q$2<=IF(ISNUMBER($G38),$G38,$F38+$E38-$D38)),2,IF(AND(Q$2>=$D38,Q$2<=$E38),1,""))) | R38: =IF(OR(R$2="",$D38=""),"",IF(AND(ISNUMBER($F38),R$2>=$F38,R$2<=IF(ISNUMBER($G38),$G38,$F38+$E38-$D38)),2,IF(AND(R$2>=$D38,R$2<=$E38),1,""))) | S38: =IF(OR(S$2="",$D38=""),"",IF(AND(ISNUMBER($F38),S$2>=$F38,S$2<=IF(ISNUMBER($G38),$G38,$F38+$E38-$D38)),2,IF(AND(S$2>=$D38,S$2<=$E38),1,""))) | T38: =IF(OR(T$2="",$D38=""),"",IF(AND(ISNUMBER($F38),T$2>=$F38,T$2<=IF(ISNUMBER($G38),$G38,$F38+$E38-$D38)),2,IF(AND(T$2>=$D38,T$2<=$E38),1,""))) | ... GE38: =IF(OR(GE$2="",$D38=""),"",IF(AND(ISNUMBER($F38),GE$2>=$F38,GE$2<=IF(ISNUMBER($G38),$G38,$F38+$E38-$D38)),2,IF(AND(GE$2>=$D38,GE$2<=$E38),1,"")))
A40: Yellow = planned (calculated). Green = actual. Red line = today. Enter "Actual start" (and "Actual end" for periods) when the work is done. Seed wetting, plowing and puddling: enter the planned date yourself.

Sheet Setup
A1: Setup / সেটআপ
A3: Site name * / সাইটের নাম
A4: Place (district / upazila) * / স্থান
A5: Latitude
A6: Longitude
A7: Variety / জাত
A8: Sowing date * / বপনের তারিখ
A9: Seedling age at transplanting (days) * / চারার বয়স
A10: Transplanting date (calculated) / রোপণের তারিখ | B10: =IF(AND(ISNUMBER(B8),ISNUMBER(B9)),B8+B9,"")
A11: Date for the scheduling app (sowing + age - 35) | B11: =IF(B10="","",B10-35)
A12: First date of Data_Farmer (leave empty = transplanting date). Do not change it after data entry has started.
A13: Data start (used) | B13: =IF(ISNUMBER(B12),B12,B10)
A15: Plot / প্লট | B15: Plot ID | C15: Area (decimal) | D15: TP (cm) * | E15: b (cm) * | F15: Area (m2, calc)
A16: FP | B16: FP-1 | F16: =IF(ISNUMBER(C16),C16*40.4686,"")
A17: 3F4D+MD | B17: MD-1 | F17: =IF(ISNUMBER(C17),C17*40.4686,"")
A18: Date TP and b were measured / TP ও b মাপার তারিখ
A19: Water level (cm) = m - TP + b. Negative = water below the soil surface. 1 decimal = 40.4686 m2.
A21: Schedule settings (days) - same rules as the 3F4D+MD scheduling app (Professional mode)
A22: Days from sowing to transplanting (app) | B22: 35
A23: Pitan start: days after transplanting | B23: 30
A24: Pitan duration (days) | B24: 3
A25: MD start: days after sowing (app) | B25: 66
A26: MD duration (days) | B26: 8
A27: PI check: days after MD start | B27: 6
A28: Heading: days after sowing (app) | B28: 111
A29: Flooding before heading (days) | B29: 25
A30: 3F4D start before heading (days) | B30: 21
A31: Harvest: days after heading | B31: 28
A32: FP: Pitan duration (days) | B32: 8
A33: FP: last irrigation, days before harvest | B33: 15
... A35: 3F4D cycle length (days; 8 if one day was lost) | B35: 7

Sheet TP-b
A1: TP and b re-measurement / TP ও b পুনরায় মাপা
A2: Plot | B2: Date | C2: TP (cm) | D2: b (cm) | E2: ok | F2: Note
A3: FP | B3: =IF(ISNUMBER(TPDate),TPDate,IF(ISNUMBER(TransDate),TransDate,DATE(1900,1,1))) | C3: =IF(ISNUMBER(FP_TP),FP_TP,"") | D3: =IF(ISNUMBER(FP_b),FP_b,"") | E3: =IF(AND(OR(A3="FP",A3="3F4D+MD"),ISNUMBER(B3),ISNUMBER(C3),ISNUMBER(D3)),1,0) | F3: initial value (from Setup)
A4: 3F4D+MD | B4: =IF(ISNUMBER(TPDate),TPDate,IF(ISNUMBER(TransDate),TransDate,DATE(1900,1,1))) | C4: =IF(ISNUMBER(MD_TP),MD_TP,"") | D4: =IF(ISNUMBER(MD_b),MD_b,"") | E4: =IF(AND(OR(A4="FP",A4="3F4D+MD"),ISNUMBER(B4),ISNUMBER(C4),ISNUMBER(D4)),1,0) | F4: initial value (from Setup)
E5: =IF(AND(OR(A5="FP",A5="3F4D+MD"),ISNUMBER(B5),ISNUMBER(C5),ISNUMBER(D5)),1,0)
E6: =IF(AND(OR(A6="FP",A6="3F4D+MD"),ISNUMBER(B6),ISNUMBER(C6),ISNUMBER(D6)),1,0)
E7: =IF(AND(OR(A7="FP",A7="3F4D+MD"),ISNUMBER(B7),ISNUMBER(C7),ISNUMBER(D7)),1,0)
E8: =IF(AND(OR(A8="FP",A8="3F4D+MD"),ISNUMBER(B8),ISNUMBER(C8),ISNUMBER(D8)),1,0)
E9: =IF(AND(OR(A9="FP",A9="3F4D+MD"),ISNUMBER(B9),ISNUMBER(C9),ISNUMBER(D9)),1,0)
E10: =IF(AND(OR(A10="FP",A10="3F4D+MD"),ISNUMBER(B10),ISNUMBER(C10),ISNUMBER(D10)),1,0)
E11: =IF(AND(OR(A11="FP",A11="3F4D+MD"),ISNUMBER(B11),ISNUMBER(C11),ISNUMBER(D11)),1,0)
E12: =IF(AND(OR(A12="FP",A12="3F4D+MD"),ISNUMBER(B12),ISNUMBER(C12),ISNUMBER(D12)),1,0)
E13: =IF(AND(OR(A13="FP",A13="3F4D+MD"),ISNUMBER(B13),ISNUMBER(C13),ISNUMBER(D13)),1,0)
E14: =IF(AND(OR(A14="FP",A14="3F4D+MD"),ISNUMBER(B14),ISNUMBER(C14),ISNUMBER(D14)),1,0)
E15: =IF(AND(OR(A15="FP",A15="3F4D+MD"),ISNUMBER(B15),ISNUMBER(C15),ISNUMBER(D15)),1,0)
E16: =IF(AND(OR(A16="FP",A16="3F4D+MD"),ISNUMBER(B16),ISNUMBER(C16),ISNUMBER(D16)),1,0)
... E60: =IF(AND(OR(A60="FP",A60="3F4D+MD"),ISNUMBER(B60),ISNUMBER(C60),ISNUMBER(D60)),1,0)
A62: After Pitan and mid-season drainage the soil shrinks and b changes. Measure TP and b again and add a row. Water levels from that date use the new values.

Sheet Other_info
A1: Other information / অন্যান্য তথ্য - seedbed and main field: fertilizer, pesticide, other work
A3: Seedbed / বীজতলা | Q3: Main field (model plot) / মূল জমি
S4: N content (fraction) | T4: 0.46 | U4: 0 | V4: 0.18 | W4: 0 | X4: 0 | Y4: 0 | Z4: 0 | AA4: 0 | AB4: 0 | AC4: 0 | AD4: 0 | AE4: 0
S5: P content (fraction) | T5: 0 | U5: 0.2 | V5: 0.2 | W5: 0 | X5: 0 | Y5: 0 | Z5: 0 | AA5: 0 | AB5: 0 | AC5: 0 | AD5: 0 | AE5: 0 | AL5: Total | AM5: =ROUND(SUM(AM8:AM220),1) | AN5: =ROUND(SUM(AN8:AN220),1) | AO5: =ROUND(SUM(AO8:AO220),1) | AP5: =ROUND(SUM(AP8:AP220),1)
S6: P = elemental P (P2O5 x 0.436)
A7: Date | B7: Day | C7: Activities | D7: Urea (kg) | E7: TSP (kg) | F7: DAP (kg) | G7: Gypsum (kg) | H7: MOP (kg) | I7: Boron (kg) | J7: Zinc (kg) | K7: Magnesium (kg) | L7: Thiovit (kg) | M7: Type | N7: Name of chemical | O7: Purpose | Q7: Date | R7: Plot | S7: Activities | T7: Urea (kg) | U7: TSP (kg) | V7: DAP (kg) | W7: Gypsum (kg) | X7: MOP (kg) | Y7: Boron (kg) | Z7: Zinc (kg) | AA7: Magnesium (kg) | AB7: Sulphate (kg) | AC7: Thiovit (kg) | AD7: Cow dung (kg) | AE7: Straw (kg) | AF7: Pesticide / herbicide type | AG7: Name of chemical | AH7: Purpose | AI7: Amount | AJ7: Unit price (BDT) | AK7: Note | AL7: DAT | AM7: N FP (kg/10a) | AN7: P FP (kg/10a) | AO7: N 3F4D+MD (kg/10a) | AP7: P 3F4D+MD (kg/10a)
B8: =IF(A8="","",IF(ISNUMBER(Schedule_Farmer!$D$5),A8-Schedule_Farmer!$D$5+1,"")) | AL8: =IF(OR(Q8="",NOT(ISNUMBER(TransDate))),"",Q8-TransDate) | AM8: =IF(OR(Q8="",NOT(ISNUMBER(FP_m2)),AND(R8<>"FP",R8<>"Both")),"",ROUND(SUMPRODUCT(T8:AE8,$T$4:$AE$4)*1000/FP_m2,2)) | AN8: =IF(OR(Q8="",NOT(ISNUMBER(FP_m2)),AND(R8<>"FP",R8<>"Both")),"",ROUND(SUMPRODUCT(T8:AE8,$T$5:$AE$5)*1000/FP_m2,2)) | AO8: =IF(OR(Q8="",NOT(ISNUMBER(MD_m2)),AND(R8<>"3F4D+MD",R8<>"Both")),"",ROUND(SUMPRODUCT(T8:AE8,$T$4:$AE$4)*1000/MD_m2,2)) | AP8: =IF(OR(Q8="",NOT(ISNUMBER(MD_m2)),AND(R8<>"3F4D+MD",R8<>"Both")),"",ROUND(SUMPRODUCT(T8:AE8,$T$5:$AE$5)*1000/MD_m2,2))
B9: =IF(A9="","",IF(ISNUMBER(Schedule_Farmer!$D$5),A9-Schedule_Farmer!$D$5+1,"")) | AL9: =IF(OR(Q9="",NOT(ISNUMBER(TransDate))),"",Q9-TransDate) | AM9: =IF(OR(Q9="",NOT(ISNUMBER(FP_m2)),AND(R9<>"FP",R9<>"Both")),"",ROUND(SUMPRODUCT(T9:AE9,$T$4:$AE$4)*1000/FP_m2,2)) | AN9: =IF(OR(Q9="",NOT(ISNUMBER(FP_m2)),AND(R9<>"FP",R9<>"Both")),"",ROUND(SUMPRODUCT(T9:AE9,$T$5:$AE$5)*1000/FP_m2,2)) | AO9: =IF(OR(Q9="",NOT(ISNUMBER(MD_m2)),AND(R9<>"3F4D+MD",R9<>"Both")),"",ROUND(SUMPRODUCT(T9:AE9,$T$4:$AE$4)*1000/MD_m2,2)) | AP9: =IF(OR(Q9="",NOT(ISNUMBER(MD_m2)),AND(R9<>"3F4D+MD",R9<>"Both")),"",ROUND(SUMPRODUCT(T9:AE9,$T$5:$AE$5)*1000/MD_m2,2))
B10: =IF(A10="","",IF(ISNUMBER(Schedule_Farmer!$D$5),A10-Schedule_Farmer!$D$5+1,"")) | AL10: =IF(OR(Q10="",NOT(ISNUMBER(TransDate))),"",Q10-TransDate) | AM10: =IF(OR(Q10="",NOT(ISNUMBER(FP_m2)),AND(R10<>"FP",R10<>"Both")),"",ROUND(SUMPRODUCT(T10:AE10,$T$4:$AE$4)*1000/FP_m2,2)) | AN10: =IF(OR(Q10="",NOT(ISNUMBER(FP_m2)),AND(R10<>"FP",R10<>"Both")),"",ROUND(SUMPRODUCT(T10:AE10,$T$5:$AE$5)*1000/FP_m2,2)) | AO10: =IF(OR(Q10="",NOT(ISNUMBER(MD_m2)),AND(R10<>"3F4D+MD",R10<>"Both")),"",ROUND(SUMPRODUCT(T10:AE10,$T$4:$AE$4)*1000/MD_m2,2)) | AP10: =IF(OR(Q10="",NOT(ISNUMBER(MD_m2)),AND(R10<>"3F4D+MD",R10<>"Both")),"",ROUND(SUMPRODUCT(T10:AE10,$T$5:$AE$5)*1000/MD_m2,2))
B11: =IF(A11="","",IF(ISNUMBER(Schedule_Farmer!$D$5),A11-Schedule_Farmer!$D$5+1,"")) | AL11: =IF(OR(Q11="",NOT(ISNUMBER(TransDate))),"",Q11-TransDate) | AM11: =IF(OR(Q11="",NOT(ISNUMBER(FP_m2)),AND(R11<>"FP",R11<>"Both")),"",ROUND(SUMPRODUCT(T11:AE11,$T$4:$AE$4)*1000/FP_m2,2)) | AN11: =IF(OR(Q11="",NOT(ISNUMBER(FP_m2)),AND(R11<>"FP",R11<>"Both")),"",ROUND(SUMPRODUCT(T11:AE11,$T$5:$AE$5)*1000/FP_m2,2)) | AO11: =IF(OR(Q11="",NOT(ISNUMBER(MD_m2)),AND(R11<>"3F4D+MD",R11<>"Both")),"",ROUND(SUMPRODUCT(T11:AE11,$T$4:$AE$4)*1000/MD_m2,2)) | AP11: =IF(OR(Q11="",NOT(ISNUMBER(MD_m2)),AND(R11<>"3F4D+MD",R11<>"Both")),"",ROUND(SUMPRODUCT(T11:AE11,$T$5:$AE$5)*1000/MD_m2,2))
B12: =IF(A12="","",IF(ISNUMBER(Schedule_Farmer!$D$5),A12-Schedule_Farmer!$D$5+1,"")) | AL12: =IF(OR(Q12="",NOT(ISNUMBER(TransDate))),"",Q12-TransDate) | AM12: =IF(OR(Q12="",NOT(ISNUMBER(FP_m2)),AND(R12<>"FP",R12<>"Both")),"",ROUND(SUMPRODUCT(T12:AE12,$T$4:$AE$4)*1000/FP_m2,2)) | AN12: =IF(OR(Q12="",NOT(ISNUMBER(FP_m2)),AND(R12<>"FP",R12<>"Both")),"",ROUND(SUMPRODUCT(T12:AE12,$T$5:$AE$5)*1000/FP_m2,2)) | AO12: =IF(OR(Q12="",NOT(ISNUMBER(MD_m2)),AND(R12<>"3F4D+MD",R12<>"Both")),"",ROUND(SUMPRODUCT(T12:AE12,$T$4:$AE$4)*1000/MD_m2,2)) | AP12: =IF(OR(Q12="",NOT(ISNUMBER(MD_m2)),AND(R12<>"3F4D+MD",R12<>"Both")),"",ROUND(SUMPRODUCT(T12:AE12,$T$5:$AE$5)*1000/MD_m2,2))
B13: =IF(A13="","",IF(ISNUMBER(Schedule_Farmer!$D$5),A13-Schedule_Farmer!$D$5+1,"")) | AL13: =IF(OR(Q13="",NOT(ISNUMBER(TransDate))),"",Q13-TransDate) | AM13: =IF(OR(Q13="",NOT(ISNUMBER(FP_m2)),AND(R13<>"FP",R13<>"Both")),"",ROUND(SUMPRODUCT(T13:AE13,$T$4:$AE$4)*1000/FP_m2,2)) | AN13: =IF(OR(Q13="",NOT(ISNUMBER(FP_m2)),AND(R13<>"FP",R13<>"Both")),"",ROUND(SUMPRODUCT(T13:AE13,$T$5:$AE$5)*1000/FP_m2,2)) | AO13: =IF(OR(Q13="",NOT(ISNUMBER(MD_m2)),AND(R13<>"3F4D+MD",R13<>"Both")),"",ROUND(SUMPRODUCT(T13:AE13,$T$4:$AE$4)*1000/MD_m2,2)) | AP13: =IF(OR(Q13="",NOT(ISNUMBER(MD_m2)),AND(R13<>"3F4D+MD",R13<>"Both")),"",ROUND(SUMPRODUCT(T13:AE13,$T$5:$AE$5)*1000/MD_m2,2))
B14: =IF(A14="","",IF(ISNUMBER(Schedule_Farmer!$D$5),A14-Schedule_Farmer!$D$5+1,"")) | AL14: =IF(OR(Q14="",NOT(ISNUMBER(TransDate))),"",Q14-TransDate) | AM14: =IF(OR(Q14="",NOT(ISNUMBER(FP_m2)),AND(R14<>"FP",R14<>"Both")),"",ROUND(SUMPRODUCT(T14:AE14,$T$4:$AE$4)*1000/FP_m2,2)) | AN14: =IF(OR(Q14="",NOT(ISNUMBER(FP_m2)),AND(R14<>"FP",R14<>"Both")),"",ROUND(SUMPRODUCT(T14:AE14,$T$5:$AE$5)*1000/FP_m2,2)) | AO14: =IF(OR(Q14="",NOT(ISNUMBER(MD_m2)),AND(R14<>"3F4D+MD",R14<>"Both")),"",ROUND(SUMPRODUCT(T14:AE14,$T$4:$AE$4)*1000/MD_m2,2)) | AP14: =IF(OR(Q14="",NOT(ISNUMBER(MD_m2)),AND(R14<>"3F4D+MD",R14<>"Both")),"",ROUND(SUMPRODUCT(T14:AE14,$T$5:$AE$5)*1000/MD_m2,2))
B15: =IF(A15="","",IF(ISNUMBER(Schedule_Farmer!$D$5),A15-Schedule_Farmer!$D$5+1,"")) | AL15: =IF(OR(Q15="",NOT(ISNUMBER(TransDate))),"",Q15-TransDate) | AM15: =IF(OR(Q15="",NOT(ISNUMBER(FP_m2)),AND(R15<>"FP",R15<>"Both")),"",ROUND(SUMPRODUCT(T15:AE15,$T$4:$AE$4)*1000/FP_m2,2)) | AN15: =IF(OR(Q15="",NOT(ISNUMBER(FP_m2)),AND(R15<>"FP",R15<>"Both")),"",ROUND(SUMPRODUCT(T15:AE15,$T$5:$AE$5)*1000/FP_m2,2)) | AO15: =IF(OR(Q15="",NOT(ISNUMBER(MD_m2)),AND(R15<>"3F4D+MD",R15<>"Both")),"",ROUND(SUMPRODUCT(T15:AE15,$T$4:$AE$4)*1000/MD_m2,2)) | AP15: =IF(OR(Q15="",NOT(ISNUMBER(MD_m2)),AND(R15<>"3F4D+MD",R15<>"Both")),"",ROUND(SUMPRODUCT(T15:AE15,$T$5:$AE$5)*1000/MD_m2,2))
B16: =IF(A16="","",IF(ISNUMBER(Schedule_Farmer!$D$5),A16-Schedule_Farmer!$D$5+1,"")) | AL16: =IF(OR(Q16="",NOT(ISNUMBER(TransDate))),"",Q16-TransDate) | AM16: =IF(OR(Q16="",NOT(ISNUMBER(FP_m2)),AND(R16<>"FP",R16<>"Both")),"",ROUND(SUMPRODUCT(T16:AE16,$T$4:$AE$4)*1000/FP_m2,2)) | AN16: =IF(OR(Q16="",NOT(ISNUMBER(FP_m2)),AND(R16<>"FP",R16<>"Both")),"",ROUND(SUMPRODUCT(T16:AE16,$T$5:$AE$5)*1000/FP_m2,2)) | AO16: =IF(OR(Q16="",NOT(ISNUMBER(MD_m2)),AND(R16<>"3F4D+MD",R16<>"Both")),"",ROUND(SUMPRODUCT(T16:AE16,$T$4:$AE$4)*1000/MD_m2,2)) | AP16: =IF(OR(Q16="",NOT(ISNUMBER(MD_m2)),AND(R16<>"3F4D+MD",R16<>"Both")),"",ROUND(SUMPRODUCT(T16:AE16,$T$5:$AE$5)*1000/MD_m2,2))
B17: =IF(A17="","",IF(ISNUMBER(Schedule_Farmer!$D$5),A17-Schedule_Farmer!$D$5+1,"")) | AL17: =IF(OR(Q17="",NOT(ISNUMBER(TransDate))),"",Q17-TransDate) | AM17: =IF(OR(Q17="",NOT(ISNUMBER(FP_m2)),AND(R17<>"FP",R17<>"Both")),"",ROUND(SUMPRODUCT(T17:AE17,$T$4:$AE$4)*1000/FP_m2,2)) | AN17: =IF(OR(Q17="",NOT(ISNUMBER(FP_m2)),AND(R17<>"FP",R17<>"Both")),"",ROUND(SUMPRODUCT(T17:AE17,$T$5:$AE$5)*1000/FP_m2,2)) | AO17: =IF(OR(Q17="",NOT(ISNUMBER(MD_m2)),AND(R17<>"3F4D+MD",R17<>"Both")),"",ROUND(SUMPRODUCT(T17:AE17,$T$4:$AE$4)*1000/MD_m2,2)) | AP17: =IF(OR(Q17="",NOT(ISNUMBER(MD_m2)),AND(R17<>"3F4D+MD",R17<>"Both")),"",ROUND(SUMPRODUCT(T17:AE17,$T$5:$AE$5)*1000/MD_m2,2))
B18: =IF(A18="","",IF(ISNUMBER(Schedule_Farmer!$D$5),A18-Schedule_Farmer!$D$5+1,"")) | AL18: =IF(OR(Q18="",NOT(ISNUMBER(TransDate))),"",Q18-TransDate) | AM18: =IF(OR(Q18="",NOT(ISNUMBER(FP_m2)),AND(R18<>"FP",R18<>"Both")),"",ROUND(SUMPRODUCT(T18:AE18,$T$4:$AE$4)*1000/FP_m2,2)) | AN18: =IF(OR(Q18="",NOT(ISNUMBER(FP_m2)),AND(R18<>"FP",R18<>"Both")),"",ROUND(SUMPRODUCT(T18:AE18,$T$5:$AE$5)*1000/FP_m2,2)) | AO18: =IF(OR(Q18="",NOT(ISNUMBER(MD_m2)),AND(R18<>"3F4D+MD",R18<>"Both")),"",ROUND(SUMPRODUCT(T18:AE18,$T$4:$AE$4)*1000/MD_m2,2)) | AP18: =IF(OR(Q18="",NOT(ISNUMBER(MD_m2)),AND(R18<>"3F4D+MD",R18<>"Both")),"",ROUND(SUMPRODUCT(T18:AE18,$T$5:$AE$5)*1000/MD_m2,2))
B19: =IF(A19="","",IF(ISNUMBER(Schedule_Farmer!$D$5),A19-Schedule_Farmer!$D$5+1,"")) | AL19: =IF(OR(Q19="",NOT(ISNUMBER(TransDate))),"",Q19-TransDate) | AM19: =IF(OR(Q19="",NOT(ISNUMBER(FP_m2)),AND(R19<>"FP",R19<>"Both")),"",ROUND(SUMPRODUCT(T19:AE19,$T$4:$AE$4)*1000/FP_m2,2)) | AN19: =IF(OR(Q19="",NOT(ISNUMBER(FP_m2)),AND(R19<>"FP",R19<>"Both")),"",ROUND(SUMPRODUCT(T19:AE19,$T$5:$AE$5)*1000/FP_m2,2)) | AO19: =IF(OR(Q19="",NOT(ISNUMBER(MD_m2)),AND(R19<>"3F4D+MD",R19<>"Both")),"",ROUND(SUMPRODUCT(T19:AE19,$T$4:$AE$4)*1000/MD_m2,2)) | AP19: =IF(OR(Q19="",NOT(ISNUMBER(MD_m2)),AND(R19<>"3F4D+MD",R19<>"Both")),"",ROUND(SUMPRODUCT(T19:AE19,$T$5:$AE$5)*1000/MD_m2,2))
... B220: =IF(A220="","",IF(ISNUMBER(Schedule_Farmer!$D$5),A220-Schedule_Farmer!$D$5+1,"")) | AL220: =IF(OR(Q220="",NOT(ISNUMBER(TransDate))),"",Q220-TransDate) | AM220: =IF(OR(Q220="",NOT(ISNUMBER(FP_m2)),AND(R220<>"FP",R220<>"Both")),"",ROUND(SUMPRODUCT(T220:AE220,$T$4:$AE$4)*1000/FP_m2,2)) | AN220: =IF(OR(Q220="",NOT(ISNUMBER(FP_m2)),AND(R220<>"FP",R220<>"Both")),"",ROUND(SUMPRODUCT(T220:AE220,$T$5:$AE$5)*1000/FP_m2,2)) | AO220: =IF(OR(Q220="",NOT(ISNUMBER(MD_m2)),AND(R220<>"3F4D+MD",R220<>"Both")),"",ROUND(SUMPRODUCT(T220:AE220,$T$4:$AE$4)*1000/MD_m2,2)) | AP220: =IF(OR(Q220="",NOT(ISNUMBER(MD_m2)),AND(R220<>"3F4D+MD",R220<>"Both")),"",ROUND(SUMPRODUCT(T220:AE220,$T$5:$AE$5)*1000/MD_m2,2))

Sheet Graphs
A1: Graphs / গ্রাফ (MD, Pitan and 3F4D periods are drawn as lines at the top of the water-level graph)

Sheet How_to_measure_water_level
A1: Water level measurement method / পানির স্তর মাপার পদ্ধতি
B3: Example | C3: Value
B4: Tape measure length (total) | C4: 50
B5: b = height of the pipe top above the ground (cm) | C5: 13
B6: c = length of the pipe under the ground (cm) | C6: 5
B7: m = reading of the tape at the water surface (cm) | C7: 29.5
B8: TP = reading of the tape at the top of the pipe (cm) | C8: 45
B9: Water level = m - TP + b (cm) | C9: =C7-C8+C5
B11: • Negative water level = water below the soil surface.
B12: • Check that the top hole of the pipe is at the ground surface.
B13: • Are the pipes installed at an average position of the plot? Before the water is completely drained during Pitan or mid-season drainage, when the water level in the pipe matches the ground surface, check what percentage of the field still has water.
B14: • Is b measured properly? b changes when the soil shrinks during Pitan or mid-season drainage. Measure TP and b again at that time and enter them in the tab TP-b.

Sheet pull-down list
A1: pull-down list / ড্রপডাউন তালিকা (the administrator may add items at the end of a list)
A2: Weather (Both) | B2: Field (each plot) | C2: Pump and others (Both) | D2: Condition (each plot) | E2: Labour / Farmer work | F2: Activities (Other_info) | G2: Pesticide / herbicide type | H2: Plot
A3: Rain | B3: Stunted growth | C3: Electric outage | D3: Good | E3: Irrigation | F3: Seed wetting | G3: Insecticide | H3: FP
A4: Flood | B4: Non-rooting | C4: Pump or Boring trouble | D4: Need observation | E4: Weeding | F4: Seed sowing | G4: Fungicide | H4: 3F4D+MD
A5: Cold wave | B5: Insect | C5: Personal affairs | D5: Need consultation immediately | E5: Fertilizer application | F5: Cowdung application | G5: Herbicide | H5: Both
A6: Hot wave | B6: Algae | C6: Others | E6: Herbicide application | F6: Straw application | G6: Other
A7: Winds | B7: Disease | E7: Pest management | F7: Irrigation
A8: Hail | B8: Water pollution on rice field | E8: Planting | F8: Fertilizer
A9: Storm | B9: Worry about water shortage in future | E9: Harvesting | F9: Spray
A10: Others | B10: Water shortage | E10: Plowing | F10: Plowing
B11: Risk of soil crack | E11: Leveling (Land) | F11: Puddling
B12: Weed infestation | E12: Border dressing | F12: Transplanting
B13: Leaf tends to yellow | E13: Other land related work | F13: Weeding
B14: Red worm | E14: Drainage | F14: Others
B15: Brown spot on leaf | E15: H2S check
B16: Others | E16: Irrigation and Weeding
E17: Irrigation and fertilizer
E18: Others

Sheet Guide
A1: 3F4D Water Monitor - sheet version / শিট সংস্করণ
A2: Water-level record of the FP plot and the 3F4D+MD plot, in the same layout as the field irrigation-schedule workbook. Enter data directly in this Google Sheet. Calculations, checks, schedule and graphs are automatic. No script is needed.
A3: FP প্লট ও 3F4D+MD প্লটের পানির স্তরের রেকর্ড। সরাসরি এই গুগল শিটে তথ্য দিন। হিসাব, পরীক্ষা, সময়সূচি ও গ্রাফ স্বয়ংক্রিয়।
A5: Colours / রং
A6: Yellow = enter data here. Grey = calculated, do not edit. Red = a required item is missing. Blue / brown numbers = water above / below the soil surface.
A8: Order of work / কাজের ক্রম
A9: 1. Setup: site name, place, variety, sowing date, seedling age, plot area and TP / b of both plots. The transplanting date and the schedule are calculated.
A10: 2. Schedule_Farmer: check the planned dates (yellow bars). Enter the planned dates of seed wetting, plowing and puddling. When work is done, enter the actual date (green bars).
A11: 3. Data_Farmer: one column per day (dates across). Every day enter the tape reading m of both plots. If you irrigated, enter m before and after irrigation. Rain, temperature, humidity, field condition, condition, work time, labour and notes as needed. Tillers: count 5 hills on the measurement days (see Calendar).
A12: 4. TP-b: after Pitan and mid-season drainage, measure TP and b again and add a row.
A13: 5. Other_info: seedbed and main-field work, fertilizer (kg) and pesticide. N and P per 10a are calculated from the plot area in Setup.
A14: 6. Today: what to do today, latest water level, totals and next events. Calendar: planned and actual dates of both plots at a glance. Graphs: water level, rain, cumulative irrigation, daily decrease, tillers.
... A23: Schedule rules follow the 3F4D+MD scheduling app (Professional mode); the numbers of days are in Setup. 3F4D manuals: English https://doi.org/10.5281/zenodo.22932287 , Bengali https://doi.org/10.5281/zenodo.23075395
