Workbook

Sheet Guide
A1: 3F4D Water Monitor - sheet version / শিট সংস্করণ
A2: Water-level record of the FP plot and the 3F4D+MD plot. You enter data in only TWO tabs (yellow tabs). All other tabs are automatic.
A3: মাত্র দুটি ট্যাবে (হলুদ ট্যাব) তথ্য দিন। বাকি সব ট্যাব স্বয়ংক্রিয়।
A5: WHERE TO ENTER / কোথায় লিখবেন
A6: 1_Settings - once at the start of the season: site, sowing date, seedling age, plot area, TP and b, planned dates of seed wetting / plowing / puddling.
A7: 2_Daily_input - every day: one column per day. Tape reading m of both plots (every day), m before and after irrigation, rain and weather, field condition and work. Occasionally: tillers, TP and b measured again, schedule work done, fertilizer and chemicals.
A9: Colours / রং
A10: Yellow cell = enter here. Grey cell = automatic, do not edit. Red cell = needed but still empty. Blue / brown numbers = water above / below the soil surface.
A12: 2_Daily_input - sections from top to bottom
A13: EVERY DAY: m of FP and 3F4D+MD. The water level and the check appear below automatically.
A14: WHEN YOU IRRIGATE: m before and after irrigation (both, on the same day). Irrigation (mm) appears automatically.
A15: WEATHER, FIELD AND WORK, NOTE: when there is something to record.
... A42: Schedule rules follow the 3F4D+MD scheduling app (Professional mode); the numbers of days are in 1_Settings (section E). 3F4D manuals: English https://doi.org/10.5281/zenodo.22932287 , Bengali https://doi.org/10.5281/zenodo.23075395

Sheet 1_Settings
A1: 1 Basic settings / মৌলিক সেটআপ
A2: Enter once at the start of the season, in the YELLOW cells only. Red = required and still empty. Grey = calculated. Daily data go to the tab 2_Daily_input.
A4: A. Site / সাইট
A5: 1 | B5: Site name * / সাইটের নাম | C5: Demo Site-03 | D5: e.g. Chougachha-01
A6: 2 | B6: Place (district / upazila) * / স্থান | C6: Pirganj, Rangpur | D6: e.g. Chougachha, Jashore
A7: 3 | B7: Latitude (optional) | C7: 23.1 | D7: e.g. 23.27
A8: 4 | B8: Longitude (optional) | C8: 89 | D8: e.g. 89.25
A9: 5 | B9: Variety / জাত | C9: BRRI dhan58 | D9: e.g. Rod miniket
A11: B. Crop dates / তারিখ
A12: 6 | B12: Sowing date (seedbed) * / বপনের তারিখ | C12: 45989 | D12: e.g. 02 Dec 2025
A13: 7 | B13: Seedling age at transplanting (days) * / চারার বয়স | C13: 49 | D13: e.g. 49
B14: Transplanting date (automatic) / রোপণের তারিখ | C14: =IF(AND(ISNUMBER(C12),ISNUMBER(C13)),C12+C13,"") -> 46038 | D14: sowing date + seedling age
B15: Day 0 of the schedule (automatic) | C15: =IF(C14="","",C14-35) -> 46003 | D15: transplanting date - 35 (same as the 3F4D+MD scheduling app)
A16: 8 | B16: First date of the daily sheet (optional) | D16: Leave empty = 3 days before sowing (seed wetting). Do not change it after data entry has started.
B17: First date used (automatic) | C17: =IF(ISNUMBER(C16),C16,IF(ISNUMBER(C12),C12-3,"")) -> 45986
A19: C. Plots: area and the water-level pipe / প্লট
B20: Plot / প্লট | C20: Plot ID | D20: Area (decimal) * | E20: TP (cm) * | F20: b (cm) * | G20: Area (m2, auto) | H20: TP = tape reading at the top of the pipe; b = height of the pipe top above the soil (see How_to_measure)
A21: 9 | B21: FP (farmers practice) | C21: FP-1 | D21: 8.457 | E21: 295 | F21: 16 | G21: =IF(ISNUMBER(D21),D21*40.4686,"") -> 342.24295
A22: 10 | B22: 3F4D+MD | C22: MD-1 | D22: 8.457 | E22: 415 | F22: 16 | G22: =IF(ISNUMBER(D22),D22*40.4686,"") -> 342.24295
A23: 11 | B23: Date TP and b were measured / TP ও b মাপার তারিখ | C23: 46038 | D23: Usually the transplanting day. Later re-measurements (after Pitan / MD): enter them in 2_Daily_input.
A25: D. Planned dates you decide yourself / নিজে ঠিক করা তারিখ
A26: 12 | B26: Seed wetting - planned date | C26: 45986 | D26: The other planned dates are calculated (Schedule_Farmer).
A27: 13 | B27: Plowing - planned date | C27: 45995
A28: 14 | B28: Puddling - planned date | C28: 46025
A30: E. Schedule rules (days) - usually do not change / সাধারণত পরিবর্তন করবেন না
B31: Days from sowing to transplanting (app) | C31: 35
B32: Pitan start: days after transplanting | C32: 30
B33: Pitan duration (days) | C33: 3
B34: MD start: days after sowing (app) | C34: 66
B35: MD duration (days) | C35: 8
B36: PI check: days after MD start | C36: 6
B37: Heading: days after sowing (app) | C37: 111
B38: Flooding before heading (days) | C38: 25
B39: 3F4D start before heading (days) | C39: 21
B40: Harvest: days after heading | C40: 28
B41: FP: Pitan duration (days) | C41: 8
B42: FP: last irrigation, days before harvest | C42: 15
... B44: 3F4D cycle length (days; 8 if one day was lost) | C44: 7
A46: F. N and P content of fertilizers (fraction) - usually do not change
B47: Fertilizer | C47: N (fraction) | D47: P (fraction)
B48: Urea | C48: 0.46 | D48: 0
B49: TSP | C49: 0 | D49: 0.2
B50: DAP | C50: 0.18 | D50: 0.2
B51: Gypsum | C51: 0 | D51: 0
B52: MOP | C52: 0 | D52: 0
B53: Boron | C53: 0 | D53: 0
B54: Zinc | C54: 0 | D54: 0
B55: Magnesium | C55: 0 | D55: 0
B56: Sulphate | C56: 0 | D56: 0
B57: Thiovit | C57: 0 | D57: 0
B58: Cow dung | C58: 0 | D58: 0
B59: Straw | C59: 0 | D59: 0
B60: P = elemental P (P2O5 x 0.436)

Sheet 2_Daily_input
B1: 2 Daily input / দৈনিক তথ্য | C1: Date | D1: =IF(ISNUMBER(DataStart),DataStart+0,"") -> 45986 | E1: =IF(ISNUMBER(DataStart),DataStart+1,"") -> 45987 | F1: =IF(ISNUMBER(DataStart),DataStart+2,"") -> 45988 | G1: =IF(ISNUMBER(DataStart),DataStart+3,"") -> 45989 | H1: =IF(ISNUMBER(DataStart),DataStart+4,"") -> 45990 | I1: =IF(ISNUMBER(DataStart),DataStart+5,"") -> 45991 | J1: =IF(ISNUMBER(DataStart),DataStart+6,"") -> 45992 | K1: =IF(ISNUMBER(DataStart),DataStart+7,"") -> 45993 | L1: =IF(ISNUMBER(DataStart),DataStart+8,"") -> 45994 | M1: =IF(ISNUMBER(DataStart),DataStart+9,"") -> 45995 | N1: =IF(ISNUMBER(DataStart),DataStart+10,"") -> 45996 | O1: =IF(ISNUMBER(DataStart),DataStart+11,"") -> 45997 | P1: =IF(ISNUMBER(DataStart),DataStart+12,"") -> 45998 | Q1: =IF(ISNUMBER(DataStart),DataStart+13,"") -> 45999 | R1: =IF(ISNUMBER(DataStart),DataStart+14,"") -> 46000 | S1: =IF(ISNUMBER(DataStart),DataStart+15,"") -> 46001 | T1: =IF(ISNUMBER(DataStart),DataStart+16,"") -> 46002 | U1: =IF(ISNUMBER(DataStart),DataStart+17,"") -> 46003 | V1: =IF(ISNUMBER(DataStart),DataStart+18,"") -> 46004 | W1: =IF(ISNUMBER(DataStart),DataStart+19,"") -> 46005 | X1: =IF(ISNUMBER(DataStart),DataStart+20,"") -> 46006 | Y1: =IF(ISNUMBER(DataStart),DataStart+21,"") -> 46007 | Z1: =IF(ISNUMBER(DataStart),DataStart+22,"") -> 46008 | AA1: =IF(ISNUMBER(DataStart),DataStart+23,"") -> 46009 | AB1: =IF(ISNUMBER(DataStart),DataStart+24,"") -> 46010 | AC1: =IF(ISNUMBER(DataStart),DataStart+25,"") -> 46011 | AD1: =IF(ISNUMBER(DataStart),DataStart+26,"") -> 46012 | AE1: =IF(ISNUMBER(DataStart),DataStart+27,"") -> 46013 | AF1: =IF(ISNUMBER(DataStart),DataStart+28,"") -> 46014 | AG1: =IF(ISNUMBER(DataStart),DataStart+29,"") -> 46015 | AH1: =IF(ISNUMBER(DataStart),DataStart+30,"") -> 46016 | AI1: =IF(ISNUMBER(DataStart),DataStart+31,"") -> 46017 | AJ1: =IF(ISNUMBER(DataStart),DataStart+32,"") -> 46018 | AK1: =IF(ISNUMBER(DataStart),DataStart+33,"") -> 46019 | AL1: =IF(ISNUMBER(DataStart),DataStart+34,"") -> 46020 | AM1: =IF(ISNUMBER(DataStart),DataStart+35,"") -> 46021 | AN1: =IF(ISNUMBER(DataStart),DataStart+36,"") -> 46022 | AO1: =IF(ISNUMBER(DataStart),DataStart+37,"") -> 46023 | AP1: =IF(ISNUMBER(DataStart),DataStart+38,"") -> 46024 | AQ1: =IF(ISNUMBER(DataStart),DataStart+39,"") -> 46025 | AR1: =IF(ISNUMBER(DataStart),DataStart+40,"") -> 46026 | AS1: =IF(ISNUMBER(DataStart),DataStart+41,"") -> 46027 | AT1: =IF(ISNUMBER(DataStart),DataStart+42,"") -> 46028 | AU1: =IF(ISNUMBER(DataStart),DataStart+43,"") -> 46029 | AV1: =IF(ISNUMBER(DataStart),DataStart+44,"") -> 46030 | AW1: =IF(ISNUMBER(DataStart),DataStart+45,"") -> 46031 | AX1: =IF(ISNUMBER(DataStart),DataStart+46,"") -> 46032 | AY1: =IF(ISNUMBER(DataStart),DataStart+47,"") -> 46033 | AZ1: =IF(ISNUMBER(DataStart),DataStart+48,"") -> 46034 | BA1: =IF(ISNUMBER(DataStart),DataStart+49,"") -> 46035 | BB1: =IF(ISNUMBER(DataStart),DataStart+50,"") -> 46036 | BC1: =IF(ISNUMBER(DataStart),DataStart+51,"") -> 46037 | BD1: =IF(ISNUMBER(DataStart),DataStart+52,"") -> 46038 | BE1: =IF(ISNUMBER(DataStart),DataStart+53,"") -> 46039 | BF1: =IF(ISNUMBER(DataStart),DataStart+54,"") -> 46040 | BG1: =IF(ISNUMBER(DataStart),DataStart+55,"") -> 46041 | BH1: =IF(ISNUMBER(DataStart),DataStart+56,"") -> 46042 | BI1: =IF(ISNUMBER(DataStart),DataStart+57,"") -> 46043 | BJ1: =IF(ISNUMBER(DataStart),DataStart+58,"") -> 46044 | BK1: =IF(ISNUMBER(DataStart),DataStart+59,"") -> 46045 | BL1: =IF(ISNUMBER(DataStart),DataStart+60,"") -> 46046 | BM1: =IF(ISNUMBER(DataStart),DataStart+61,"") -> 46047 | BN1: =IF(ISNUMBER(DataStart),DataStart+62,"") -> 46048 | BO1: =IF(ISNUMBER(DataStart),DataStart+63,"") -> 46049 | BP1: =IF(ISNUMBER(DataStart),DataStart+64,"") -> 46050 | BQ1: =IF(ISNUMBER(DataStart),DataStart+65,"") -> 46051 | BR1: =IF(ISNUMBER(DataStart),DataStart+66,"") -> 46052 | BS1: =IF(ISNUMBER(DataStart),DataStart+67,"") -> 46053 | BT1: =IF(ISNUMBER(DataStart),DataStart+68,"") -> 46054 | BU1: =IF(ISNUMBER(DataStart),DataStart+69,"") -> 46055 | BV1: =IF(ISNUMBER(DataStart),DataStart+70,"") -> 46056 | BW1: =IF(ISNUMBER(DataStart),DataStart+71,"") -> 46057 | BX1: =IF(ISNUMBER(DataStart),DataStart+72,"") -> 46058 | BY1: =IF(ISNUMBER(DataStart),DataStart+73,"") -> 46059 | BZ1: =IF(ISNUMBER(DataStart),DataStart+74,"") -> 46060 | CA1: =IF(ISNUMBER(DataStart),DataStart+75,"") -> 46061 | CB1: =IF(ISNUMBER(DataStart),DataStart+76,"") -> 46062 | CC1: =IF(ISNUMBER(DataStart),DataStart+77,"") -> 46063 | CD1: =IF(ISNUMBER(DataStart),DataStart+78,"") -> 46064 | CE1: =IF(ISNUMBER(DataStart),DataStart+79,"") -> 46065 | CF1: =IF(ISNUMBER(DataStart),DataStart+80,"") -> 46066 | CG1: =IF(ISNUMBER(DataStart),DataStart+81,"") -> 46067 | CH1: =IF(ISNUMBER(DataStart),DataStart+82,"") -> 46068 | CI1: =IF(ISNUMBER(DataStart),DataStart+83,"") -> 46069 | CJ1: =IF(ISNUMBER(DataStart),DataStart+84,"") -> 46070 | CK1: =IF(ISNUMBER(DataStart),DataStart+85,"") -> 46071 | CL1: =IF(ISNUMBER(DataStart),DataStart+86,"") -> 46072 | CM1: =IF(ISNUMBER(DataStart),DataStart+87,"") -> 46073 | CN1: =IF(ISNUMBER(DataStart),DataStart+88,"") -> 46074 | CO1: =IF(ISNUMBER(DataStart),DataStart+89,"") -> 46075 | CP1: =IF(ISNUMBER(DataStart),DataStart+90,"") -> 46076 | CQ1: =IF(ISNUMBER(DataStart),DataStart+91,"") -> 46077 | CR1: =IF(ISNUMBER(DataStart),DataStart+92,"") -> 46078 | CS1: =IF(ISNUMBER(DataStart),DataStart+93,"") -> 46079 | CT1: =IF(ISNUMBER(DataStart),DataStart+94,"") -> 46080 | CU1: =IF(ISNUMBER(DataStart),DataStart+95,"") -> 46081 | CV1: =IF(ISNUMBER(DataStart),DataStart+96,"") -> 46082 | CW1: =IF(ISNUMBER(DataStart),DataStart+97,"") -> 46083 | CX1: =IF(ISNUMBER(DataStart),DataStart+98,"") -> 46084 | CY1: =IF(ISNUMBER(DataStart),DataStart+99,"") -> 46085 | CZ1: =IF(ISNUMBER(DataStart),DataStart+100,"") -> 46086 | DA1: =IF(ISNUMBER(DataStart),DataStart+101,"") -> 46087 | DB1: =IF(ISNUMBER(DataStart),DataStart+102,"") -> 46088 | DC1: =IF(ISNUMBER(DataStart),DataStart+103,"") -> 46089 | DD1: =IF(ISNUMBER(DataStart),DataStart+104,"") -> 46090 | DE1: =IF(ISNUMBER(DataStart),DataStart+105,"") -> 46091 | DF1: =IF(ISNUMBER(DataStart),DataStart+106,"") -> 46092 | DG1: =IF(ISNUMBER(DataStart),DataStart+107,"") -> 46093 | DH1: =IF(ISNUMBER(DataStart),DataStart+108,"") -> 46094 | DI1: =IF(ISNUMBER(DataStart),DataStart+109,"") -> 46095 | DJ1: =IF(ISNUMBER(DataStart),DataStart+110,"") -> 46096 | DK1: =IF(ISNUMBER(DataStart),DataStart+111,"") -> 46097 | DL1: =IF(ISNUMBER(DataStart),DataStart+112,"") -> 46098 | DM1: =IF(ISNUMBER(DataStart),DataStart+113,"") -> 46099 | DN1: =IF(ISNUMBER(DataStart),DataStart+114,"") -> 46100 | DO1: =IF(ISNUMBER(DataStart),DataStart+115,"") -> 46101 | DP1: =IF(ISNUMBER(DataStart),DataStart+116,"") -> 46102 | DQ1: =IF(ISNUMBER(DataStart),DataStart+117,"") -> 46103 | DR1: =IF(ISNUMBER(DataStart),DataStart+118,"") -> 46104 | DS1: =IF(ISNUMBER(DataStart),DataStart+119,"") -> 46105 | DT1: =IF(ISNUMBER(DataStart),DataStart+120,"") -> 46106 | DU1: =IF(ISNUMBER(DataStart),DataStart+121,"") -> 46107 | DV1: =IF(ISNUMBER(DataStart),DataStart+122,"") -> 46108 | DW1: =IF(ISNUMBER(DataStart),DataStart+123,"") -> 46109 | DX1: =IF(ISNUMBER(DataStart),DataStart+124,"") -> 46110 | DY1: =IF(ISNUMBER(DataStart),DataStart+125,"") -> 46111 | DZ1: =IF(ISNUMBER(DataStart),DataStart+126,"") -> 46112 | EA1: =IF(ISNUMBER(DataStart),DataStart+127,"") -> 46113 | EB1: =IF(ISNUMBER(DataStart),DataStart+128,"") -> 46114 | EC1: =IF(ISNUMBER(DataStart),DataStart+129,"") -> 46115 | ED1: =IF(ISNUMBER(DataStart),DataStart+130,"") -> 46116 | EE1: =IF(ISNUMBER(DataStart),DataStart+131,"") -> 46117 | EF1: =IF(ISNUMBER(DataStart),DataStart+132,"") -> 46118 | EG1: =IF(ISNUMBER(DataStart),DataStart+133,"") -> 46119 | EH1: =IF(ISNUMBER(DataStart),DataStart+134,"") -> 46120 | EI1: =IF(ISNUMBER(DataStart),DataStart+135,"") -> 46121 | EJ1: =IF(ISNUMBER(DataStart),DataStart+136,"") -> 46122 | EK1: =IF(ISNUMBER(DataStart),DataStart+137,"") -> 46123 | EL1: =IF(ISNUMBER(DataStart),DataStart+138,"") -> 46124 | EM1: =IF(ISNUMBER(DataStart),DataStart+139,"") -> 46125 | EN1: =IF(ISNUMBER(DataStart),DataStart+140,"") -> 46126 | EO1: =IF(ISNUMBER(DataStart),DataStart+141,"") -> 46127 | EP1: =IF(ISNUMBER(DataStart),DataStart+142,"") -> 46128 | EQ1: =IF(ISNUMBER(DataStart),DataStart+143,"") -> 46129 | ER1: =IF(ISNUMBER(DataStart),DataStart+144,"") -> 46130 | ES1: =IF(ISNUMBER(DataStart),DataStart+145,"") -> 46131 | ET1: =IF(ISNUMBER(DataStart),DataStart+146,"") -> 46132 | EU1: =IF(ISNUMBER(DataStart),DataStart+147,"") -> 46133 | EV1: =IF(ISNUMBER(DataStart),DataStart+148,"") -> 46134 | EW1: =IF(ISNUMBER(DataStart),DataStart+149,"") -> 46135 | EX1: =IF(ISNUMBER(DataStart),DataStart+150,"") -> 46136 | EY1: =IF(ISNUMBER(DataStart),DataStart+151,"") -> 46137 | EZ1: =IF(ISNUMBER(DataStart),DataStart+152,"") -> 46138 | FA1: =IF(ISNUMBER(DataStart),DataStart+153,"") -> 46139 | FB1: =IF(ISNUMBER(DataStart),DataStart+154,"") -> 46140 | FC1: =IF(ISNUMBER(DataStart),DataStart+155,"") -> 46141 | FD1: =IF(ISNUMBER(DataStart),DataStart+156,"") -> 46142 | FE1: =IF(ISNUMBER(DataStart),DataStart+157,"") -> 46143 | FF1: =IF(ISNUMBER(DataStart),DataStart+158,"") -> 46144 | FG1: =IF(ISNUMBER(DataStart),DataStart+159,"") -> 46145 | FH1: =IF(ISNUMBER(DataStart),DataStart+160,"") -> 46146 | FI1: =IF(ISNUMBER(DataStart),DataStart+161,"") -> 46147 | FJ1: =IF(ISNUMBER(DataStart),DataStart+162,"") -> 46148 | FK1: =IF(ISNUMBER(DataStart),DataStart+163,"") -> 46149 | FL1: =IF(ISNUMBER(DataStart),DataStart+164,"") -> 46150 | FM1: =IF(ISNUMBER(DataStart),DataStart+165,"") -> 46151 | FN1: =IF(ISNUMBER(DataStart),DataStart+166,"") -> 46152 | FO1: =IF(ISNUMBER(DataStart),DataStart+167,"") -> 46153 | FP1: =IF(ISNUMBER(DataStart),DataStart+168,"") -> 46154 | FQ1: =IF(ISNUMBER(DataStart),DataStart+169,"") -> 46155
B2: One column per day. Enter in the YELLOW cells only. | C2: Weekday | D2: =IF(D1="","",TEXT(D1,"ddd")) -> Tue | E2: =IF(E1="","",TEXT(E1,"ddd")) -> Wed | F2: =IF(F1="","",TEXT(F1,"ddd")) -> Thu | G2: =IF(G1="","",TEXT(G1,"ddd")) -> Fri | H2: =IF(H1="","",TEXT(H1,"ddd")) -> Sat | I2: =IF(I1="","",TEXT(I1,"ddd")) -> Sun | J2: =IF(J1="","",TEXT(J1,"ddd")) -> Mon | K2: =IF(K1="","",TEXT(K1,"ddd")) -> Tue | ... FQ2: =IF(FQ1="","",TEXT(FQ1,"ddd")) -> Wed
B3: =IFERROR("Today: column "&SUBSTITUTE(ADDRESS(1,MATCH(TODAY(),$D$1:$FQ$1,0)+3,4),"1",""),"Today is outside the dates of this sheet") -> Today is outside the dates of this sheet | C3: Days after transplanting | D3: =IF(OR(D1="",NOT(ISNUMBER(TransDate))),"",D1-TransDate) -> -52 | E3: =IF(OR(E1="",NOT(ISNUMBER(TransDate))),"",E1-TransDate) -> -51 | F3: =IF(OR(F1="",NOT(ISNUMBER(TransDate))),"",F1-TransDate) -> -50 | G3: =IF(OR(G1="",NOT(ISNUMBER(TransDate))),"",G1-TransDate) -> -49 | H3: =IF(OR(H1="",NOT(ISNUMBER(TransDate))),"",H1-TransDate) -> -48 | I3: =IF(OR(I1="",NOT(ISNUMBER(TransDate))),"",I1-TransDate) -> -47 | J3: =IF(OR(J1="",NOT(ISNUMBER(TransDate))),"",J1-TransDate) -> -46 | K3: =IF(OR(K1="",NOT(ISNUMBER(TransDate))),"",K1-TransDate) -> -45 | ... FQ3: =IF(OR(FQ1="",NOT(ISNUMBER(TransDate))),"",FQ1-TransDate) -> 117
B4: Red cell = needed but empty. Grey = automatic. | C4: Stage (schedule) | D4: =Data_Farmer!D6 | E4: =Data_Farmer!E6 | F4: =Data_Farmer!F6 | G4: =Data_Farmer!G6 | H4: =Data_Farmer!H6 | I4: =Data_Farmer!I6 | J4: =Data_Farmer!J6 | K4: =Data_Farmer!K6 | ... FQ4: =Data_Farmer!FQ6
B6: EVERY DAY: tape reading m at the pipe / প্রতিদিন: পাইপে টেপের মাপ m
B7: FP: m (cm) * | C7: every day | BD7: 280 | BE7: 279.9 | BF7: 280.5 | BG7: 280 | BH7: 282.1 | BI7: 281.4 | BJ7: 281.2 | BK7: 280.5 | BL7: 281.8 | BM7: 281.5 | BN7: 281.1 | BO7: 280.5 | BP7: 280.3 | BQ7: 281.5 | BR7: 281.1 | BS7: 280.4 | BT7: 280.2 | BU7: 280 | BV7: 279.9 | BW7: 279.7 | BX7: 281.6 | BY7: 281.4 | BZ7: 280.9 | CB7: 280.1 | CC7: 279.5 | CD7: 278.5 | CE7: 281 | CF7: 280.5 | CG7: 280.3 | CH7: 279.9 | CI7: 282.8 | CJ7: 282.3 | CK7: 281.5 | CL7: 280 | CM7: 279.7 | CN7: 279 | CO7: 277 | CP7: 275 | CQ7: 272 | CR7: 265 | CS7: 265 | CT7: 265 | CU7: 265 | CV7: 265 | CW7: 265 | CX7: 281 | CY7: 280.7 | CZ7: 280.2 | DA7: 281.7 | DB7: 281 | DC7: 280.5 | DD7: 282.5 | DE7: 282 | DF7: 281.5 | DG7: 281 | DH7: 280.7 | DI7: 280.1 | DJ7: 280 | DK7: 281 | DM7: 280.2 | DN7: 280.9 | DO7: 280 | DP7: 281 | DQ7: 280.7 | DR7: 280.3 | DS7: 280.5 | DT7: 280 | DU7: 281 | DV7: 280.7 | DW7: 280.5 | DX7: 281 | DY7: 280.7 | DZ7: 280.5 | EA7: 280.1 | EB7: 281.5 | EC7: 281 | ED7: 280.7 | EE7: 282 | EF7: 281.7 | EG7: 281 | EH7: 280.6 | EI7: 281.5 | EJ7: 281 | EK7: 282.5 | EL7: 281.5 | EM7: 282.5 | EN7: 282 | EO7: 281.5 | EP7: 280.5 | EQ7: 281.5 | ER7: 280 | ES7: 273.5 | ET7: 265
B8: 3F4D+MD: m (cm) * | C8: every day | BD8: 400.3 | BE8: 400 | BF8: 400.3 | BG8: 400 | BH8: 402.2 | BI8: 401.3 | BJ8: 401.1 | BK8: 400.5 | BL8: 402 | BM8: 401.5 | BN8: 401 | BO8: 400.5 | BP8: 400.3 | BQ8: 401.5 | BR8: 401 | BS8: 400.5 | BT8: 400.3 | BU8: 400.1 | BV8: 400 | BW8: 399.5 | BX8: 401.3 | BY8: 401 | BZ8: 400.5 | CB8: 400 | CC8: 398.8 | CD8: 398.3 | CE8: 401 | CF8: 400.7 | CG8: 400.5 | CH8: 400 | CI8: 402.8 | CJ8: 402.2 | CK8: 401.5 | CL8: 400 | CM8: 399.7 | CN8: 399 | CO8: 395 | CP8: 392 | CQ8: 385 | CR8: 385 | CS8: 385 | CT8: 385 | CU8: 385 | CV8: 385 | CW8: 385 | CX8: 401 | CY8: 400.7 | CZ8: 400.2 | DA8: 401.7 | DB8: 401 | DC8: 400.5 | DD8: 401.6 | DE8: 401 | DF8: 400.7 | DG8: 400.3 | DH8: 400.8 | DI8: 400.4 | DJ8: 397 | DK8: 394 | DM8: 389 | DN8: 388 | DO8: 401 | DP8: 400.5 | DQ8: 396 | DR8: 391 | DS8: 388 | DT8: 385 | DU8: 385 | DV8: 401 | DW8: 400.5 | DX8: 398 | DY8: 393 | DZ8: 388 | EA8: 385 | EB8: 385 | EC8: 401.5 | ED8: 400.3 | EE8: 402 | EF8: 399 | EG8: 394.3 | EH8: 389 | EI8: 386 | EJ8: 385 | EK8: 403 | EL8: 402 | EM8: 403 | EN8: 402 | EO8: 400 | EP8: 397 | EQ8: 390 | ER8: 385 | ES8: 385 | ET8: 385
B9: FP: water level (cm) | C9: automatic | D9: =IF(Data_Farmer!D13="","",Data_Farmer!D13) | E9: =IF(Data_Farmer!E13="","",Data_Farmer!E13) | F9: =IF(Data_Farmer!F13="","",Data_Farmer!F13) | G9: =IF(Data_Farmer!G13="","",Data_Farmer!G13) | H9: =IF(Data_Farmer!H13="","",Data_Farmer!H13) | I9: =IF(Data_Farmer!I13="","",Data_Farmer!I13) | J9: =IF(Data_Farmer!J13="","",Data_Farmer!J13) | K9: =IF(Data_Farmer!K13="","",Data_Farmer!K13) | ... FQ9: =IF(Data_Farmer!FQ13="","",Data_Farmer!FQ13)
B10: 3F4D+MD: water level (cm) | C10: automatic | D10: =IF(Data_Farmer!D38="","",Data_Farmer!D38) | E10: =IF(Data_Farmer!E38="","",Data_Farmer!E38) | F10: =IF(Data_Farmer!F38="","",Data_Farmer!F38) | G10: =IF(Data_Farmer!G38="","",Data_Farmer!G38) | H10: =IF(Data_Farmer!H38="","",Data_Farmer!H38) | I10: =IF(Data_Farmer!I38="","",Data_Farmer!I38) | J10: =IF(Data_Farmer!J38="","",Data_Farmer!J38) | K10: =IF(Data_Farmer!K38="","",Data_Farmer!K38) | ... FQ10: =IF(Data_Farmer!FQ38="","",Data_Farmer!FQ38)
B11: FP: input check (automatic) | C11: warnings, see Guide | D11: =IF(Data_Farmer!D30="","",Data_Farmer!D30) | E11: =IF(Data_Farmer!E30="","",Data_Farmer!E30) | F11: =IF(Data_Farmer!F30="","",Data_Farmer!F30) | G11: =IF(Data_Farmer!G30="","",Data_Farmer!G30) | H11: =IF(Data_Farmer!H30="","",Data_Farmer!H30) | I11: =IF(Data_Farmer!I30="","",Data_Farmer!I30) | J11: =IF(Data_Farmer!J30="","",Data_Farmer!J30) | K11: =IF(Data_Farmer!K30="","",Data_Farmer!K30) | ... FQ11: =IF(Data_Farmer!FQ30="","",Data_Farmer!FQ30)
B12: 3F4D+MD: input check (automatic) | C12: warnings, see Guide | D12: =IF(Data_Farmer!D55="","",Data_Farmer!D55) | E12: =IF(Data_Farmer!E55="","",Data_Farmer!E55) | F12: =IF(Data_Farmer!F55="","",Data_Farmer!F55) | G12: =IF(Data_Farmer!G55="","",Data_Farmer!G55) | H12: =IF(Data_Farmer!H55="","",Data_Farmer!H55) | I12: =IF(Data_Farmer!I55="","",Data_Farmer!I55) | J12: =IF(Data_Farmer!J55="","",Data_Farmer!J55) | K12: =IF(Data_Farmer!K55="","",Data_Farmer!K55) | ... FQ12: =IF(Data_Farmer!FQ55="","",Data_Farmer!FQ55)
B14: WHEN YOU IRRIGATE: m before and after irrigation / সেচ দিলে
B15: FP: m before irrigation (cm) | C15: only on irrigation days | BE15: 279.9 | BG15: 280 | BK15: 280.5 | BP15: 280.3 | BW15: 279.7 | CD15: 278.5 | CH15: 279.9 | CW15: 265 | CZ15: 280.2 | DC15: 280.5 | DI15: 280.1 | DJ15: 280 | DM15: 280.2 | DO15: 280 | DR15: 280.3 | DT15: 280 | DW15: 280.5 | EA15: 280.1 | EH15: 280.6 | EJ15: 281 | EP15: 280.5
B16: FP: m after irrigation (cm) | C16: only on irrigation days | BE16: 280.6 | BG16: 282.4 | BK16: 282.3 | BP16: 281.9 | BW16: 282.4 | CD16: 281.3 | CH16: 282.8 | CW16: 280.7 | CZ16: 281.9 | DC16: 283.4 | DI16: 282.4 | DJ16: 281.9 | DM16: 281 | DO16: 281.9 | DR16: 281 | DT16: 281.9 | DW16: 281.9 | EA16: 282.1 | EH16: 281.9 | EJ16: 283.4 | EP16: 281.9
B17: FP: irrigation time (min:sec) | C17: optional | BE17: 15:00 | BG17: 40:00 | BK17: 40:00 | BP17: 30:00 | BW17: 20:00 | CD17: 25:00 | CH17: 40:00 | CW17: 30:00 | CZ17: 30:00 | DC17: 40:00 | DI17: 20:00 | DJ17: 20:00 | DM17: 10:00 | DO17: 20:00 | DR17: 20:00 | DT17: 30:00 | DW17: 20:00 | EA17: 20:00 | EH17: 25:00 | EJ17: 25:00 | EP17: 20:00
B18: 3F4D+MD: m before irrigation (cm) | C18: only on irrigation days | BE18: 400 | BG18: 400 | BK18: 400.5 | BP18: 400.3 | BW18: 399.5 | CD18: 398.3 | CH18: 400 | CW18: 385 | CZ18: 400.2 | DC18: 400.5 | DG18: 400.3 | DN18: 388 | DU18: 385 | EB18: 385 | EJ18: 385
B19: 3F4D+MD: m after irrigation (cm) | C19: only on irrigation days | BE19: 400.5 | BG19: 402.4 | BK19: 402.3 | BP19: 401.9 | BW19: 401.4 | CD19: 401.2 | CH19: 402.9 | CW19: 401 | CZ19: 401.9 | DC19: 402.6 | DG19: 401.3 | DN19: 401.1 | DU19: 401.5 | EB19: 401.5 | EJ19: 403.9
B20: 3F4D+MD: irrigation time (min:sec) | C20: optional | BE20: 15:00 | BG20: 40:00 | BK20: 40:00 | BP20: 30:00 | BW20: 20:00 | CD20: 25:00 | CH20: 40:00 | CW20: 30:00 | CZ20: 30:00 | DC20: 40:00 | DG20: 20:00 | DN20: 20:00 | DU20: 30:00 | EB20: 30:00 | EJ20: 35:00
B21: FP: irrigation (mm) | C21: automatic | D21: =IF(Data_Farmer!D21="","",Data_Farmer!D21) | E21: =IF(Data_Farmer!E21="","",Data_Farmer!E21) | F21: =IF(Data_Farmer!F21="","",Data_Farmer!F21) | G21: =IF(Data_Farmer!G21="","",Data_Farmer!G21) | H21: =IF(Data_Farmer!H21="","",Data_Farmer!H21) | I21: =IF(Data_Farmer!I21="","",Data_Farmer!I21) | J21: =IF(Data_Farmer!J21="","",Data_Farmer!J21) | K21: =IF(Data_Farmer!K21="","",Data_Farmer!K21) | ... FQ21: =IF(Data_Farmer!FQ21="","",Data_Farmer!FQ21)
B22: 3F4D+MD: irrigation (mm) | C22: automatic | D22: =IF(Data_Farmer!D46="","",Data_Farmer!D46) | E22: =IF(Data_Farmer!E46="","",Data_Farmer!E46) | F22: =IF(Data_Farmer!F46="","",Data_Farmer!F46) | G22: =IF(Data_Farmer!G46="","",Data_Farmer!G46) | H22: =IF(Data_Farmer!H46="","",Data_Farmer!H46) | I22: =IF(Data_Farmer!I46="","",Data_Farmer!I46) | J22: =IF(Data_Farmer!J46="","",Data_Farmer!J46) | K22: =IF(Data_Farmer!K46="","",Data_Farmer!K46) | ... FQ22: =IF(Data_Farmer!FQ46="","",Data_Farmer!FQ46)
B24: WEATHER (both plots) / আবহাওয়া
B25: Rain fall (mm) / বৃষ্টি | C25: if it rained | CM25: 3.2 | DO25: 7.3 | DU25: 2.1 | EB25: 7.3 | EC25: 2 | ED25: 1.1 | EE25: 21.1 | EM25: 15.8
B26: Temperature (°C) | C26: optional | BD26: 25 | BE26: 25 | BF26: 23 | BG26: 20 | BH26: 17 | BI26: 23 | BJ26: 22 | BK26: 21 | BL26: 23 | BM26: 19 | BN26: 24 | BO26: 24 | BP26: 24 | BQ26: 23 | BR26: 17 | BS26: 24 | BT26: 24 | BU26: 23 | BV26: 24 | BW26: 21 | BX26: 25 | BY26: 19 | BZ26: 25 | CB26: 23 | CC26: 24 | CD26: 24 | CE26: 20 | CF26: 18 | CG26: 21 | CH26: 21 | CI26: 25 | CJ26: 28 | CK26: 24 | CL26: 24 | CM26: 23 | CN26: 27 | CO26: 28 | CP26: 21 | CQ26: 21 | CR26: 22 | CS26: 26 | CT26: 30 | CU26: 31 | CV26: 24 | CW26: 28 | CX26: 29 | CY26: 31 | CZ26: 29 | DA26: 29 | DB26: 31 | DC26: 28 | DD26: 31 | DE26: 33 | DF26: 26 | DG26: 32 | DH26: 33 | DI26: 31 | DJ26: 29 | DK26: 31 | DM26: 23 | DN26: 28 | DO26: 31 | DP26: 28 | DQ26: 32 | DR26: 24 | DS26: 23 | DT26: 22 | DU26: 32 | DV26: 29 | DW26: 28 | DX26: 34 | DY26: 37 | DZ26: 36 | EA26: 34 | EB26: 33 | EC26: 31 | ED26: 29 | EE26: 24 | EF26: 31 | EG26: 32 | EH26: 33 | EI26: 34 | EJ26: 35 | EK26: 35 | EL26: 33 | EM26: 31 | EN26: 34 | EO26: 35 | EP26: 37 | EQ26: 36 | ER26: 36 | ES26: 37 | ET26: 32
B27: Humidity (%) | C27: optional | BD27: 49 | BE27: 53 | BF27: 51 | BG27: 66 | BH27: 85 | BI27: 60 | BJ27: 67 | BK27: 64 | BL27: 61 | BM27: 76 | BN27: 55 | BO27: 55 | BP27: 44 | BQ27: 58 | BR27: 85 | BS27: 65 | BT27: 52 | BU27: 42 | BV27: 45 | BW27: 65 | BX27: 45 | BY27: 72 | BZ27: 52 | CB27: 51 | CC27: 49 | CD27: 49 | CE27: 70 | CF27: 76 | CG27: 73 | CH27: 69 | CI27: 58 | CJ27: 48 | CK27: 65 | CL27: 70 | CM27: 72 | CN27: 62 | CO27: 45 | CP27: 76 | CQ27: 76 | CR27: 97 | CS27: 91 | CT27: 31 | CU27: 29 | CV27: 50 | CW27: 59 | CX27: 49 | CY27: 46 | CZ27: 58 | DA27: 59 | DB27: 54 | DC27: 65 | DD27: 65 | DE27: 44 | DF27: 78 | DG27: 55 | DH27: 42 | DI27: 60 | DJ27: 64 | DK27: 54 | DM27: 69 | DN27: 49 | DO27: 47 | DP27: 68 | DQ27: 48 | DR27: 85 | DS27: 77 | DT27: 86 | DU27: 61 | DV27: 68 | DW27: 81 | DX27: 50 | DY27: 36 | DZ27: 34 | EA27: 38 | EB27: 43 | EC27: 53 | ED27: 64 | EE27: 80 | EF27: 44 | EG27: 38 | EH27: 42 | EI27: 51 | EJ27: 42 | EK27: 51 | EL27: 56 | EM27: 72 | EN27: 51 | EO27: 54 | EP27: 46 | EQ27: 46 | ER27: 46 | ES27: 40 | ET27: 64
B28: Weather condition | C28: list
B29: Pump and others | C29: list, if a problem
B31: FIELD AND WORK - FP plot / মাঠ ও কাজ
B32: Field condition | C32: list
B33: Condition | C33: list | BD33: Good | BE33: Good | BF33: Good | BG33: Good | BH33: Good | BI33: Good | BJ33: Good | BK33: Good | BL33: Good | BM33: Good | BN33: Good | BO33: Good | BP33: Good | BQ33: Good | BR33: Good | BS33: Good | BT33: Good | BU33: Good | BV33: Good | BW33: Good | BX33: Good | BY33: Good | BZ33: Good | CB33: Good | CC33: Good | CD33: Good | CE33: Good | CF33: Good | CG33: Good | CH33: Good | CI33: Good | CJ33: Good | CK33: Good | CL33: Good | CM33: Good | CN33: Good | CO33: Good | CP33: Good | CQ33: Good | CR33: Good | CS33: Good | CT33: Good | CU33: Good | CV33: Good | CW33: Good | CX33: Good | CY33: Good | CZ33: Good | DA33: Good | DB33: Good | DC33: Good | DD33: Good | DE33: Good | DF33: Good | DG33: Good | DH33: Good | DI33: Good | DJ33: Good | DK33: Good | DM33: Good | DN33: Good | DO33: Good | DP33: Good | DQ33: Good | DR33: Good | DS33: Good | DT33: Good | DU33: Good | DV33: Good | DW33: Good | DX33: Good | DY33: Good | DZ33: Good | EA33: Good | EB33: Good | EC33: Good | ED33: Good | EE33: Good | EF33: Good | EG33: Good | EH33: Good | EI33: Good | EJ33: Good | EK33: Good | EL33: Good | EM33: Good | EN33: Good | EO33: Good | EP33: Good | EQ33: Good | ER33: Good | ES33: Good | ET33: Good
B34: Farmer (land owner) work time (min) | C34: number | BE34: 20 | BG34: 20 | BK34: 20 | BP34: 20 | BW34: 20 | CD34: 20 | CH34: 20 | CW34: 20 | CZ34: 20 | DC34: 20 | DI34: 20 | DJ34: 20 | DM34: 20 | DO34: 20 | DR34: 20 | DT34: 20 | DW34: 20 | EA34: 20 | EH34: 20 | EJ34: 20 | EP34: 20
B35: Farmer work contents | C35: list | BE35: Irrigation | BG35: Irrigation | BK35: Irrigation | BP35: Irrigation | BW35: Irrigation | CD35: Irrigation | CH35: Irrigation | CW35: Irrigation | CZ35: Irrigation | DC35: Irrigation | DI35: Irrigation | DJ35: Irrigation | DM35: Irrigation | DO35: Irrigation | DR35: Irrigation | DT35: Irrigation | DW35: Irrigation | EA35: Irrigation | EH35: Irrigation | EJ35: Irrigation | EP35: Irrigation
B36: Labour cost (BDT) | C36: number
B37: Labour work contents | C37: list
B39: FIELD AND WORK - 3F4D+MD plot / মাঠ ও কাজ
B40: Field condition | C40: list
B41: Condition | C41: list | BD41: Good | BE41: Good | BF41: Good | BG41: Good | BH41: Good | BI41: Good | BJ41: Good | BK41: Good | BL41: Good | BM41: Good | BN41: Good | BO41: Good | BP41: Good | BQ41: Good | BR41: Good | BS41: Good | BT41: Good | BU41: Good | BV41: Good | BW41: Good | BX41: Good | BY41: Good | BZ41: Good | CB41: Good | CC41: Good | CD41: Good | CE41: Good | CF41: Good | CG41: Good | CH41: Good | CI41: Good | CJ41: Good | CK41: Good | CL41: Good | CM41: Good | CN41: Good | CO41: Good | CP41: Good | CQ41: Good | CR41: Good | CS41: Good | CT41: Good | CU41: Good | CV41: Good | CW41: Good | CX41: Good | CY41: Good | CZ41: Good | DA41: Good | DB41: Good | DC41: Good | DD41: Good | DE41: Good | DF41: Good | DG41: Good | DH41: Good | DI41: Good | DJ41: Good | DK41: Good | DM41: Good | DN41: Good | DO41: Good | DP41: Good | DQ41: Good | DR41: Good | DS41: Good | DT41: Good | DU41: Good | DV41: Good | DW41: Good | DX41: Good | DY41: Good | DZ41: Good | EA41: Good | EB41: Good | EC41: Good | ED41: Good | EE41: Good | EF41: Good | EG41: Good | EH41: Good | EI41: Good | EJ41: Good | EK41: Good | EL41: Good | EM41: Good | EN41: Good | EO41: Good | EP41: Good | EQ41: Good | ER41: Good | ES41: Good | ET41: Good
B42: Farmer (land owner) work time (min) | C42: number | BE42: 20 | BG42: 20 | BK42: 20 | BP42: 20 | BW42: 20 | CD42: 20 | CH42: 20 | CW42: 20 | CZ42: 20 | DC42: 20 | DG42: 20 | DN42: 20 | DU42: 20 | EB42: 20 | EJ42: 20
B43: Farmer work contents | C43: list | BE43: Irrigation | BG43: Irrigation | BK43: Irrigation | BP43: Irrigation | BW43: Irrigation | CD43: Irrigation | CH43: Irrigation | CW43: Irrigation | CZ43: Irrigation | DC43: Irrigation | DG43: Irrigation | DN43: Irrigation | DU43: Irrigation | EB43: Irrigation | EJ43: Irrigation
B44: Labour cost (BDT) | C44: number
B45: Labour work contents | C45: list
B47: NOTE / মন্তব্য
B48: Note (any comments) | C48: free text | CQ48: Drain | EK48: 100%
B50: TILLERS: count 5 hills on the tiller days (see Calendar) / কুশি
B51: FP: hill 1 | C51: number of tillers | BY51: 7 | CN51: 13 | DC51: 18 | DR51: 16
B52: FP: hill 2 | C52: number of tillers | BY52: 9 | CN52: 15 | DC52: 20 | DR52: 19
B53: FP: hill 3 | C53: number of tillers | BY53: 8 | CN53: 14 | DC53: 16 | DR53: 18
B54: FP: hill 4 | C54: number of tillers | BY54: 10 | CN54: 16 | DC54: 19 | DR54: 15
B55: FP: hill 5 | C55: number of tillers | BY55: 8 | CN55: 13 | DC55: 21 | DR55: 20
B56: FP: tillers per hill | C56: automatic | D56: =IF(Data_Farmer!D66="","",Data_Farmer!D66) | E56: =IF(Data_Farmer!E66="","",Data_Farmer!E66) | F56: =IF(Data_Farmer!F66="","",Data_Farmer!F66) | G56: =IF(Data_Farmer!G66="","",Data_Farmer!G66) | H56: =IF(Data_Farmer!H66="","",Data_Farmer!H66) | I56: =IF(Data_Farmer!I66="","",Data_Farmer!I66) | J56: =IF(Data_Farmer!J66="","",Data_Farmer!J66) | K56: =IF(Data_Farmer!K66="","",Data_Farmer!K66) | ... FQ56: =IF(Data_Farmer!FQ66="","",Data_Farmer!FQ66)
B57: 3F4D+MD: hill 1 | C57: number of tillers | BY57: 7 | CN57: 12 | DC57: 20 | DR57: 21
B58: 3F4D+MD: hill 2 | C58: number of tillers | BY58: 8 | CN58: 14 | DC58: 22 | DR58: 24
B59: 3F4D+MD: hill 3 | C59: number of tillers | BY59: 8 | CN59: 15 | DC59: 19 | DR59: 22
B60: 3F4D+MD: hill 4 | C60: number of tillers | BY60: 9 | CN60: 13 | DC60: 21 | DR60: 20
B61: 3F4D+MD: hill 5 | C61: number of tillers | BY61: 7 | CN61: 14 | DC61: 23 | DR61: 23
B62: 3F4D+MD: tillers per hill | C62: automatic | D62: =IF(Data_Farmer!D73="","",Data_Farmer!D73) | E62: =IF(Data_Farmer!E73="","",Data_Farmer!E73) | F62: =IF(Data_Farmer!F73="","",Data_Farmer!F73) | G62: =IF(Data_Farmer!G73="","",Data_Farmer!G73) | H62: =IF(Data_Farmer!H73="","",Data_Farmer!H73) | I62: =IF(Data_Farmer!I73="","",Data_Farmer!I73) | J62: =IF(Data_Farmer!J73="","",Data_Farmer!J73) | K62: =IF(Data_Farmer!K73="","",Data_Farmer!K73) | ... FQ62: =IF(Data_Farmer!FQ73="","",Data_Farmer!FQ73)
B64: TP AND b MEASURED AGAIN (after Pitan / MD) / TP ও b পুনরায়
B65: FP: TP (cm) | C65: on the day measured, TP and b together | CK65: 295
B66: FP: b (cm) | C66: on the day measured | CK66: 15
B67: 3F4D+MD: TP (cm) | C67: on the day measured, TP and b together | CK67: 415
B68: 3F4D+MD: b (cm) | C68: on the day measured | CK68: 15
B70: SCHEDULE WORK DONE: choose the work on the day it was done / সময়সূচির কাজ
B71: 3F4D+MD: work done | C71: list (actual date of the schedule) | D71: Seed wetting | G71: Sowing | BD71: Transplanting | EJ71: 3F4D-5 start | EQ71: 3F4D-6 start | EX71: 3F4D end
B72: 3F4D+MD: work done (2nd) | C72: if two on the same day
B73: FP: work done | C73: list (actual date of the schedule) | D73: Seed wetting | G73: Sowing | BD73: Transplanting
B74: FP: work done (2nd) | C74: if two on the same day
B76: SEEDBED: work, fertilizer (kg), chemicals / বীজতলা
B77: Seedbed: work | C77: list | D77: Seed wetting | G77: Seed sowing
B78: Seedbed: Urea (kg) | C78: kg
B79: Seedbed: TSP (kg) | C79: kg
B80: Seedbed: DAP (kg) | C80: kg
B81: Seedbed: Gypsum (kg) | C81: kg
B82: Seedbed: MOP (kg) | C82: kg
B83: Seedbed: Boron (kg) | C83: kg
B84: Seedbed: Zinc (kg) | C84: kg
B85: Seedbed: Magnesium (kg) | C85: kg
B86: Seedbed: Thiovit (kg) | C86: kg
B87: Seedbed: chemical type | C87: list
B88: Seedbed: name of chemical | C88: text
B89: Seedbed: purpose | C89: text
B91: MAIN FIELD FP: work, fertilizer (kg), chemicals / মূল জমি
B92: FP: work | C92: list | BF92: Fertilizer | CA92: Fertilizer | CI92: Spray | CY92: Fertilizer | DP92: Spray
B93: FP: Urea (kg) | C93: kg | BF93: 6 | CA93: 5 | CY93: 4
B94: FP: TSP (kg) | C94: kg | BF94: 4
B95: FP: DAP (kg) | C95: kg
B96: FP: Gypsum (kg) | C96: kg | BF96: 2
B97: FP: MOP (kg) | C97: kg | BF97: 3 | CY97: 2
B98: FP: Boron (kg) | C98: kg
B99: FP: Zinc (kg) | C99: kg
B100: FP: Magnesium (kg) | C100: kg
B101: FP: Sulphate (kg) | C101: kg
B102: FP: Thiovit (kg) | C102: kg
B103: FP: Cow dung (kg) | C103: kg
B104: FP: Straw (kg) | C104: kg
B105: FP: chemical type | C105: list | CI105: Insecticide | DP105: Fungicide
B106: FP: name of chemical | C106: text | CI106: Demo-Insecticide | DP106: Demo-Fungicide
B107: FP: purpose | C107: text | CI107: stem borer | DP107: sheath blight
B108: FP: chemical amount | C108: number
B109: FP: unit price (BDT) | C109: number
B110: FP: note | C110: text | BF110: basal | CA110: 1st top dressing | CY110: 2nd top dressing
B112: MAIN FIELD 3F4D+MD: work, fertilizer (kg), chemicals / মূল জমি
...

Sheet Calendar
A1: Calendar / ক্যালেন্ডার
A2: =IF(SiteName="","",SiteName&IF(Place="",""," - "&Place)) -> Demo Site-03 - Pirganj, Rangpur | F2: =IF(Variety="","","Variety: "&Variety) -> Variety: BRRI dhan58
B4: 3F4D+MD activities | C4: Planned | D4: Actual | G4: FP activities | H4: Planned | I4: Actual
A5: 01. | B5: =Schedule_Farmer!A5&IF(Schedule_Farmer!E5<>Schedule_Farmer!D5," (to "&TEXT(Schedule_Farmer!E5,"dd mmm")&")","") -> Seed wetting | C5: =IF(Schedule_Farmer!D5="","",Schedule_Farmer!D5) -> 45986 | D5: =IF(Schedule_Farmer!F5="","",Schedule_Farmer!F5) -> 45986 | F5: 01. | G5: =Schedule_Farmer!A28&IF(Schedule_Farmer!E28<>Schedule_Farmer!D28," (to "&TEXT(Schedule_Farmer!E28,"dd mmm")&")","") -> Seed wetting | H5: =IF(Schedule_Farmer!D28="","",Schedule_Farmer!D28) -> 45986 | I5: =IF(Schedule_Farmer!F28="","",Schedule_Farmer!F28) -> 45986
A6: 02. | B6: =Schedule_Farmer!A6&IF(Schedule_Farmer!E6<>Schedule_Farmer!D6," (to "&TEXT(Schedule_Farmer!E6,"dd mmm")&")","") -> Sowing | C6: =IF(Schedule_Farmer!D6="","",Schedule_Farmer!D6) -> 45989 | D6: =IF(Schedule_Farmer!F6="","",Schedule_Farmer!F6) -> 45989 | F6: 02. | G6: =Schedule_Farmer!A29&IF(Schedule_Farmer!E29<>Schedule_Farmer!D29," (to "&TEXT(Schedule_Farmer!E29,"dd mmm")&")","") -> Sowing | H6: =IF(Schedule_Farmer!D29="","",Schedule_Farmer!D29) -> 45989 | I6: =IF(Schedule_Farmer!F29="","",Schedule_Farmer!F29) -> 45989
A7: 03. | B7: =Schedule_Farmer!A7&IF(Schedule_Farmer!E7<>Schedule_Farmer!D7," (to "&TEXT(Schedule_Farmer!E7,"dd mmm")&")","") -> Plowing | C7: =IF(Schedule_Farmer!D7="","",Schedule_Farmer!D7) -> 45995 | D7: =IF(Schedule_Farmer!F7="","",Schedule_Farmer!F7) | F7: 03. | G7: =Schedule_Farmer!A30&IF(Schedule_Farmer!E30<>Schedule_Farmer!D30," (to "&TEXT(Schedule_Farmer!E30,"dd mmm")&")","") -> Plowing | H7: =IF(Schedule_Farmer!D30="","",Schedule_Farmer!D30) -> 45995 | I7: =IF(Schedule_Farmer!F30="","",Schedule_Farmer!F30)
A8: 04. | B8: =Schedule_Farmer!A8&IF(Schedule_Farmer!E8<>Schedule_Farmer!D8," (to "&TEXT(Schedule_Farmer!E8,"dd mmm")&")","") -> Puddling | C8: =IF(Schedule_Farmer!D8="","",Schedule_Farmer!D8) -> 46025 | D8: =IF(Schedule_Farmer!F8="","",Schedule_Farmer!F8) | F8: 04. | G8: =Schedule_Farmer!A31&IF(Schedule_Farmer!E31<>Schedule_Farmer!D31," (to "&TEXT(Schedule_Farmer!E31,"dd mmm")&")","") -> Puddling | H8: =IF(Schedule_Farmer!D31="","",Schedule_Farmer!D31) -> 46025 | I8: =IF(Schedule_Farmer!F31="","",Schedule_Farmer!F31)
A9: 05. | B9: =Schedule_Farmer!A9&IF(Schedule_Farmer!E9<>Schedule_Farmer!D9," (to "&TEXT(Schedule_Farmer!E9,"dd mmm")&")","") -> Transplanting | C9: =IF(Schedule_Farmer!D9="","",Schedule_Farmer!D9) -> 46038 | D9: =IF(Schedule_Farmer!F9="","",Schedule_Farmer!F9) -> 46038 | F9: 05. | G9: =Schedule_Farmer!A32&IF(Schedule_Farmer!E32<>Schedule_Farmer!D32," (to "&TEXT(Schedule_Farmer!E32,"dd mmm")&")","") -> Transplanting | H9: =IF(Schedule_Farmer!D32="","",Schedule_Farmer!D32) -> 46038 | I9: =IF(Schedule_Farmer!F32="","",Schedule_Farmer!F32) -> 46038
A10: 06. | B10: =Schedule_Farmer!A10&IF(Schedule_Farmer!E10<>Schedule_Farmer!D10," (to "&TEXT(Schedule_Farmer!E10,"dd mmm")&")","") -> Last irrigation for Pitan | C10: =IF(Schedule_Farmer!D10="","",Schedule_Farmer!D10) -> 46064 | D10: =IF(Schedule_Farmer!F10="","",Schedule_Farmer!F10) | F10: 06. | G10: =Schedule_Farmer!A33&IF(Schedule_Farmer!E33<>Schedule_Farmer!D33," (to "&TEXT(Schedule_Farmer!E33,"dd mmm")&")","") -> Last irrigation for Pitan | H10: =IF(Schedule_Farmer!D33="","",Schedule_Farmer!D33) -> 46064 | I10: =IF(Schedule_Farmer!F33="","",Schedule_Farmer!F33)
A11: 07. | B11: =Schedule_Farmer!A11&IF(Schedule_Farmer!E11<>Schedule_Farmer!D11," (to "&TEXT(Schedule_Farmer!E11,"dd mmm")&")","") -> Pitan (conventional mid-season drainage) (to 18 Feb) | C11: =IF(Schedule_Farmer!D11="","",Schedule_Farmer!D11) -> 46068 | D11: =IF(Schedule_Farmer!F11="","",Schedule_Farmer!F11) | F11: 07. | G11: =Schedule_Farmer!A34&IF(Schedule_Farmer!E34<>Schedule_Farmer!D34," (to "&TEXT(Schedule_Farmer!E34,"dd mmm")&")","") -> Pitan (FP) (to 23 Feb) | H11: =IF(Schedule_Farmer!D34="","",Schedule_Farmer!D34) -> 46068 | I11: =IF(Schedule_Farmer!F34="","",Schedule_Farmer!F34)
A12: 08. | B12: =Schedule_Farmer!A12&IF(Schedule_Farmer!E12<>Schedule_Farmer!D12," (to "&TEXT(Schedule_Farmer!E12,"dd mmm")&")","") -> Last irrigation for starting MD | C12: =IF(Schedule_Farmer!D12="","",Schedule_Farmer!D12) -> 46065 | D12: =IF(Schedule_Farmer!F12="","",Schedule_Farmer!F12) | F12: 08. | G12: =Schedule_Farmer!A35&IF(Schedule_Farmer!E35<>Schedule_Farmer!D35," (to "&TEXT(Schedule_Farmer!E35,"dd mmm")&")","") -> Flooding after Pitan | H12: =IF(Schedule_Farmer!D35="","",Schedule_Farmer!D35) -> 46076 | I12: =IF(Schedule_Farmer!F35="","",Schedule_Farmer!F35)
A13: 09. | B13: =Schedule_Farmer!A13&IF(Schedule_Farmer!E13<>Schedule_Farmer!D13," (to "&TEXT(Schedule_Farmer!E13,"dd mmm")&")","") -> Mid-season drainage (MD; start = surface water disappears) (to 24 Feb) | C13: =IF(Schedule_Farmer!D13="","",Schedule_Farmer!D13) -> 46069 | D13: =IF(Schedule_Farmer!F13="","",Schedule_Farmer!F13) | F13: 09. | G13: =Schedule_Farmer!A36&IF(Schedule_Farmer!E36<>Schedule_Farmer!D36," (to "&TEXT(Schedule_Farmer!E36,"dd mmm")&")","") -> Heading | H13: =IF(Schedule_Farmer!D36="","",Schedule_Farmer!D36) -> 46114 | I13: =IF(Schedule_Farmer!F36="","",Schedule_Farmer!F36)
A14: 10. | B14: =Schedule_Farmer!A14&IF(Schedule_Farmer!E14<>Schedule_Farmer!D14," (to "&TEXT(Schedule_Farmer!E14,"dd mmm")&")","") -> Panicle checking (PI check) | C14: =IF(Schedule_Farmer!D14="","",Schedule_Farmer!D14) -> 46075 | D14: =IF(Schedule_Farmer!F14="","",Schedule_Farmer!F14) | F14: 10. | G14: =Schedule_Farmer!A37&IF(Schedule_Farmer!E37<>Schedule_Farmer!D37," (to "&TEXT(Schedule_Farmer!E37,"dd mmm")&")","") -> Last irrigation | H14: =IF(Schedule_Farmer!D37="","",Schedule_Farmer!D37) -> 46127 | I14: =IF(Schedule_Farmer!F37="","",Schedule_Farmer!F37)
A15: 11. | B15: =Schedule_Farmer!A15&IF(Schedule_Farmer!E15<>Schedule_Farmer!D15," (to "&TEXT(Schedule_Farmer!E15,"dd mmm")&")","") -> Flooding (panicle initiation) (to 12 Mar) | C15: =IF(Schedule_Farmer!D15="","",Schedule_Farmer!D15) -> 46089 | D15: =IF(Schedule_Farmer!F15="","",Schedule_Farmer!F15) | F15: 11. | G15: =Schedule_Farmer!A38&IF(Schedule_Farmer!E38<>Schedule_Farmer!D38," (to "&TEXT(Schedule_Farmer!E38,"dd mmm")&")","") -> Harvest | H15: =IF(Schedule_Farmer!D38="","",Schedule_Farmer!D38) -> 46142 | I15: =IF(Schedule_Farmer!F38="","",Schedule_Farmer!F38)
A16: 12. | B16: =Schedule_Farmer!A16&IF(Schedule_Farmer!E16<>Schedule_Farmer!D16," (to "&TEXT(Schedule_Farmer!E16,"dd mmm")&")","") -> 3F4D-1 (to 19 Mar) | C16: =IF(Schedule_Farmer!D16="","",Schedule_Farmer!D16) -> 46093 | D16: =IF(Schedule_Farmer!F16="","",Schedule_Farmer!F16)
A17: 13. | B17: =Schedule_Farmer!A17&IF(Schedule_Farmer!E17<>Schedule_Farmer!D17," (to "&TEXT(Schedule_Farmer!E17,"dd mmm")&")","") -> 3F4D-2 (to 26 Mar) | C17: =IF(Schedule_Farmer!D17="","",Schedule_Farmer!D17) -> 46100 | D17: =IF(Schedule_Farmer!F17="","",Schedule_Farmer!F17)
A18: 14. | B18: =Schedule_Farmer!A18&IF(Schedule_Farmer!E18<>Schedule_Farmer!D18," (to "&TEXT(Schedule_Farmer!E18,"dd mmm")&")","") -> 3F4D-3 (to 02 Apr) | C18: =IF(Schedule_Farmer!D18="","",Schedule_Farmer!D18) -> 46107 | D18: =IF(Schedule_Farmer!F18="","",Schedule_Farmer!F18)
A19: 15. | B19: =Schedule_Farmer!A19&IF(Schedule_Farmer!E19<>Schedule_Farmer!D19," (to "&TEXT(Schedule_Farmer!E19,"dd mmm")&")","") -> Heading | C19: =IF(Schedule_Farmer!D19="","",Schedule_Farmer!D19) -> 46114 | D19: =IF(Schedule_Farmer!F19="","",Schedule_Farmer!F19)
A20: 16. | B20: =Schedule_Farmer!A20&IF(Schedule_Farmer!E20<>Schedule_Farmer!D20," (to "&TEXT(Schedule_Farmer!E20,"dd mmm")&")","") -> 3F4D-4 (to 09 Apr) | C20: =IF(Schedule_Farmer!D20="","",Schedule_Farmer!D20) -> 46114 | D20: =IF(Schedule_Farmer!F20="","",Schedule_Farmer!F20)
A21: 17. | B21: =Schedule_Farmer!A21&IF(Schedule_Farmer!E21<>Schedule_Farmer!D21," (to "&TEXT(Schedule_Farmer!E21,"dd mmm")&")","") -> 3F4D-5 (to 16 Apr) | C21: =IF(Schedule_Farmer!D21="","",Schedule_Farmer!D21) -> 46121 | D21: =IF(Schedule_Farmer!F21="","",Schedule_Farmer!F21) -> 46122
A22: 18. | B22: =Schedule_Farmer!A22&IF(Schedule_Farmer!E22<>Schedule_Farmer!D22," (to "&TEXT(Schedule_Farmer!E22,"dd mmm")&")","") -> 3F4D-6 (to 23 Apr) | C22: =IF(Schedule_Farmer!D22="","",Schedule_Farmer!D22) -> 46128 | D22: =IF(Schedule_Farmer!F22="","",Schedule_Farmer!F22) -> 46129
A23: 19. | B23: =Schedule_Farmer!A23&IF(Schedule_Farmer!E23<>Schedule_Farmer!D23," (to "&TEXT(Schedule_Farmer!E23,"dd mmm")&")","") -> 3F4D end | C23: =IF(Schedule_Farmer!D23="","",Schedule_Farmer!D23) -> 46135 | D23: =IF(Schedule_Farmer!F23="","",Schedule_Farmer!F23) -> 46136
A24: 20. | B24: =Schedule_Farmer!A24&IF(Schedule_Farmer!E24<>Schedule_Farmer!D24," (to "&TEXT(Schedule_Farmer!E24,"dd mmm")&")","") -> Last irrigation | C24: =IF(Schedule_Farmer!D24="","",Schedule_Farmer!D24) -> 46136 | D24: =IF(Schedule_Farmer!F24="","",Schedule_Farmer!F24)
A25: 21. | B25: =Schedule_Farmer!A25&IF(Schedule_Farmer!E25<>Schedule_Farmer!D25," (to "&TEXT(Schedule_Farmer!E25,"dd mmm")&")","") -> Harvest | C25: =IF(Schedule_Farmer!D25="","",Schedule_Farmer!D25) -> 46142 | D25: =IF(Schedule_Farmer!F25="","",Schedule_Farmer!F25)
A27: Pitan and the last irrigation are optional and may be carried out or omitted. Actual dates: 2_Daily_input, rows "SCHEDULE WORK DONE".
B29: Tiller (stem) number measurement | C29: Date
B30: Day 50 after sowing | C30: =IF(ISNUMBER(SowDate),SowDate+50,"") -> 46039
B31: Day 60 after sowing | C31: =IF(ISNUMBER(SowDate),SowDate+60,"") -> 46049
B32: Day 70 after sowing | C32: =IF(ISNUMBER(SowDate),SowDate+70,"") -> 46059
B33: Day 80 after sowing | C33: =IF(ISNUMBER(SowDate),SowDate+80,"") -> 46069
B34: Day 90 after sowing | C34: =IF(ISNUMBER(SowDate),SowDate+90,"") -> 46079
B36: Water sampling: once a week

Sheet Today
A1: =IF(SiteName="","3F4D Water Monitor",SiteName&IF(Place="",""," - "&Place)) -> Demo Site-03 - Pirganj, Rangpur
A3: Today / আজ | B3: =TODAY() -> 46314
A4: Days after transplanting | B4: =IF(ISNUMBER(TransDate),TODAY()-TransDate,"") -> 276
A5: Today's water level / আজকের পানির স্তর | B5: =IF(ISNA(MATCH(TODAY(),Data_Farmer!$D$1:$FQ$1,0)),"(today is not in 2_Daily_input)",IF(AND(ISNUMBER(INDEX(Data_Farmer!$D$12:$FQ$12,MATCH(TODAY(),Data_Farmer!$D$1:$FQ$1,0))),ISNUMBER(INDEX(Data_Farmer!$D$37:$FQ$37,MATCH(TODAY(),Data_Farmer!$D$1:$FQ$1,0)))),"Entered","NOT YET ENTERED")) -> (today is not in 2_Daily_input)
A6: Last entry | B6: =IF(_xlfn.MAXIFS(Data_Farmer!$D$1:$FQ$1,Data_Farmer!$D$33:$FQ$33,1)=0,"",_xlfn.MAXIFS(Data_Farmer!$D$1:$FQ$1,Data_Farmer!$D$33:$FQ$33,1)) -> 46132
A7: Days without entry | B7: =IF(B6="","",MAX(0,TODAY()-B6-1)) -> 181
A8: Stage today | B8: =IFERROR(INDEX(Data_Farmer!$D$6:$FQ$6,MATCH(TODAY(),Data_Farmer!$D$1:$FQ$1,0)),"")
B10: FP | C10: 3F4D+MD
A11: Latest water level - date | B11: =IF(_xlfn.MAXIFS(Data_Farmer!$D$1:$FQ$1,Data_Farmer!$D$33:$FQ$33,1)=0,"",_xlfn.MAXIFS(Data_Farmer!$D$1:$FQ$1,Data_Farmer!$D$33:$FQ$33,1)) -> 46132 | C11: =IF(_xlfn.MAXIFS(Data_Farmer!$D$1:$FQ$1,Data_Farmer!$D$58:$FQ$58,1)=0,"",_xlfn.MAXIFS(Data_Farmer!$D$1:$FQ$1,Data_Farmer!$D$58:$FQ$58,1)) -> 46132
A12: Water level (cm, after irrigation if irrigated) | B12: =IF(B11="","",INDEX(Data_Farmer!$D$32:$FQ$32,MATCH(B11,Data_Farmer!$D$1:$FQ$1,0))) -> -15 | C12: =IF(C11="","",INDEX(Data_Farmer!$D$57:$FQ$57,MATCH(C11,Data_Farmer!$D$1:$FQ$1,0))) -> -15
A13: State | B13: =IF(B12="","",IF(B12>0,"water above the soil surface",IF(B12<0,"water below the soil surface","at the soil surface"))) -> water below the soil surface | C13: =IF(C12="","",IF(C12>0,"water above the soil surface",IF(C12<0,"water below the soil surface","at the soil surface"))) -> water below the soil surface
A14: Total irrigation (mm) | B14: =ROUND(SUM(Data_Farmer!$D$21:$FQ$21),0) -> 377 | C14: =ROUND(SUM(Data_Farmer!$D$46:$FQ$46),0) -> 271
A15: Number of irrigations | B15: =COUNT(Data_Farmer!$D$21:$FQ$21) -> 21 | C15: =COUNT(Data_Farmer!$D$46:$FQ$46) -> 15
A16: Water saving by 3F4D+MD | B16: =IF(B14=0,"",B14-C14&" mm") -> 106 mm | C16: =IF(B14=0,"",ROUND(100*(B14-C14)/B14,0)&" %") -> 28 %
A17: Farmer working time (min) | B17: =SUM(Data_Farmer!$D$26:$FQ$26) -> 420 | C17: =SUM(Data_Farmer!$D$51:$FQ$51) -> 300
A18: Labour (BDT) | B18: =SUM(Data_Farmer!$D$28:$FQ$28) -> 0 | C18: =SUM(Data_Farmer!$D$53:$FQ$53) -> 0
A19: N applied (kg/10a) | B19: =Other_info!$B$18 -> 20.2 | C19: =Other_info!$B$19 -> 20.2
A20: P applied (kg/10a) | B20: =Other_info!$C$18 -> 2.3 | C20: =Other_info!$C$19 -> 2.3
B22: Next events (schedule) | C22: Date
A23: Next 1 | B23: =IFERROR(INDEX(Schedule_Farmer!$A$5:$A$38,MATCH(SMALL(Schedule_Farmer!$L$5:$L$38,1),Schedule_Farmer!$L$5:$L$38,0))&" ("&INDEX(Schedule_Farmer!$C$5:$C$38,MATCH(SMALL(Schedule_Farmer!$L$5:$L$38,1),Schedule_Farmer!$L$5:$L$38,0))&")","") | C23: =IFERROR(INT(SMALL(Schedule_Farmer!$L$5:$L$38,1)),"") | D23: =IF(C23="","",IF(C23-TODAY()=0,"today","in "&(C23-TODAY())&" days"))
A24: Next 2 | B24: =IFERROR(INDEX(Schedule_Farmer!$A$5:$A$38,MATCH(SMALL(Schedule_Farmer!$L$5:$L$38,2),Schedule_Farmer!$L$5:$L$38,0))&" ("&INDEX(Schedule_Farmer!$C$5:$C$38,MATCH(SMALL(Schedule_Farmer!$L$5:$L$38,2),Schedule_Farmer!$L$5:$L$38,0))&")","") | C24: =IFERROR(INT(SMALL(Schedule_Farmer!$L$5:$L$38,2)),"") | D24: =IF(C24="","",IF(C24-TODAY()=0,"today","in "&(C24-TODAY())&" days"))
A25: Next 3 | B25: =IFERROR(INDEX(Schedule_Farmer!$A$5:$A$38,MATCH(SMALL(Schedule_Farmer!$L$5:$L$38,3),Schedule_Farmer!$L$5:$L$38,0))&" ("&INDEX(Schedule_Farmer!$C$5:$C$38,MATCH(SMALL(Schedule_Farmer!$L$5:$L$38,3),Schedule_Farmer!$L$5:$L$38,0))&")","") | C25: =IFERROR(INT(SMALL(Schedule_Farmer!$L$5:$L$38,3)),"") | D25: =IF(C25="","",IF(C25-TODAY()=0,"today","in "&(C25-TODAY())&" days"))
A26: Next 4 | B26: =IFERROR(INDEX(Schedule_Farmer!$A$5:$A$38,MATCH(SMALL(Schedule_Farmer!$L$5:$L$38,4),Schedule_Farmer!$L$5:$L$38,0))&" ("&INDEX(Schedule_Farmer!$C$5:$C$38,MATCH(SMALL(Schedule_Farmer!$L$5:$L$38,4),Schedule_Farmer!$L$5:$L$38,0))&")","") | C26: =IFERROR(INT(SMALL(Schedule_Farmer!$L$5:$L$38,4)),"") | D26: =IF(C26="","",IF(C26-TODAY()=0,"today","in "&(C26-TODAY())&" days"))
A28: Actual date not entered (overdue events) | B28: =COUNTIF(Schedule_Farmer!$H$5:$H$38,"OVERDUE") -> 23

Sheet Graphs
A1: Graphs / গ্রাফ (MD, Pitan and 3F4D periods are drawn as lines at the top of the water-level graph)

Sheet Schedule_Farmer
A1: Schedule / সময়সূচি (automatic - do not enter here. Actual dates come from 2_Daily_input, rows "SCHEDULE WORK DONE")
M2: =IF(ISNUMBER(SowDate),SowDate-3+0,"") -> 45986 | N2: =IF(ISNUMBER(SowDate),SowDate-3+1,"") -> 45987 | O2: =IF(ISNUMBER(SowDate),SowDate-3+2,"") -> 45988 | P2: =IF(ISNUMBER(SowDate),SowDate-3+3,"") -> 45989 | Q2: =IF(ISNUMBER(SowDate),SowDate-3+4,"") -> 45990 | R2: =IF(ISNUMBER(SowDate),SowDate-3+5,"") -> 45991 | S2: =IF(ISNUMBER(SowDate),SowDate-3+6,"") -> 45992 | T2: =IF(ISNUMBER(SowDate),SowDate-3+7,"") -> 45993 | U2: =IF(ISNUMBER(SowDate),SowDate-3+8,"") -> 45994 | V2: =IF(ISNUMBER(SowDate),SowDate-3+9,"") -> 45995 | W2: =IF(ISNUMBER(SowDate),SowDate-3+10,"") -> 45996 | X2: =IF(ISNUMBER(SowDate),SowDate-3+11,"") -> 45997 | Y2: =IF(ISNUMBER(SowDate),SowDate-3+12,"") -> 45998 | Z2: =IF(ISNUMBER(SowDate),SowDate-3+13,"") -> 45999 | AA2: =IF(ISNUMBER(SowDate),SowDate-3+14,"") -> 46000 | AB2: =IF(ISNUMBER(SowDate),SowDate-3+15,"") -> 46001 | AC2: =IF(ISNUMBER(SowDate),SowDate-3+16,"") -> 46002 | AD2: =IF(ISNUMBER(SowDate),SowDate-3+17,"") -> 46003 | AE2: =IF(ISNUMBER(SowDate),SowDate-3+18,"") -> 46004 | AF2: =IF(ISNUMBER(SowDate),SowDate-3+19,"") -> 46005 | AG2: =IF(ISNUMBER(SowDate),SowDate-3+20,"") -> 46006 | AH2: =IF(ISNUMBER(SowDate),SowDate-3+21,"") -> 46007 | AI2: =IF(ISNUMBER(SowDate),SowDate-3+22,"") -> 46008 | AJ2: =IF(ISNUMBER(SowDate),SowDate-3+23,"") -> 46009 | AK2: =IF(ISNUMBER(SowDate),SowDate-3+24,"") -> 46010 | AL2: =IF(ISNUMBER(SowDate),SowDate-3+25,"") -> 46011 | AM2: =IF(ISNUMBER(SowDate),SowDate-3+26,"") -> 46012 | AN2: =IF(ISNUMBER(SowDate),SowDate-3+27,"") -> 46013 | AO2: =IF(ISNUMBER(SowDate),SowDate-3+28,"") -> 46014 | AP2: =IF(ISNUMBER(SowDate),SowDate-3+29,"") -> 46015 | AQ2: =IF(ISNUMBER(SowDate),SowDate-3+30,"") -> 46016 | AR2: =IF(ISNUMBER(SowDate),SowDate-3+31,"") -> 46017 | AS2: =IF(ISNUMBER(SowDate),SowDate-3+32,"") -> 46018 | AT2: =IF(ISNUMBER(SowDate),SowDate-3+33,"") -> 46019 | AU2: =IF(ISNUMBER(SowDate),SowDate-3+34,"") -> 46020 | AV2: =IF(ISNUMBER(SowDate),SowDate-3+35,"") -> 46021 | AW2: =IF(ISNUMBER(SowDate),SowDate-3+36,"") -> 46022 | AX2: =IF(ISNUMBER(SowDate),SowDate-3+37,"") -> 46023 | AY2: =IF(ISNUMBER(SowDate),SowDate-3+38,"") -> 46024 | AZ2: =IF(ISNUMBER(SowDate),SowDate-3+39,"") -> 46025 | BA2: =IF(ISNUMBER(SowDate),SowDate-3+40,"") -> 46026 | BB2: =IF(ISNUMBER(SowDate),SowDate-3+41,"") -> 46027 | BC2: =IF(ISNUMBER(SowDate),SowDate-3+42,"") -> 46028 | BD2: =IF(ISNUMBER(SowDate),SowDate-3+43,"") -> 46029 | BE2: =IF(ISNUMBER(SowDate),SowDate-3+44,"") -> 46030 | BF2: =IF(ISNUMBER(SowDate),SowDate-3+45,"") -> 46031 | BG2: =IF(ISNUMBER(SowDate),SowDate-3+46,"") -> 46032 | BH2: =IF(ISNUMBER(SowDate),SowDate-3+47,"") -> 46033 | BI2: =IF(ISNUMBER(SowDate),SowDate-3+48,"") -> 46034 | BJ2: =IF(ISNUMBER(SowDate),SowDate-3+49,"") -> 46035 | BK2: =IF(ISNUMBER(SowDate),SowDate-3+50,"") -> 46036 | BL2: =IF(ISNUMBER(SowDate),SowDate-3+51,"") -> 46037 | BM2: =IF(ISNUMBER(SowDate),SowDate-3+52,"") -> 46038 | BN2: =IF(ISNUMBER(SowDate),SowDate-3+53,"") -> 46039 | BO2: =IF(ISNUMBER(SowDate),SowDate-3+54,"") -> 46040 | BP2: =IF(ISNUMBER(SowDate),SowDate-3+55,"") -> 46041 | BQ2: =IF(ISNUMBER(SowDate),SowDate-3+56,"") -> 46042 | BR2: =IF(ISNUMBER(SowDate),SowDate-3+57,"") -> 46043 | BS2: =IF(ISNUMBER(SowDate),SowDate-3+58,"") -> 46044 | BT2: =IF(ISNUMBER(SowDate),SowDate-3+59,"") -> 46045 | BU2: =IF(ISNUMBER(SowDate),SowDate-3+60,"") -> 46046 | BV2: =IF(ISNUMBER(SowDate),SowDate-3+61,"") -> 46047 | BW2: =IF(ISNUMBER(SowDate),SowDate-3+62,"") -> 46048 | BX2: =IF(ISNUMBER(SowDate),SowDate-3+63,"") -> 46049 | BY2: =IF(ISNUMBER(SowDate),SowDate-3+64,"") -> 46050 | BZ2: =IF(ISNUMBER(SowDate),SowDate-3+65,"") -> 46051 | CA2: =IF(ISNUMBER(SowDate),SowDate-3+66,"") -> 46052 | CB2: =IF(ISNUMBER(SowDate),SowDate-3+67,"") -> 46053 | CC2: =IF(ISNUMBER(SowDate),SowDate-3+68,"") -> 46054 | CD2: =IF(ISNUMBER(SowDate),SowDate-3+69,"") -> 46055 | CE2: =IF(ISNUMBER(SowDate),SowDate-3+70,"") -> 46056 | CF2: =IF(ISNUMBER(SowDate),SowDate-3+71,"") -> 46057 | CG2: =IF(ISNUMBER(SowDate),SowDate-3+72,"") -> 46058 | CH2: =IF(ISNUMBER(SowDate),SowDate-3+73,"") -> 46059 | CI2: =IF(ISNUMBER(SowDate),SowDate-3+74,"") -> 46060 | CJ2: =IF(ISNUMBER(SowDate),SowDate-3+75,"") -> 46061 | CK2: =IF(ISNUMBER(SowDate),SowDate-3+76,"") -> 46062 | CL2: =IF(ISNUMBER(SowDate),SowDate-3+77,"") -> 46063 | CM2: =IF(ISNUMBER(SowDate),SowDate-3+78,"") -> 46064 | CN2: =IF(ISNUMBER(SowDate),SowDate-3+79,"") -> 46065 | CO2: =IF(ISNUMBER(SowDate),SowDate-3+80,"") -> 46066 | CP2: =IF(ISNUMBER(SowDate),SowDate-3+81,"") -> 46067 | CQ2: =IF(ISNUMBER(SowDate),SowDate-3+82,"") -> 46068 | CR2: =IF(ISNUMBER(SowDate),SowDate-3+83,"") -> 46069 | CS2: =IF(ISNUMBER(SowDate),SowDate-3+84,"") -> 46070 | CT2: =IF(ISNUMBER(SowDate),SowDate-3+85,"") -> 46071 | CU2: =IF(ISNUMBER(SowDate),SowDate-3+86,"") -> 46072 | CV2: =IF(ISNUMBER(SowDate),SowDate-3+87,"") -> 46073 | CW2: =IF(ISNUMBER(SowDate),SowDate-3+88,"") -> 46074 | CX2: =IF(ISNUMBER(SowDate),SowDate-3+89,"") -> 46075 | CY2: =IF(ISNUMBER(SowDate),SowDate-3+90,"") -> 46076 | CZ2: =IF(ISNUMBER(SowDate),SowDate-3+91,"") -> 46077 | DA2: =IF(ISNUMBER(SowDate),SowDate-3+92,"") -> 46078 | DB2: =IF(ISNUMBER(SowDate),SowDate-3+93,"") -> 46079 | DC2: =IF(ISNUMBER(SowDate),SowDate-3+94,"") -> 46080 | DD2: =IF(ISNUMBER(SowDate),SowDate-3+95,"") -> 46081 | DE2: =IF(ISNUMBER(SowDate),SowDate-3+96,"") -> 46082 | DF2: =IF(ISNUMBER(SowDate),SowDate-3+97,"") -> 46083 | DG2: =IF(ISNUMBER(SowDate),SowDate-3+98,"") -> 46084 | DH2: =IF(ISNUMBER(SowDate),SowDate-3+99,"") -> 46085 | DI2: =IF(ISNUMBER(SowDate),SowDate-3+100,"") -> 46086 | DJ2: =IF(ISNUMBER(SowDate),SowDate-3+101,"") -> 46087 | DK2: =IF(ISNUMBER(SowDate),SowDate-3+102,"") -> 46088 | DL2: =IF(ISNUMBER(SowDate),SowDate-3+103,"") -> 46089 | DM2: =IF(ISNUMBER(SowDate),SowDate-3+104,"") -> 46090 | DN2: =IF(ISNUMBER(SowDate),SowDate-3+105,"") -> 46091 | DO2: =IF(ISNUMBER(SowDate),SowDate-3+106,"") -> 46092 | DP2: =IF(ISNUMBER(SowDate),SowDate-3+107,"") -> 46093 | DQ2: =IF(ISNUMBER(SowDate),SowDate-3+108,"") -> 46094 | DR2: =IF(ISNUMBER(SowDate),SowDate-3+109,"") -> 46095 | DS2: =IF(ISNUMBER(SowDate),SowDate-3+110,"") -> 46096 | DT2: =IF(ISNUMBER(SowDate),SowDate-3+111,"") -> 46097 | DU2: =IF(ISNUMBER(SowDate),SowDate-3+112,"") -> 46098 | DV2: =IF(ISNUMBER(SowDate),SowDate-3+113,"") -> 46099 | DW2: =IF(ISNUMBER(SowDate),SowDate-3+114,"") -> 46100 | DX2: =IF(ISNUMBER(SowDate),SowDate-3+115,"") -> 46101 | DY2: =IF(ISNUMBER(SowDate),SowDate-3+116,"") -> 46102 | DZ2: =IF(ISNUMBER(SowDate),SowDate-3+117,"") -> 46103 | EA2: =IF(ISNUMBER(SowDate),SowDate-3+118,"") -> 46104 | EB2: =IF(ISNUMBER(SowDate),SowDate-3+119,"") -> 46105 | EC2: =IF(ISNUMBER(SowDate),SowDate-3+120,"") -> 46106 | ED2: =IF(ISNUMBER(SowDate),SowDate-3+121,"") -> 46107 | EE2: =IF(ISNUMBER(SowDate),SowDate-3+122,"") -> 46108 | EF2: =IF(ISNUMBER(SowDate),SowDate-3+123,"") -> 46109 | EG2: =IF(ISNUMBER(SowDate),SowDate-3+124,"") -> 46110 | EH2: =IF(ISNUMBER(SowDate),SowDate-3+125,"") -> 46111 | EI2: =IF(ISNUMBER(SowDate),SowDate-3+126,"") -> 46112 | EJ2: =IF(ISNUMBER(SowDate),SowDate-3+127,"") -> 46113 | EK2: =IF(ISNUMBER(SowDate),SowDate-3+128,"") -> 46114 | EL2: =IF(ISNUMBER(SowDate),SowDate-3+129,"") -> 46115 | EM2: =IF(ISNUMBER(SowDate),SowDate-3+130,"") -> 46116 | EN2: =IF(ISNUMBER(SowDate),SowDate-3+131,"") -> 46117 | EO2: =IF(ISNUMBER(SowDate),SowDate-3+132,"") -> 46118 | EP2: =IF(ISNUMBER(SowDate),SowDate-3+133,"") -> 46119 | EQ2: =IF(ISNUMBER(SowDate),SowDate-3+134,"") -> 46120 | ER2: =IF(ISNUMBER(SowDate),SowDate-3+135,"") -> 46121 | ES2: =IF(ISNUMBER(SowDate),SowDate-3+136,"") -> 46122 | ET2: =IF(ISNUMBER(SowDate),SowDate-3+137,"") -> 46123 | EU2: =IF(ISNUMBER(SowDate),SowDate-3+138,"") -> 46124 | EV2: =IF(ISNUMBER(SowDate),SowDate-3+139,"") -> 46125 | EW2: =IF(ISNUMBER(SowDate),SowDate-3+140,"") -> 46126 | EX2: =IF(ISNUMBER(SowDate),SowDate-3+141,"") -> 46127 | EY2: =IF(ISNUMBER(SowDate),SowDate-3+142,"") -> 46128 | EZ2: =IF(ISNUMBER(SowDate),SowDate-3+143,"") -> 46129 | FA2: =IF(ISNUMBER(SowDate),SowDate-3+144,"") -> 46130 | FB2: =IF(ISNUMBER(SowDate),SowDate-3+145,"") -> 46131 | FC2: =IF(ISNUMBER(SowDate),SowDate-3+146,"") -> 46132 | FD2: =IF(ISNUMBER(SowDate),SowDate-3+147,"") -> 46133 | FE2: =IF(ISNUMBER(SowDate),SowDate-3+148,"") -> 46134 | FF2: =IF(ISNUMBER(SowDate),SowDate-3+149,"") -> 46135 | FG2: =IF(ISNUMBER(SowDate),SowDate-3+150,"") -> 46136 | FH2: =IF(ISNUMBER(SowDate),SowDate-3+151,"") -> 46137 | FI2: =IF(ISNUMBER(SowDate),SowDate-3+152,"") -> 46138 | FJ2: =IF(ISNUMBER(SowDate),SowDate-3+153,"") -> 46139 | FK2: =IF(ISNUMBER(SowDate),SowDate-3+154,"") -> 46140 | FL2: =IF(ISNUMBER(SowDate),SowDate-3+155,"") -> 46141 | FM2: =IF(ISNUMBER(SowDate),SowDate-3+156,"") -> 46142 | FN2: =IF(ISNUMBER(SowDate),SowDate-3+157,"") -> 46143 | FO2: =IF(ISNUMBER(SowDate),SowDate-3+158,"") -> 46144 | FP2: =IF(ISNUMBER(SowDate),SowDate-3+159,"") -> 46145 | FQ2: =IF(ISNUMBER(SowDate),SowDate-3+160,"") -> 46146 | FR2: =IF(ISNUMBER(SowDate),SowDate-3+161,"") -> 46147 | FS2: =IF(ISNUMBER(SowDate),SowDate-3+162,"") -> 46148 | FT2: =IF(ISNUMBER(SowDate),SowDate-3+163,"") -> 46149 | FU2: =IF(ISNUMBER(SowDate),SowDate-3+164,"") -> 46150 | FV2: =IF(ISNUMBER(SowDate),SowDate-3+165,"") -> 46151 | FW2: =IF(ISNUMBER(SowDate),SowDate-3+166,"") -> 46152 | FX2: =IF(ISNUMBER(SowDate),SowDate-3+167,"") -> 46153 | FY2: =IF(ISNUMBER(SowDate),SowDate-3+168,"") -> 46154 | FZ2: =IF(ISNUMBER(SowDate),SowDate-3+169,"") -> 46155 | GA2: =IF(ISNUMBER(SowDate),SowDate-3+170,"") -> 46156 | GB2: =IF(ISNUMBER(SowDate),SowDate-3+171,"") -> 46157 | GC2: =IF(ISNUMBER(SowDate),SowDate-3+172,"") -> 46158 | GD2: =IF(ISNUMBER(SowDate),SowDate-3+173,"") -> 46159 | GE2: =IF(ISNUMBER(SowDate),SowDate-3+174,"") -> 46160
A3: Event | B3: ঘটনা | C3: Plot | D3: Planned start | E3: Planned end | F3: Actual start | G3: Actual end | H3: Status | I3: Delay (days) | J3: Used start | K3: Used end | L3: next | M3: =IF(M2="","",TEXT(M2,"mmm")) -> Nov | N3: =IF(N2="","",TEXT(N2,"mmm")) -> Nov | O3: =IF(O2="","",TEXT(O2,"mmm")) -> Nov | P3: =IF(P2="","",TEXT(P2,"mmm")) -> Nov | Q3: =IF(Q2="","",TEXT(Q2,"mmm")) -> Nov | R3: =IF(R2="","",TEXT(R2,"mmm")) -> Nov | S3: =IF(S2="","",TEXT(S2,"mmm")) -> Dec | T3: =IF(T2="","",TEXT(T2,"mmm")) -> Dec | ... GE3: =IF(GE2="","",TEXT(GE2,"mmm")) -> May
A4: 3F4D+MD plot
A5: Seed wetting | B5: বীজ ভেজানো | C5: 3F4D+MD | D5: =IF(ISNUMBER(1_Settings!C26),1_Settings!C26,"") -> 45986 | E5: =IF(D5="","",D5) -> 45986 | F5: =IF(_xlfn.MINIFS(2_Daily_input!$D$1:$FQ$1,2_Daily_input!$D$71:$FQ$71,"Seed wetting")+_xlfn.MINIFS(2_Daily_input!$D$1:$FQ$1,2_Daily_input!$D$72:$FQ$72,"Seed wetting")=0,"",IF(_xlfn.MINIFS(2_Daily_input!$D$1:$FQ$1,2_Daily_input!$D$71:$FQ$71,"Seed wetting")=0,_xlfn.MINIFS(2_Daily_input!$D$1:$FQ$1,2_Daily_input!$D$72:$FQ$72,"Seed wetting"),IF(_xlfn.MINIFS(2_Daily_input!$D$1:$FQ$1,2_Daily_input!$D$72:$FQ$72,"Seed wetting")=0,_xlfn.MINIFS(2_Daily_input!$D$1:$FQ$1,2_Daily_input!$D$71:$FQ$71,"Seed wetting"),MIN(_xlfn.MINIFS(2_Daily_input!$D$1:$FQ$1,2_Daily_input!$D$71:$FQ$71,"Seed wetting"),_xlfn.MINIFS(2_Daily_input!$D$1:$FQ$1,2_Daily_input!$D$72:$FQ$72,"Seed wetting"))))) -> 45986 | G5: ="" | H5: =IF(D5="","no plan",IF(F5<>"",IF(F5-D5>=2,"LATE","OK"),IF(TODAY()>D5+2,"OVERDUE","upcoming"))) -> OK | I5: =IF(AND(D5<>"",F5<>""),F5-D5,"") -> 0 | J5: =IF(F5<>"",F5,D5) -> 45986 | K5: =IF(G5<>"",G5,IF(AND(F5<>"",E5=D5),F5,E5)) -> 45986 | L5: =IF(AND(D5<>"",F5="",D5>=TODAY()),D5+ROW()/1000,"") | M5: =IF(OR(M$2="",$D5=""),"",IF(IF(ISNUMBER($F5),AND(M$2>=$F5,M$2<=IF(ISNUMBER($G5),$G5,$F5+$E5-$D5)),FALSE()),2,IF(AND(M$2>=$D5,M$2<=$E5),1,""))) -> 2 | N5: =IF(OR(N$2="",$D5=""),"",IF(IF(ISNUMBER($F5),AND(N$2>=$F5,N$2<=IF(ISNUMBER($G5),$G5,$F5+$E5-$D5)),FALSE()),2,IF(AND(N$2>=$D5,N$2<=$E5),1,""))) | O5: =IF(OR(O$2="",$D5=""),"",IF(IF(ISNUMBER($F5),AND(O$2>=$F5,O$2<=IF(ISNUMBER($G5),$G5,$F5+$E5-$D5)),FALSE()),2,IF(AND(O$2>=$D5,O$2<=$E5),1,""))) | P5: =IF(OR(P$2="",$D5=""),"",IF(IF(ISNUMBER($F5),AND(P$2>=$F5,P$2<=IF(ISNUMBER($G5),$G5,$F5+$E5-$D5)),FALSE()),2,IF(AND(P$2>=$D5,P$2<=$E5),1,""))) | Q5: =IF(OR(Q$2="",$D5=""),"",IF(IF(ISNUMBER($F5),AND(Q$2>=$F5,Q$2<=IF(ISNUMBER($G5),$G5,$F5+$E5-$D5)),FALSE()),2,IF(AND(Q$2>=$D5,Q$2<=$E5),1,""))) | R5: =IF(OR(R$2="",$D5=""),"",IF(IF(ISNUMBER($F5),AND(R$2>=$F5,R$2<=IF(ISNUMBER($G5),$G5,$F5+$E5-$D5)),FALSE()),2,IF(AND(R$2>=$D5,R$2<=$E5),1,""))) | S5: =IF(OR(S$2="",$D5=""),"",IF(IF(ISNUMBER($F5),AND(S$2>=$F5,S$2<=IF(ISNUMBER($G5),$G5,$F5+$E5-$D5)),FALSE()),2,IF(AND(S$2>=$D5,S$2<=$E5),1,""))) | T5: =IF(OR(T$2="",$D5=""),"",IF(IF(ISNUMBER($F5),AND(T$2>=$F5,T$2<=IF(ISNUMBER($G5),$G5,$F5+$E5-$D5)),FALSE()),2,IF(AND(T$2>=$D5,T$2<=$E5),1,""))) | ... GE5: =IF(OR(GE$2="",$D5=""),"",IF(IF(ISNUMBER($F5),AND(GE$2>=$F5,GE$2<=IF(ISNUMBER($G5),$G5,$F5+$E5-$D5)),FALSE()),2,IF(AND(GE$2>=$D5,GE$2<=$E5),1,"")))
A6: Sowing | B6: বপন | C6: 3F4D+MD | D6: =IF(ISNUMBER(SowDate),SowDate,"") -> 45989 | E6: =IF(D6="","",D6) -> 45989 | F6: =IF(_xlfn.MINIFS(2_Daily_input!$D$1:$FQ$1,2_Daily_input!$D$71:$FQ$71,"Sowing")+_xlfn.MINIFS(2_Daily_input!$D$1:$FQ$1,2_Daily_input!$D$72:$FQ$72,"Sowing")=0,"",IF(_xlfn.MINIFS(2_Daily_input!$D$1:$FQ$1,2_Daily_input!$D$71:$FQ$71,"Sowing")=0,_xlfn.MINIFS(2_Daily_input!$D$1:$FQ$1,2_Daily_input!$D$72:$FQ$72,"Sowing"),IF(_xlfn.MINIFS(2_Daily_input!$D$1:$FQ$1,2_Daily_input!$D$72:$FQ$72,"Sowing")=0,_xlfn.MINIFS(2_Daily_input!$D$1:$FQ$1,2_Daily_input!$D$71:$FQ$71,"Sowing"),MIN(_xlfn.MINIFS(2_Daily_input!$D$1:$FQ$1,2_Daily_input!$D$71:$FQ$71,"Sowing"),_xlfn.MINIFS(2_Daily_input!$D$1:$FQ$1,2_Daily_input!$D$72:$FQ$72,"Sowing"))))) -> 45989 | G6: ="" | H6: =IF(D6="","no plan",IF(F6<>"",IF(F6-D6>=2,"LATE","OK"),IF(TODAY()>D6+2,"OVERDUE","upcoming"))) -> OK | I6: =IF(AND(D6<>"",F6<>""),F6-D6,"") -> 0 | J6: =IF(F6<>"",F6,D6) -> 45989 | K6: =IF(G6<>"",G6,IF(AND(F6<>"",E6=D6),F6,E6)) -> 45989 | L6: =IF(AND(D6<>"",F6="",D6>=TODAY()),D6+ROW()/1000,"") | M6: =IF(OR(M$2="",$D6=""),"",IF(IF(ISNUMBER($F6),AND(M$2>=$F6,M$2<=IF(ISNUMBER($G6),$G6,$F6+$E6-$D6)),FALSE()),2,IF(AND(M$2>=$D6,M$2<=$E6),1,""))) | N6: =IF(OR(N$2="",$D6=""),"",IF(IF(ISNUMBER($F6),AND(N$2>=$F6,N$2<=IF(ISNUMBER($G6),$G6,$F6+$E6-$D6)),FALSE()),2,IF(AND(N$2>=$D6,N$2<=$E6),1,""))) | O6: =IF(OR(O$2="",$D6=""),"",IF(IF(ISNUMBER($F6),AND(O$2>=$F6,O$2<=IF(ISNUMBER($G6),$G6,$F6+$E6-$D6)),FALSE()),2,IF(AND(O$2>=$D6,O$2<=$E6),1,""))) | P6: =IF(OR(P$2="",$D6=""),"",IF(IF(ISNUMBER($F6),AND(P$2>=$F6,P$2<=IF(ISNUMBER($G6),$G6,$F6+$E6-$D6)),FALSE()),2,IF(AND(P$2>=$D6,P$2<=$E6),1,""))) -> 2 | Q6: =IF(OR(Q$2="",$D6=""),"",IF(IF(ISNUMBER($F6),AND(Q$2>=$F6,Q$2<=IF(ISNUMBER($G6),$G6,$F6+$E6-$D6)),FALSE()),2,IF(AND(Q$2>=$D6,Q$2<=$E6),1,""))) | R6: =IF(OR(R$2="",$D6=""),"",IF(IF(ISNUMBER($F6),AND(R$2>=$F6,R$2<=IF(ISNUMBER($G6),$G6,$F6+$E6-$D6)),FALSE()),2,IF(AND(R$2>=$D6,R$2<=$E6),1,""))) | S6: =IF(OR(S$2="",$D6=""),"",IF(IF(ISNUMBER($F6),AND(S$2>=$F6,S$2<=IF(ISNUMBER($G6),$G6,$F6+$E6-$D6)),FALSE()),2,IF(AND(S$2>=$D6,S$2<=$E6),1,""))) | T6: =IF(OR(T$2="",$D6=""),"",IF(IF(ISNUMBER($F6),AND(T$2>=$F6,T$2<=IF(ISNUMBER($G6),$G6,$F6+$E6-$D6)),FALSE()),2,IF(AND(T$2>=$D6,T$2<=$E6),1,""))) | ... GE6: =IF(OR(GE$2="",$D6=""),"",IF(IF(ISNUMBER($F6),AND(GE$2>=$F6,GE$2<=IF(ISNUMBER($G6),$G6,$F6+$E6-$D6)),FALSE()),2,IF(AND(GE$2>=$D6,GE$2<=$E6),1,"")))
A7: Plowing | B7: চাষ | C7: 3F4D+MD | D7: =IF(ISNUMBER(1_Settings!C27),1_Settings!C27,"") -> 45995 | E7: =IF(D7="","",D7) -> 45995 | F7: =IF(_xlfn.MINIFS(2_Daily_input!$D$1:$FQ$1,2_Daily_input!$D$71:$FQ$71,"Plowing")+_xlfn.MINIFS(2_Daily_input!$D$1:$FQ$1,2_Daily_input!$D$72:$FQ$72,"Plowing")=0,"",IF(_xlfn.MINIFS(2_Daily_input!$D$1:$FQ$1,2_Daily_input!$D$71:$FQ$71,"Plowing")=0,_xlfn.MINIFS(2_Daily_input!$D$1:$FQ$1,2_Daily_input!$D$72:$FQ$72,"Plowing"),IF(_xlfn.MINIFS(2_Daily_input!$D$1:$FQ$1,2_Daily_input!$D$72:$FQ$72,"Plowing")=0,_xlfn.MINIFS(2_Daily_input!$D$1:$FQ$1,2_Daily_input!$D$71:$FQ$71,"Plowing"),MIN(_xlfn.MINIFS(2_Daily_input!$D$1:$FQ$1,2_Daily_input!$D$71:$FQ$71,"Plowing"),_xlfn.MINIFS(2_Daily_input!$D$1:$FQ$1,2_Daily_input!$D$72:$FQ$72,"Plowing"))))) | G7: ="" | H7: =IF(D7="","no plan",IF(F7<>"",IF(F7-D7>=2,"LATE","OK"),IF(TODAY()>D7+2,"OVERDUE","upcoming"))) -> OVERDUE | I7: =IF(AND(D7<>"",F7<>""),F7-D7,"") | J7: =IF(F7<>"",F7,D7) -> 45995 | K7: =IF(G7<>"",G7,IF(AND(F7<>"",E7=D7),F7,E7)) -> 45995 | L7: =IF(AND(D7<>"",F7="",D7>=TODAY()),D7+ROW()/1000,"") | M7: =IF(OR(M$2="",$D7=""),"",IF(IF(ISNUMBER($F7),AND(M$2>=$F7,M$2<=IF(ISNUMBER($G7),$G7,$F7+$E7-$D7)),FALSE()),2,IF(AND(M$2>=$D7,M$2<=$E7),1,""))) | N7: =IF(OR(N$2="",$D7=""),"",IF(IF(ISNUMBER($F7),AND(N$2>=$F7,N$2<=IF(ISNUMBER($G7),$G7,$F7+$E7-$D7)),FALSE()),2,IF(AND(N$2>=$D7,N$2<=$E7),1,""))) | O7: =IF(OR(O$2="",$D7=""),"",IF(IF(ISNUMBER($F7),AND(O$2>=$F7,O$2<=IF(ISNUMBER($G7),$G7,$F7+$E7-$D7)),FALSE()),2,IF(AND(O$2>=$D7,O$2<=$E7),1,""))) | P7: =IF(OR(P$2="",$D7=""),"",IF(IF(ISNUMBER($F7),AND(P$2>=$F7,P$2<=IF(ISNUMBER($G7),$G7,$F7+$E7-$D7)),FALSE()),2,IF(AND(P$2>=$D7,P$2<=$E7),1,""))) | Q7: =IF(OR(Q$2="",$D7=""),"",IF(IF(ISNUMBER($F7),AND(Q$2>=$F7,Q$2<=IF(ISNUMBER($G7),$G7,$F7+$E7-$D7)),FALSE()),2,IF(AND(Q$2>=$D7,Q$2<=$E7),1,""))) | R7: =IF(OR(R$2="",$D7=""),"",IF(IF(ISNUMBER($F7),AND(R$2>=$F7,R$2<=IF(ISNUMBER($G7),$G7,$F7+$E7-$D7)),FALSE()),2,IF(AND(R$2>=$D7,R$2<=$E7),1,""))) | S7: =IF(OR(S$2="",$D7=""),"",IF(IF(ISNUMBER($F7),AND(S$2>=$F7,S$2<=IF(ISNUMBER($G7),$G7,$F7+$E7-$D7)),FALSE()),2,IF(AND(S$2>=$D7,S$2<=$E7),1,""))) | T7: =IF(OR(T$2="",$D7=""),"",IF(IF(ISNUMBER($F7),AND(T$2>=$F7,T$2<=IF(ISNUMBER($G7),$G7,$F7+$E7-$D7)),FALSE()),2,IF(AND(T$2>=$D7,T$2<=$E7),1,""))) | ... GE7: =IF(OR(GE$2="",$D7=""),"",IF(IF(ISNUMBER($F7),AND(GE$2>=$F7,GE$2<=IF(ISNUMBER($G7),$G7,$F7+$E7-$D7)),FALSE()),2,IF(AND(GE$2>=$D7,GE$2<=$E7),1,"")))
A8: Puddling | B8: কাদা করা | C8: 3F4D+MD | D8: =IF(ISNUMBER(1_Settings!C28),1_Settings!C28,"") -> 46025 | E8: =IF(D8="","",D8) -> 46025 | F8: =IF(_xlfn.MINIFS(2_Daily_input!$D$1:$FQ$1,2_Daily_input!$D$71:$FQ$71,"Puddling")+_xlfn.MINIFS(2_Daily_input!$D$1:$FQ$1,2_Daily_input!$D$72:$FQ$72,"Puddling")=0,"",IF(_xlfn.MINIFS(2_Daily_input!$D$1:$FQ$1,2_Daily_input!$D$71:$FQ$71,"Puddling")=0,_xlfn.MINIFS(2_Daily_input!$D$1:$FQ$1,2_Daily_input!$D$72:$FQ$72,"Puddling"),IF(_xlfn.MINIFS(2_Daily_input!$D$1:$FQ$1,2_Daily_input!$D$72:$FQ$72,"Puddling")=0,_xlfn.MINIFS(2_Daily_input!$D$1:$FQ$1,2_Daily_input!$D$71:$FQ$71,"Puddling"),MIN(_xlfn.MINIFS(2_Daily_input!$D$1:$FQ$1,2_Daily_input!$D$71:$FQ$71,"Puddling"),_xlfn.MINIFS(2_Daily_input!$D$1:$FQ$1,2_Daily_input!$D$72:$FQ$72,"Puddling"))))) | G8: ="" | H8: =IF(D8="","no plan",IF(F8<>"",IF(F8-D8>=2,"LATE","OK"),IF(TODAY()>D8+2,"OVERDUE","upcoming"))) -> OVERDUE | I8: =IF(AND(D8<>"",F8<>""),F8-D8,"") | J8: =IF(F8<>"",F8,D8) -> 46025 | K8: =IF(G8<>"",G8,IF(AND(F8<>"",E8=D8),F8,E8)) -> 46025 | L8: =IF(AND(D8<>"",F8="",D8>=TODAY()),D8+ROW()/1000,"") | M8: =IF(OR(M$2="",$D8=""),"",IF(IF(ISNUMBER($F8),AND(M$2>=$F8,M$2<=IF(ISNUMBER($G8),$G8,$F8+$E8-$D8)),FALSE()),2,IF(AND(M$2>=$D8,M$2<=$E8),1,""))) | N8: =IF(OR(N$2="",$D8=""),"",IF(IF(ISNUMBER($F8),AND(N$2>=$F8,N$2<=IF(ISNUMBER($G8),$G8,$F8+$E8-$D8)),FALSE()),2,IF(AND(N$2>=$D8,N$2<=$E8),1,""))) | O8: =IF(OR(O$2="",$D8=""),"",IF(IF(ISNUMBER($F8),AND(O$2>=$F8,O$2<=IF(ISNUMBER($G8),$G8,$F8+$E8-$D8)),FALSE()),2,IF(AND(O$2>=$D8,O$2<=$E8),1,""))) | P8: =IF(OR(P$2="",$D8=""),"",IF(IF(ISNUMBER($F8),AND(P$2>=$F8,P$2<=IF(ISNUMBER($G8),$G8,$F8+$E8-$D8)),FALSE()),2,IF(AND(P$2>=$D8,P$2<=$E8),1,""))) | Q8: =IF(OR(Q$2="",$D8=""),"",IF(IF(ISNUMBER($F8),AND(Q$2>=$F8,Q$2<=IF(ISNUMBER($G8),$G8,$F8+$E8-$D8)),FALSE()),2,IF(AND(Q$2>=$D8,Q$2<=$E8),1,""))) | R8: =IF(OR(R$2="",$D8=""),"",IF(IF(ISNUMBER($F8),AND(R$2>=$F8,R$2<=IF(ISNUMBER($G8),$G8,$F8+$E8-$D8)),FALSE()),2,IF(AND(R$2>=$D8,R$2<=$E8),1,""))) | S8: =IF(OR(S$2="",$D8=""),"",IF(IF(ISNUMBER($F8),AND(S$2>=$F8,S$2<=IF(ISNUMBER($G8),$G8,$F8+$E8-$D8)),FALSE()),2,IF(AND(S$2>=$D8,S$2<=$E8),1,""))) | T8: =IF(OR(T$2="",$D8=""),"",IF(IF(ISNUMBER($F8),AND(T$2>=$F8,T$2<=IF(ISNUMBER($G8),$G8,$F8+$E8-$D8)),FALSE()),2,IF(AND(T$2>=$D8,T$2<=$E8),1,""))) | ... GE8: =IF(OR(GE$2="",$D8=""),"",IF(IF(ISNUMBER($F8),AND(GE$2>=$F8,GE$2<=IF(ISNUMBER($G8),$G8,$F8+$E8-$D8)),FALSE()),2,IF(AND(GE$2>=$D8,GE$2<=$E8),1,"")))
A9: Transplanting | B9: রোপণ | C9: 3F4D+MD | D9: =IF(ISNUMBER(TransDate),TransDate,"") -> 46038 | E9: =IF(D9="","",D9) -> 46038 | F9: =IF(_xlfn.MINIFS(2_Daily_input!$D$1:$FQ$1,2_Daily_input!$D$71:$FQ$71,"Transplanting")+_xlfn.MINIFS(2_Daily_input!$D$1:$FQ$1,2_Daily_input!$D$72:$FQ$72,"Transplanting")=0,"",IF(_xlfn.MINIFS(2_Daily_input!$D$1:$FQ$1,2_Daily_input!$D$71:$FQ$71,"Transplanting")=0,_xlfn.MINIFS(2_Daily_input!$D$1:$FQ$1,2_Daily_input!$D$72:$FQ$72,"Transplanting"),IF(_xlfn.MINIFS(2_Daily_input!$D$1:$FQ$1,2_Daily_input!$D$72:$FQ$72,"Transplanting")=0,_xlfn.MINIFS(2_Daily_input!$D$1:$FQ$1,2_Daily_input!$D$71:$FQ$71,"Transplanting"),MIN(_xlfn.MINIFS(2_Daily_input!$D$1:$FQ$1,2_Daily_input!$D$71:$FQ$71,"Transplanting"),_xlfn.MINIFS(2_Daily_input!$D$1:$FQ$1,2_Daily_input!$D$72:$FQ$72,"Transplanting"))))) -> 46038 | G9: ="" | H9: =IF(D9="","no plan",IF(F9<>"",IF(F9-D9>=2,"LATE","OK"),IF(TODAY()>D9+2,"OVERDUE","upcoming"))) -> OK | I9: =IF(AND(D9<>"",F9<>""),F9-D9,"") -> 0 | J9: =IF(F9<>"",F9,D9) -> 46038 | K9: =IF(G9<>"",G9,IF(AND(F9<>"",E9=D9),F9,E9)) -> 46038 | L9: =IF(AND(D9<>"",F9="",D9>=TODAY()),D9+ROW()/1000,"") | M9: =IF(OR(M$2="",$D9=""),"",IF(IF(ISNUMBER($F9),AND(M$2>=$F9,M$2<=IF(ISNUMBER($G9),$G9,$F9+$E9-$D9)),FALSE()),2,IF(AND(M$2>=$D9,M$2<=$E9),1,""))) | N9: =IF(OR(N$2="",$D9=""),"",IF(IF(ISNUMBER($F9),AND(N$2>=$F9,N$2<=IF(ISNUMBER($G9),$G9,$F9+$E9-$D9)),FALSE()),2,IF(AND(N$2>=$D9,N$2<=$E9),1,""))) | O9: =IF(OR(O$2="",$D9=""),"",IF(IF(ISNUMBER($F9),AND(O$2>=$F9,O$2<=IF(ISNUMBER($G9),$G9,$F9+$E9-$D9)),FALSE()),2,IF(AND(O$2>=$D9,O$2<=$E9),1,""))) | P9: =IF(OR(P$2="",$D9=""),"",IF(IF(ISNUMBER($F9),AND(P$2>=$F9,P$2<=IF(ISNUMBER($G9),$G9,$F9+$E9-$D9)),FALSE()),2,IF(AND(P$2>=$D9,P$2<=$E9),1,""))) | Q9: =IF(OR(Q$2="",$D9=""),"",IF(IF(ISNUMBER($F9),AND(Q$2>=$F9,Q$2<=IF(ISNUMBER($G9),$G9,$F9+$E9-$D9)),FALSE()),2,IF(AND(Q$2>=$D9,Q$2<=$E9),1,""))) | R9: =IF(OR(R$2="",$D9=""),"",IF(IF(ISNUMBER($F9),AND(R$2>=$F9,R$2<=IF(ISNUMBER($G9),$G9,$F9+$E9-$D9)),FALSE()),2,IF(AND(R$2>=$D9,R$2<=$E9),1,""))) | S9: =IF(OR(S$2="",$D9=""),"",IF(IF(ISNUMBER($F9),AND(S$2>=$F9,S$2<=IF(ISNUMBER($G9),$G9,$F9+$E9-$D9)),FALSE()),2,IF(AND(S$2>=$D9,S$2<=$E9),1,""))) | T9: =IF(OR(T$2="",$D9=""),"",IF(IF(ISNUMBER($F9),AND(T$2>=$F9,T$2<=IF(ISNUMBER($G9),$G9,$F9+$E9-$D9)),FALSE()),2,IF(AND(T$2>=$D9,T$2<=$E9),1,""))) | ... GE9: =IF(OR(GE$2="",$D9=""),"",IF(IF(ISNUMBER($F9),AND(GE$2>=$F9,GE$2<=IF(ISNUMBER($G9),$G9,$F9+$E9-$D9)),FALSE()),2,IF(AND(GE$2>=$D9,GE$2<=$E9),1,"")))
A10: Last irrigation for Pitan | B10: পিটানের আগে শেষ সেচ | C10: 3F4D+MD | D10: =IF(Day_0="","",Day_0+cfg_0+cfg_1-cfg_12) -> 46064 | E10: =IF(D10="","",D10) -> 46064 | F10: =IF(_xlfn.MINIFS(2_Daily_input!$D$1:$FQ$1,2_Daily_input!$D$71:$FQ$71,"Last irrigation for Pitan")+_xlfn.MINIFS(2_Daily_input!$D$1:$FQ$1,2_Daily_input!$D$72:$FQ$72,"Last irrigation for Pitan")=0,"",IF(_xlfn.MINIFS(2_Daily_input!$D$1:$FQ$1,2_Daily_input!$D$71:$FQ$71,"Last irrigation for Pitan")=0,_xlfn.MINIFS(2_Daily_input!$D$1:$FQ$1,2_Daily_input!$D$72:$FQ$72,"Last irrigation for Pitan"),IF(_xlfn.MINIFS(2_Daily_input!$D$1:$FQ$1,2_Daily_input!$D$72:$FQ$72,"Last irrigation for Pitan")=0,_xlfn.MINIFS(2_Daily_input!$D$1:$FQ$1,2_Daily_input!$D$71:$FQ$71,"Last irrigation for Pitan"),MIN(_xlfn.MINIFS(2_Daily_input!$D$1:$FQ$1,2_Daily_input!$D$71:$FQ$71,"Last irrigation for Pitan"),_xlfn.MINIFS(2_Daily_input!$D$1:$FQ$1,2_Daily_input!$D$72:$FQ$72,"Last irrigation for Pitan"))))) | G10: ="" | H10: =IF(D10="","no plan",IF(F10<>"",IF(F10-D10>=2,"LATE","OK"),IF(TODAY()>D10+2,"OVERDUE","upcoming"))) -> OVERDUE | I10: =IF(AND(D10<>"",F10<>""),F10-D10,"") | J10: =IF(F10<>"",F10,D10) -> 46064 | K10: =IF(G10<>"",G10,IF(AND(F10<>"",E10=D10),F10,E10)) -> 46064 | L10: =IF(AND(D10<>"",F10="",D10>=TODAY()),D10+ROW()/1000,"") | M10: =IF(OR(M$2="",$D10=""),"",IF(IF(ISNUMBER($F10),AND(M$2>=$F10,M$2<=IF(ISNUMBER($G10),$G10,$F10+$E10-$D10)),FALSE()),2,IF(AND(M$2>=$D10,M$2<=$E10),1,""))) | N10: =IF(OR(N$2="",$D10=""),"",IF(IF(ISNUMBER($F10),AND(N$2>=$F10,N$2<=IF(ISNUMBER($G10),$G10,$F10+$E10-$D10)),FALSE()),2,IF(AND(N$2>=$D10,N$2<=$E10),1,""))) | O10: =IF(OR(O$2="",$D10=""),"",IF(IF(ISNUMBER($F10),AND(O$2>=$F10,O$2<=IF(ISNUMBER($G10),$G10,$F10+$E10-$D10)),FALSE()),2,IF(AND(O$2>=$D10,O$2<=$E10),1,""))) | P10: =IF(OR(P$2="",$D10=""),"",IF(IF(ISNUMBER($F10),AND(P$2>=$F10,P$2<=IF(ISNUMBER($G10),$G10,$F10+$E10-$D10)),FALSE()),2,IF(AND(P$2>=$D10,P$2<=$E10),1,""))) | Q10: =IF(OR(Q$2="",$D10=""),"",IF(IF(ISNUMBER($F10),AND(Q$2>=$F10,Q$2<=IF(ISNUMBER($G10),$G10,$F10+$E10-$D10)),FALSE()),2,IF(AND(Q$2>=$D10,Q$2<=$E10),1,""))) | R10: =IF(OR(R$2="",$D10=""),"",IF(IF(ISNUMBER($F10),AND(R$2>=$F10,R$2<=IF(ISNUMBER($G10),$G10,$F10+$E10-$D10)),FALSE()),2,IF(AND(R$2>=$D10,R$2<=$E10),1,""))) | S10: =IF(OR(S$2="",$D10=""),"",IF(IF(ISNUMBER($F10),AND(S$2>=$F10,S$2<=IF(ISNUMBER($G10),$G10,$F10+$E10-$D10)),FALSE()),2,IF(AND(S$2>=$D10,S$2<=$E10),1,""))) | T10: =IF(OR(T$2="",$D10=""),"",IF(IF(ISNUMBER($F10),AND(T$2>=$F10,T$2<=IF(ISNUMBER($G10),$G10,$F10+$E10-$D10)),FALSE()),2,IF(AND(T$2>=$D10,T$2<=$E10),1,""))) | ... GE10: =IF(OR(GE$2="",$D10=""),"",IF(IF(ISNUMBER($F10),AND(GE$2>=$F10,GE$2<=IF(ISNUMBER($G10),$G10,$F10+$E10-$D10)),FALSE()),2,IF(AND(GE$2>=$D10,GE$2<=$E10),1,"")))
A11: Pitan (conventional mid-season drainage) | B11: পিটান | C11: 3F4D+MD | D11: =IF(Day_0="","",Day_0+cfg_0+cfg_1) -> 46068 | E11: =IF(Day_0="","",Day_0+cfg_0+cfg_1+cfg_2) -> 46071 | F11: =IF(_xlfn.MINIFS(2_Daily_input!$D$1:$FQ$1,2_Daily_input!$D$71:$FQ$71,"Pitan start")+_xlfn.MINIFS(2_Daily_input!$D$1:$FQ$1,2_Daily_input!$D$72:$FQ$72,"Pitan start")=0,"",IF(_xlfn.MINIFS(2_Daily_input!$D$1:$FQ$1,2_Daily_input!$D$71:$FQ$71,"Pitan start")=0,_xlfn.MINIFS(2_Daily_input!$D$1:$FQ$1,2_Daily_input!$D$72:$FQ$72,"Pitan start"),IF(_xlfn.MINIFS(2_Daily_input!$D$1:$FQ$1,2_Daily_input!$D$72:$FQ$72,"Pitan start")=0,_xlfn.MINIFS(2_Daily_input!$D$1:$FQ$1,2_Daily_input!$D$71:$FQ$71,"Pitan start"),MIN(_xlfn.MINIFS(2_Daily_input!$D$1:$FQ$1,2_Daily_input!$D$71:$FQ$71,"Pitan start"),_xlfn.MINIFS(2_Daily_input!$D$1:$FQ$1,2_Daily_input!$D$72:$FQ$72,"Pitan start"))))) | G11: =IF(_xlfn.MINIFS(2_Daily_input!$D$1:$FQ$1,2_Daily_input!$D$71:$FQ$71,"Pitan end")+_xlfn.MINIFS(2_Daily_input!$D$1:$FQ$1,2_Daily_input!$D$72:$FQ$72,"Pitan end")=0,"",IF(_xlfn.MINIFS(2_Daily_input!$D$1:$FQ$1,2_Daily_input!$D$71:$FQ$71,"Pitan end")=0,_xlfn.MINIFS(2_Daily_input!$D$1:$FQ$1,2_Daily_input!$D$72:$FQ$72,"Pitan end"),IF(_xlfn.MINIFS(2_Daily_input!$D$1:$FQ$1,2_Daily_input!$D$72:$FQ$72,"Pitan end")=0,_xlfn.MINIFS(2_Daily_input!$D$1:$FQ$1,2_Daily_input!$D$71:$FQ$71,"Pitan end"),MIN(_xlfn.MINIFS(2_Daily_input!$D$1:$FQ$1,2_Daily_input!$D$71:$FQ$71,"Pitan end"),_xlfn.MINIFS(2_Daily_input!$D$1:$FQ$1,2_Daily_input!$D$72:$FQ$72,"Pitan end"))))) | H11: =IF(D11="","no plan",IF(F11<>"",IF(F11-D11>=2,"LATE","OK"),IF(TODAY()>D11+2,"OVERDUE","upcoming"))) -> OVERDUE | I11: =IF(AND(D11<>"",F11<>""),F11-D11,"") | J11: =IF(F11<>"",F11,D11) -> 46068 | K11: =IF(G11<>"",G11,IF(AND(F11<>"",E11=D11),F11,E11)) -> 46071 | L11: =IF(AND(D11<>"",F11="",D11>=TODAY()),D11+ROW()/1000,"") | M11: =IF(OR(M$2="",$D11=""),"",IF(IF(ISNUMBER($F11),AND(M$2>=$F11,M$2<=IF(ISNUMBER($G11),$G11,$F11+$E11-$D11)),FALSE()),2,IF(AND(M$2>=$D11,M$2<=$E11),1,""))) | N11: =IF(OR(N$2="",$D11=""),"",IF(IF(ISNUMBER($F11),AND(N$2>=$F11,N$2<=IF(ISNUMBER($G11),$G11,$F11+$E11-$D11)),FALSE()),2,IF(AND(N$2>=$D11,N$2<=$E11),1,""))) | O11: =IF(OR(O$2="",$D11=""),"",IF(IF(ISNUMBER($F11),AND(O$2>=$F11,O$2<=IF(ISNUMBER($G11),$G11,$F11+$E11-$D11)),FALSE()),2,IF(AND(O$2>=$D11,O$2<=$E11),1,""))) | P11: =IF(OR(P$2="",$D11=""),"",IF(IF(ISNUMBER($F11),AND(P$2>=$F11,P$2<=IF(ISNUMBER($G11),$G11,$F11+$E11-$D11)),FALSE()),2,IF(AND(P$2>=$D11,P$2<=$E11),1,""))) | Q11: =IF(OR(Q$2="",$D11=""),"",IF(IF(ISNUMBER($F11),AND(Q$2>=$F11,Q$2<=IF(ISNUMBER($G11),$G11,$F11+$E11-$D11)),FALSE()),2,IF(AND(Q$2>=$D11,Q$2<=$E11),1,""))) | R11: =IF(OR(R$2="",$D11=""),"",IF(IF(ISNUMBER($F11),AND(R$2>=$F11,R$2<=IF(ISNUMBER($G11),$G11,$F11+$E11-$D11)),FALSE()),2,IF(AND(R$2>=$D11,R$2<=$E11),1,""))) | S11: =IF(OR(S$2="",$D11=""),"",IF(IF(ISNUMBER($F11),AND(S$2>=$F11,S$2<=IF(ISNUMBER($G11),$G11,$F11+$E11-$D11)),FALSE()),2,IF(AND(S$2>=$D11,S$2<=$E11),1,""))) | T11: =IF(OR(T$2="",$D11=""),"",IF(IF(ISNUMBER($F11),AND(T$2>=$F11,T$2<=IF(ISNUMBER($G11),$G11,$F11+$E11-$D11)),FALSE()),2,IF(AND(T$2>=$D11,T$2<=$E11),1,""))) | ... GE11: =IF(OR(GE$2="",$D11=""),"",IF(IF(ISNUMBER($F11),AND(GE$2>=$F11,GE$2<=IF(ISNUMBER($G11),$G11,$F11+$E11-$D11)),FALSE()),2,IF(AND(GE$2>=$D11,GE$2<=$E11),1,"")))
A12: Last irrigation for starting MD | B12: এমডির আগে শেষ সেচ | C12: 3F4D+MD | D12: =IF(Day_0="","",Day_0+cfg_3-cfg_12) -> 46065 | E12: =IF(D12="","",D12) -> 46065 | F12: =IF(_xlfn.MINIFS(2_Daily_input!$D$1:$FQ$1,2_Daily_input!$D$71:$FQ$71,"Last irrigation for starting MD")+_xlfn.MINIFS(2_Daily_input!$D$1:$FQ$1,2_Daily_input!$D$72:$FQ$72,"Last irrigation for starting MD")=0,"",IF(_xlfn.MINIFS(2_Daily_input!$D$1:$FQ$1,2_Daily_input!$D$71:$FQ$71,"Last irrigation for starting MD")=0,_xlfn.MINIFS(2_Daily_input!$D$1:$FQ$1,2_Daily_input!$D$72:$FQ$72,"Last irrigation for starting MD"),IF(_xlfn.MINIFS(2_Daily_input!$D$1:$FQ$1,2_Daily_input!$D$72:$FQ$72,"Last irrigation for starting MD")=0,_xlfn.MINIFS(2_Daily_input!$D$1:$FQ$1,2_Daily_input!$D$71:$FQ$71,"Last irrigation for starting MD"),MIN(_xlfn.MINIFS(2_Daily_input!$D$1:$FQ$1,2_Daily_input!$D$71:$FQ$71,"Last irrigation for starting MD"),_xlfn.MINIFS(2_Daily_input!$D$1:$FQ$1,2_Daily_input!$D$72:$FQ$72,"Last irrigation for starting MD"))))) | G12: ="" | H12: =IF(D12="","no plan",IF(F12<>"",IF(F12-D12>=2,"LATE","OK"),IF(TODAY()>D12+2,"OVERDUE","upcoming"))) -> OVERDUE | I12: =IF(AND(D12<>"",F12<>""),F12-D12,"") | J12: =IF(F12<>"",F12,D12) -> 46065 | K12: =IF(G12<>"",G12,IF(AND(F12<>"",E12=D12),F12,E12)) -> 46065 | L12: =IF(AND(D12<>"",F12="",D12>=TODAY()),D12+ROW()/1000,"") | M12: =IF(OR(M$2="",$D12=""),"",IF(IF(ISNUMBER($F12),AND(M$2>=$F12,M$2<=IF(ISNUMBER($G12),$G12,$F12+$E12-$D12)),FALSE()),2,IF(AND(M$2>=$D12,M$2<=$E12),1,""))) | N12: =IF(OR(N$2="",$D12=""),"",IF(IF(ISNUMBER($F12),AND(N$2>=$F12,N$2<=IF(ISNUMBER($G12),$G12,$F12+$E12-$D12)),FALSE()),2,IF(AND(N$2>=$D12,N$2<=$E12),1,""))) | O12: =IF(OR(O$2="",$D12=""),"",IF(IF(ISNUMBER($F12),AND(O$2>=$F12,O$2<=IF(ISNUMBER($G12),$G12,$F12+$E12-$D12)),FALSE()),2,IF(AND(O$2>=$D12,O$2<=$E12),1,""))) | P12: =IF(OR(P$2="",$D12=""),"",IF(IF(ISNUMBER($F12),AND(P$2>=$F12,P$2<=IF(ISNUMBER($G12),$G12,$F12+$E12-$D12)),FALSE()),2,IF(AND(P$2>=$D12,P$2<=$E12),1,""))) | Q12: =IF(OR(Q$2="",$D12=""),"",IF(IF(ISNUMBER($F12),AND(Q$2>=$F12,Q$2<=IF(ISNUMBER($G12),$G12,$F12+$E12-$D12)),FALSE()),2,IF(AND(Q$2>=$D12,Q$2<=$E12),1,""))) | R12: =IF(OR(R$2="",$D12=""),"",IF(IF(ISNUMBER($F12),AND(R$2>=$F12,R$2<=IF(ISNUMBER($G12),$G12,$F12+$E12-$D12)),FALSE()),2,IF(AND(R$2>=$D12,R$2<=$E12),1,""))) | S12: =IF(OR(S$2="",$D12=""),"",IF(IF(ISNUMBER($F12),AND(S$2>=$F12,S$2<=IF(ISNUMBER($G12),$G12,$F12+$E12-$D12)),FALSE()),2,IF(AND(S$2>=$D12,S$2<=$E12),1,""))) | T12: =IF(OR(T$2="",$D12=""),"",IF(IF(ISNUMBER($F12),AND(T$2>=$F12,T$2<=IF(ISNUMBER($G12),$G12,$F12+$E12-$D12)),FALSE()),2,IF(AND(T$2>=$D12,T$2<=$E12),1,""))) | ... GE12: =IF(OR(GE$2="",$D12=""),"",IF(IF(ISNUMBER($F12),AND(GE$2>=$F12,GE$2<=IF(ISNUMBER($G12),$G12,$F12+$E12-$D12)),FALSE()),2,IF(AND(GE$2>=$D12,GE$2<=$E12),1,"")))
A13: Mid-season drainage (MD; start = surface water disappears) | B13: এমডি | C13: 3F4D+MD | D13: =IF(Day_0="","",Day_0+cfg_3) -> 46069 | E13: =IF(Day_0="","",Day_0+cfg_3+cfg_4) -> 46077 | F13: =IF(_xlfn.MINIFS(2_Daily_input!$D$1:$FQ$1,2_Daily_input!$D$71:$FQ$71,"MD start")+_xlfn.MINIFS(2_Daily_input!$D$1:$FQ$1,2_Daily_input!$D$72:$FQ$72,"MD start")=0,"",IF(_xlfn.MINIFS(2_Daily_input!$D$1:$FQ$1,2_Daily_input!$D$71:$FQ$71,"MD start")=0,_xlfn.MINIFS(2_Daily_input!$D$1:$FQ$1,2_Daily_input!$D$72:$FQ$72,"MD start"),IF(_xlfn.MINIFS(2_Daily_input!$D$1:$FQ$1,2_Daily_input!$D$72:$FQ$72,"MD start")=0,_xlfn.MINIFS(2_Daily_input!$D$1:$FQ$1,2_Daily_input!$D$71:$FQ$71,"MD start"),MIN(_xlfn.MINIFS(2_Daily_input!$D$1:$FQ$1,2_Daily_input!$D$71:$FQ$71,"MD start"),_xlfn.MINIFS(2_Daily_input!$D$1:$FQ$1,2_Daily_input!$D$72:$FQ$72,"MD start"))))) | G13: =IF(_xlfn.MINIFS(2_Daily_input!$D$1:$FQ$1,2_Daily_input!$D$71:$FQ$71,"MD end")+_xlfn.MINIFS(2_Daily_input!$D$1:$FQ$1,2_Daily_input!$D$72:$FQ$72,"MD end")=0,"",IF(_xlfn.MINIFS(2_Daily_input!$D$1:$FQ$1,2_Daily_input!$D$71:$FQ$71,"MD end")=0,_xlfn.MINIFS(2_Daily_input!$D$1:$FQ$1,2_Daily_input!$D$72:$FQ$72,"MD end"),IF(_xlfn.MINIFS(2_Daily_input!$D$1:$FQ$1,2_Daily_input!$D$72:$FQ$72,"MD end")=0,_xlfn.MINIFS(2_Daily_input!$D$1:$FQ$1,2_Daily_input!$D$71:$FQ$71,"MD end"),MIN(_xlfn.MINIFS(2_Daily_input!$D$1:$FQ$1,2_Daily_input!$D$71:$FQ$71,"MD end"),_xlfn.MINIFS(2_Daily_input!$D$1:$FQ$1,2_Daily_input!$D$72:$FQ$72,"MD end"))))) | H13: =IF(D13="","no plan",IF(F13<>"",IF(F13-D13>=2,"LATE","OK"),IF(TODAY()>D13+2,"OVERDUE","upcoming"))) -> OVERDUE | I13: =IF(AND(D13<>"",F13<>""),F13-D13,"") | J13: =IF(F13<>"",F13,D13) -> 46069 | K13: =IF(G13<>"",G13,IF(AND(F13<>"",E13=D13),F13,E13)) -> 46077 | L13: =IF(AND(D13<>"",F13="",D13>=TODAY()),D13+ROW()/1000,"") | M13: =IF(OR(M$2="",$D13=""),"",IF(IF(ISNUMBER($F13),AND(M$2>=$F13,M$2<=IF(ISNUMBER($G13),$G13,$F13+$E13-$D13)),FALSE()),2,IF(AND(M$2>=$D13,M$2<=$E13),1,""))) | N13: =IF(OR(N$2="",$D13=""),"",IF(IF(ISNUMBER($F13),AND(N$2>=$F13,N$2<=IF(ISNUMBER($G13),$G13,$F13+$E13-$D13)),FALSE()),2,IF(AND(N$2>=$D13,N$2<=$E13),1,""))) | O13: =IF(OR(O$2="",$D13=""),"",IF(IF(ISNUMBER($F13),AND(O$2>=$F13,O$2<=IF(ISNUMBER($G13),$G13,$F13+$E13-$D13)),FALSE()),2,IF(AND(O$2>=$D13,O$2<=$E13),1,""))) | P13: =IF(OR(P$2="",$D13=""),"",IF(IF(ISNUMBER($F13),AND(P$2>=$F13,P$2<=IF(ISNUMBER($G13),$G13,$F13+$E13-$D13)),FALSE()),2,IF(AND(P$2>=$D13,P$2<=$E13),1,""))) | Q13: =IF(OR(Q$2="",$D13=""),"",IF(IF(ISNUMBER($F13),AND(Q$2>=$F13,Q$2<=IF(ISNUMBER($G13),$G13,$F13+$E13-$D13)),FALSE()),2,IF(AND(Q$2>=$D13,Q$2<=$E13),1,""))) | R13: =IF(OR(R$2="",$D13=""),"",IF(IF(ISNUMBER($F13),AND(R$2>=$F13,R$2<=IF(ISNUMBER($G13),$G13,$F13+$E13-$D13)),FALSE()),2,IF(AND(R$2>=$D13,R$2<=$E13),1,""))) | S13: =IF(OR(S$2="",$D13=""),"",IF(IF(ISNUMBER($F13),AND(S$2>=$F13,S$2<=IF(ISNUMBER($G13),$G13,$F13+$E13-$D13)),FALSE()),2,IF(AND(S$2>=$D13,S$2<=$E13),1,""))) | T13: =IF(OR(T$2="",$D13=""),"",IF(IF(ISNUMBER($F13),AND(T$2>=$F13,T$2<=IF(ISNUMBER($G13),$G13,$F13+$E13-$D13)),FALSE()),2,IF(AND(T$2>=$D13,T$2<=$E13),1,""))) | ... GE13: =IF(OR(GE$2="",$D13=""),"",IF(IF(ISNUMBER($F13),AND(GE$2>=$F13,GE$2<=IF(ISNUMBER($G13),$G13,$F13+$E13-$D13)),FALSE()),2,IF(AND(GE$2>=$D13,GE$2<=$E13),1,"")))
A14: Panicle checking (PI check) | B14: পিআই পরীক্ষা | C14: 3F4D+MD | D14: =IF(Day_0="","",Day_0+cfg_3+cfg_5) -> 46075 | E14: =IF(D14="","",D14) -> 46075 | F14: =IF(_xlfn.MINIFS(2_Daily_input!$D$1:$FQ$1,2_Daily_input!$D$71:$FQ$71,"PI check")+_xlfn.MINIFS(2_Daily_input!$D$1:$FQ$1,2_Daily_input!$D$72:$FQ$72,"PI check")=0,"",IF(_xlfn.MINIFS(2_Daily_input!$D$1:$FQ$1,2_Daily_input!$D$71:$FQ$71,"PI check")=0,_xlfn.MINIFS(2_Daily_input!$D$1:$FQ$1,2_Daily_input!$D$72:$FQ$72,"PI check"),IF(_xlfn.MINIFS(2_Daily_input!$D$1:$FQ$1,2_Daily_input!$D$72:$FQ$72,"PI check")=0,_xlfn.MINIFS(2_Daily_input!$D$1:$FQ$1,2_Daily_input!$D$71:$FQ$71,"PI check"),MIN(_xlfn.MINIFS(2_Daily_input!$D$1:$FQ$1,2_Daily_input!$D$71:$FQ$71,"PI check"),_xlfn.MINIFS(2_Daily_input!$D$1:$FQ$1,2_Daily_input!$D$72:$FQ$72,"PI check"))))) | G14: ="" | H14: =IF(D14="","no plan",IF(F14<>"",IF(F14-D14>=2,"LATE","OK"),IF(TODAY()>D14+2,"OVERDUE","upcoming"))) -> OVERDUE | I14: =IF(AND(D14<>"",F14<>""),F14-D14,"") | J14: =IF(F14<>"",F14,D14) -> 46075 | K14: =IF(G14<>"",G14,IF(AND(F14<>"",E14=D14),F14,E14)) -> 46075 | L14: =IF(AND(D14<>"",F14="",D14>=TODAY()),D14+ROW()/1000,"") | M14: =IF(OR(M$2="",$D14=""),"",IF(IF(ISNUMBER($F14),AND(M$2>=$F14,M$2<=IF(ISNUMBER($G14),$G14,$F14+$E14-$D14)),FALSE()),2,IF(AND(M$2>=$D14,M$2<=$E14),1,""))) | N14: =IF(OR(N$2="",$D14=""),"",IF(IF(ISNUMBER($F14),AND(N$2>=$F14,N$2<=IF(ISNUMBER($G14),$G14,$F14+$E14-$D14)),FALSE()),2,IF(AND(N$2>=$D14,N$2<=$E14),1,""))) | O14: =IF(OR(O$2="",$D14=""),"",IF(IF(ISNUMBER($F14),AND(O$2>=$F14,O$2<=IF(ISNUMBER($G14),$G14,$F14+$E14-$D14)),FALSE()),2,IF(AND(O$2>=$D14,O$2<=$E14),1,""))) | P14: =IF(OR(P$2="",$D14=""),"",IF(IF(ISNUMBER($F14),AND(P$2>=$F14,P$2<=IF(ISNUMBER($G14),$G14,$F14+$E14-$D14)),FALSE()),2,IF(AND(P$2>=$D14,P$2<=$E14),1,""))) | Q14: =IF(OR(Q$2="",$D14=""),"",IF(IF(ISNUMBER($F14),AND(Q$2>=$F14,Q$2<=IF(ISNUMBER($G14),$G14,$F14+$E14-$D14)),FALSE()),2,IF(AND(Q$2>=$D14,Q$2<=$E14),1,""))) | R14: =IF(OR(R$2="",$D14=""),"",IF(IF(ISNUMBER($F14),AND(R$2>=$F14,R$2<=IF(ISNUMBER($G14),$G14,$F14+$E14-$D14)),FALSE()),2,IF(AND(R$2>=$D14,R$2<=$E14),1,""))) | S14: =IF(OR(S$2="",$D14=""),"",IF(IF(ISNUMBER($F14),AND(S$2>=$F14,S$2<=IF(ISNUMBER($G14),$G14,$F14+$E14-$D14)),FALSE()),2,IF(AND(S$2>=$D14,S$2<=$E14),1,""))) | T14: =IF(OR(T$2="",$D14=""),"",IF(IF(ISNUMBER($F14),AND(T$2>=$F14,T$2<=IF(ISNUMBER($G14),$G14,$F14+$E14-$D14)),FALSE()),2,IF(AND(T$2>=$D14,T$2<=$E14),1,""))) | ... GE14: =IF(OR(GE$2="",$D14=""),"",IF(IF(ISNUMBER($F14),AND(GE$2>=$F14,GE$2<=IF(ISNUMBER($G14),$G14,$F14+$E14-$D14)),FALSE()),2,IF(AND(GE$2>=$D14,GE$2<=$E14),1,"")))
A15: Flooding (panicle initiation) | B15: প্লাবন | C15: 3F4D+MD | D15: =IF(Day_0="","",Day_0+cfg_6-cfg_7) -> 46089 | E15: =IF(Day_0="","",Day_0+cfg_6-cfg_8) -> 46093 | F15: =IF(_xlfn.MINIFS(2_Daily_input!$D$1:$FQ$1,2_Daily_input!$D$71:$FQ$71,"Flooding start")+_xlfn.MINIFS(2_Daily_input!$D$1:$FQ$1,2_Daily_input!$D$72:$FQ$72,"Flooding start")=0,"",IF(_xlfn.MINIFS(2_Daily_input!$D$1:$FQ$1,2_Daily_input!$D$71:$FQ$71,"Flooding start")=0,_xlfn.MINIFS(2_Daily_input!$D$1:$FQ$1,2_Daily_input!$D$72:$FQ$72,"Flooding start"),IF(_xlfn.MINIFS(2_Daily_input!$D$1:$FQ$1,2_Daily_input!$D$72:$FQ$72,"Flooding start")=0,_xlfn.MINIFS(2_Daily_input!$D$1:$FQ$1,2_Daily_input!$D$71:$FQ$71,"Flooding start"),MIN(_xlfn.MINIFS(2_Daily_input!$D$1:$FQ$1,2_Daily_input!$D$71:$FQ$71,"Flooding start"),_xlfn.MINIFS(2_Daily_input!$D$1:$FQ$1,2_Daily_input!$D$72:$FQ$72,"Flooding start"))))) | G15: =IF(_xlfn.MINIFS(2_Daily_input!$D$1:$FQ$1,2_Daily_input!$D$71:$FQ$71,"Flooding end")+_xlfn.MINIFS(2_Daily_input!$D$1:$FQ$1,2_Daily_input!$D$72:$FQ$72,"Flooding end")=0,"",IF(_xlfn.MINIFS(2_Daily_input!$D$1:$FQ$1,2_Daily_input!$D$71:$FQ$71,"Flooding end")=0,_xlfn.MINIFS(2_Daily_input!$D$1:$FQ$1,2_Daily_input!$D$72:$FQ$72,"Flooding end"),IF(_xlfn.MINIFS(2_Daily_input!$D$1:$FQ$1,2_Daily_input!$D$72:$FQ$72,"Flooding end")=0,_xlfn.MINIFS(2_Daily_input!$D$1:$FQ$1,2_Daily_input!$D$71:$FQ$71,"Flooding end"),MIN(_xlfn.MINIFS(2_Daily_input!$D$1:$FQ$1,2_Daily_input!$D$71:$FQ$71,"Flooding end"),_xlfn.MINIFS(2_Daily_input!$D$1:$FQ$1,2_Daily_input!$D$72:$FQ$72,"Flooding end"))))) | H15: =IF(D15="","no plan",IF(F15<>"",IF(F15-D15>=2,"LATE","OK"),IF(TODAY()>D15+2,"OVERDUE","upcoming"))) -> OVERDUE | I15: =IF(AND(D15<>"",F15<>""),F15-D15,"") | J15: =IF(F15<>"",F15,D15) -> 46089 | K15: =IF(G15<>"",G15,IF(AND(F15<>"",E15=D15),F15,E15)) -> 46093 | L15: =IF(AND(D15<>"",F15="",D15>=TODAY()),D15+ROW()/1000,"") | M15: =IF(OR(M$2="",$D15=""),"",IF(IF(ISNUMBER($F15),AND(M$2>=$F15,M$2<=IF(ISNUMBER($G15),$G15,$F15+$E15-$D15)),FALSE()),2,IF(AND(M$2>=$D15,M$2<=$E15),1,""))) | N15: =IF(OR(N$2="",$D15=""),"",IF(IF(ISNUMBER($F15),AND(N$2>=$F15,N$2<=IF(ISNUMBER($G15),$G15,$F15+$E15-$D15)),FALSE()),2,IF(AND(N$2>=$D15,N$2<=$E15),1,""))) | O15: =IF(OR(O$2="",$D15=""),"",IF(IF(ISNUMBER($F15),AND(O$2>=$F15,O$2<=IF(ISNUMBER($G15),$G15,$F15+$E15-$D15)),FALSE()),2,IF(AND(O$2>=$D15,O$2<=$E15),1,""))) | P15: =IF(OR(P$2="",$D15=""),"",IF(IF(ISNUMBER($F15),AND(P$2>=$F15,P$2<=IF(ISNUMBER($G15),$G15,$F15+$E15-$D15)),FALSE()),2,IF(AND(P$2>=$D15,P$2<=$E15),1,""))) | Q15: =IF(OR(Q$2="",$D15=""),"",IF(IF(ISNUMBER($F15),AND(Q$2>=$F15,Q$2<=IF(ISNUMBER($G15),$G15,$F15+$E15-$D15)),FALSE()),2,IF(AND(Q$2>=$D15,Q$2<=$E15),1,""))) | R15: =IF(OR(R$2="",$D15=""),"",IF(IF(ISNUMBER($F15),AND(R$2>=$F15,R$2<=IF(ISNUMBER($G15),$G15,$F15+$E15-$D15)),FALSE()),2,IF(AND(R$2>=$D15,R$2<=$E15),1,""))) | S15: =IF(OR(S$2="",$D15=""),"",IF(IF(ISNUMBER($F15),AND(S$2>=$F15,S$2<=IF(ISNUMBER($G15),$G15,$F15+$E15-$D15)),FALSE()),2,IF(AND(S$2>=$D15,S$2<=$E15),1,""))) | T15: =IF(OR(T$2="",$D15=""),"",IF(IF(ISNUMBER($F15),AND(T$2>=$F15,T$2<=IF(ISNUMBER($G15),$G15,$F15+$E15-$D15)),FALSE()),2,IF(AND(T$2>=$D15,T$2<=$E15),1,""))) | ... GE15: =IF(OR(GE$2="",$D15=""),"",IF(IF(ISNUMBER($F15),AND(GE$2>=$F15,GE$2<=IF(ISNUMBER($G15),$G15,$F15+$E15-$D15)),FALSE()),2,IF(AND(GE$2>=$D15,GE$2<=$E15),1,"")))
A16: 3F4D-1 | B16: ৩এফ৪ডি-1 | C16: 3F4D+MD | D16: =IF(Day_0="","",Day_0+cfg_6-cfg_8+cfg_13*0) -> 46093 | E16: =IF(Day_0="","",Day_0+cfg_6-cfg_8+cfg_13*1) -> 46100 | F16: =IF(_xlfn.MINIFS(2_Daily_input!$D$1:$FQ$1,2_Daily_input!$D$71:$FQ$71,"3F4D-1 start")+_xlfn.MINIFS(2_Daily_input!$D$1:$FQ$1,2_Daily_input!$D$72:$FQ$72,"3F4D-1 start")=0,"",IF(_xlfn.MINIFS(2_Daily_input!$D$1:$FQ$1,2_Daily_input!$D$71:$FQ$71,"3F4D-1 start")=0,_xlfn.MINIFS(2_Daily_input!$D$1:$FQ$1,2_Daily_input!$D$72:$FQ$72,"3F4D-1 start"),IF(_xlfn.MINIFS(2_Daily_input!$D$1:$FQ$1,2_Daily_input!$D$72:$FQ$72,"3F4D-1 start")=0,_xlfn.MINIFS(2_Daily_input!$D$1:$FQ$1,2_Daily_input!$D$71:$FQ$71,"3F4D-1 start"),MIN(_xlfn.MINIFS(2_Daily_input!$D$1:$FQ$1,2_Daily_input!$D$71:$FQ$71,"3F4D-1 start"),_xlfn.MINIFS(2_Daily_input!$D$1:$FQ$1,2_Daily_input!$D$72:$FQ$72,"3F4D-1 start"))))) | G16: ="" | H16: =IF(D16="","no plan",IF(F16<>"",IF(F16-D16>=2,"LATE","OK"),IF(TODAY()>D16+2,"OVERDUE","upcoming"))) -> OVERDUE | I16: =IF(AND(D16<>"",F16<>""),F16-D16,"") | J16: =IF(F16<>"",F16,D16) -> 46093 | K16: =IF(G16<>"",G16,IF(AND(F16<>"",E16=D16),F16,E16)) -> 46100 | L16: =IF(AND(D16<>"",F16="",D16>=TODAY()),D16+ROW()/1000,"") | M16: =IF(OR(M$2="",$D16=""),"",IF(IF(ISNUMBER($F16),AND(M$2>=$F16,M$2<=IF(ISNUMBER($G16),$G16,$F16+$E16-$D16)),FALSE()),2,IF(AND(M$2>=$D16,M$2<=$E16),1,""))) | N16: =IF(OR(N$2="",$D16=""),"",IF(IF(ISNUMBER($F16),AND(N$2>=$F16,N$2<=IF(ISNUMBER($G16),$G16,$F16+$E16-$D16)),FALSE()),2,IF(AND(N$2>=$D16,N$2<=$E16),1,""))) | O16: =IF(OR(O$2="",$D16=""),"",IF(IF(ISNUMBER($F16),AND(O$2>=$F16,O$2<=IF(ISNUMBER($G16),$G16,$F16+$E16-$D16)),FALSE()),2,IF(AND(O$2>=$D16,O$2<=$E16),1,""))) | P16: =IF(OR(P$2="",$D16=""),"",IF(IF(ISNUMBER($F16),AND(P$2>=$F16,P$2<=IF(ISNUMBER($G16),$G16,$F16+$E16-$D16)),FALSE()),2,IF(AND(P$2>=$D16,P$2<=$E16),1,""))) | Q16: =IF(OR(Q$2="",$D16=""),"",IF(IF(ISNUMBER($F16),AND(Q$2>=$F16,Q$2<=IF(ISNUMBER($G16),$G16,$F16+$E16-$D16)),FALSE()),2,IF(AND(Q$2>=$D16,Q$2<=$E16),1,""))) | R16: =IF(OR(R$2="",$D16=""),"",IF(IF(ISNUMBER($F16),AND(R$2>=$F16,R$2<=IF(ISNUMBER($G16),$G16,$F16+$E16-$D16)),FALSE()),2,IF(AND(R$2>=$D16,R$2<=$E16),1,""))) | S16: =IF(OR(S$2="",$D16=""),"",IF(IF(ISNUMBER($F16),AND(S$2>=$F16,S$2<=IF(ISNUMBER($G16),$G16,$F16+$E16-$D16)),FALSE()),2,IF(AND(S$2>=$D16,S$2<=$E16),1,""))) | T16: =IF(OR(T$2="",$D16=""),"",IF(IF(ISNUMBER($F16),AND(T$2>=$F16,T$2<=IF(ISNUMBER($G16),$G16,$F16+$E16-$D16)),FALSE()),2,IF(AND(T$2>=$D16,T$2<=$E16),1,""))) | ... GE16: =IF(OR(GE$2="",$D16=""),"",IF(IF(ISNUMBER($F16),AND(GE$2>=$F16,GE$2<=IF(ISNUMBER($G16),$G16,$F16+$E16-$D16)),FALSE()),2,IF(AND(GE$2>=$D16,GE$2<=$E16),1,"")))
A17: 3F4D-2 | B17: ৩এফ৪ডি-2 | C17: 3F4D+MD | D17: =IF(Day_0="","",Day_0+cfg_6-cfg_8+cfg_13*1) -> 46100 | E17: =IF(Day_0="","",Day_0+cfg_6-cfg_8+cfg_13*2) -> 46107 | F17: =IF(_xlfn.MINIFS(2_Daily_input!$D$1:$FQ$1,2_Daily_input!$D$71:$FQ$71,"3F4D-2 start")+_xlfn.MINIFS(2_Daily_input!$D$1:$FQ$1,2_Daily_input!$D$72:$FQ$72,"3F4D-2 start")=0,"",IF(_xlfn.MINIFS(2_Daily_input!$D$1:$FQ$1,2_Daily_input!$D$71:$FQ$71,"3F4D-2 start")=0,_xlfn.MINIFS(2_Daily_input!$D$1:$FQ$1,2_Daily_input!$D$72:$FQ$72,"3F4D-2 start"),IF(_xlfn.MINIFS(2_Daily_input!$D$1:$FQ$1,2_Daily_input!$D$72:$FQ$72,"3F4D-2 start")=0,_xlfn.MINIFS(2_Daily_input!$D$1:$FQ$1,2_Daily_input!$D$71:$FQ$71,"3F4D-2 start"),MIN(_xlfn.MINIFS(2_Daily_input!$D$1:$FQ$1,2_Daily_input!$D$71:$FQ$71,"3F4D-2 start"),_xlfn.MINIFS(2_Daily_input!$D$1:$FQ$1,2_Daily_input!$D$72:$FQ$72,"3F4D-2 start"))))) | G17: ="" | H17: =IF(D17="","no plan",IF(F17<>"",IF(F17-D17>=2,"LATE","OK"),IF(TODAY()>D17+2,"OVERDUE","upcoming"))) -> OVERDUE | I17: =IF(AND(D17<>"",F17<>""),F17-D17,"") | J17: =IF(F17<>"",F17,D17) -> 46100 | K17: =IF(G17<>"",G17,IF(AND(F17<>"",E17=D17),F17,E17)) -> 46107 | L17: =IF(AND(D17<>"",F17="",D17>=TODAY()),D17+ROW()/1000,"") | M17: =IF(OR(M$2="",$D17=""),"",IF(IF(ISNUMBER($F17),AND(M$2>=$F17,M$2<=IF(ISNUMBER($G17),$G17,$F17+$E17-$D17)),FALSE()),2,IF(AND(M$2>=$D17,M$2<=$E17),1,""))) | N17: =IF(OR(N$2="",$D17=""),"",IF(IF(ISNUMBER($F17),AND(N$2>=$F17,N$2<=IF(ISNUMBER($G17),$G17,$F17+$E17-$D17)),FALSE()),2,IF(AND(N$2>=$D17,N$2<=$E17),1,""))) | O17: =IF(OR(O$2="",$D17=""),"",IF(IF(ISNUMBER($F17),AND(O$2>=$F17,O$2<=IF(ISNUMBER($G17),$G17,$F17+$E17-$D17)),FALSE()),2,IF(AND(O$2>=$D17,O$2<=$E17),1,""))) | P17: =IF(OR(P$2="",$D17=""),"",IF(IF(ISNUMBER($F17),AND(P$2>=$F17,P$2<=IF(ISNUMBER($G17),$G17,$F17+$E17-$D17)),FALSE()),2,IF(AND(P$2>=$D17,P$2<=$E17),1,""))) | Q17: =IF(OR(Q$2="",$D17=""),"",IF(IF(ISNUMBER($F17),AND(Q$2>=$F17,Q$2<=IF(ISNUMBER($G17),$G17,$F17+$E17-$D17)),FALSE()),2,IF(AND(Q$2>=$D17,Q$2<=$E17),1,""))) | R17: =IF(OR(R$2="",$D17=""),"",IF(IF(ISNUMBER($F17),AND(R$2>=$F17,R$2<=IF(ISNUMBER($G17),$G17,$F17+$E17-$D17)),FALSE()),2,IF(AND(R$2>=$D17,R$2<=$E17),1,""))) | S17: =IF(OR(S$2="",$D17=""),"",IF(IF(ISNUMBER($F17),AND(S$2>=$F17,S$2<=IF(ISNUMBER($G17),$G17,$F17+$E17-$D17)),FALSE()),2,IF(AND(S$2>=$D17,S$2<=$E17),1,""))) | T17: =IF(OR(T$2="",$D17=""),"",IF(IF(ISNUMBER($F17),AND(T$2>=$F17,T$2<=IF(ISNUMBER($G17),$G17,$F17+$E17-$D17)),FALSE()),2,IF(AND(T$2>=$D17,T$2<=$E17),1,""))) | ... GE17: =IF(OR(GE$2="",$D17=""),"",IF(IF(ISNUMBER($F17),AND(GE$2>=$F17,GE$2<=IF(ISNUMBER($G17),$G17,$F17+$E17-$D17)),FALSE()),2,IF(AND(GE$2>=$D17,GE$2<=$E17),1,"")))
A18: 3F4D-3 | B18: ৩এফ৪ডি-3 | C18: 3F4D+MD | D18: =IF(Day_0="","",Day_0+cfg_6-cfg_8+cfg_13*2) -> 46107 | E18: =IF(Day_0="","",Day_0+cfg_6-cfg_8+cfg_13*3) -> 46114 | F18: =IF(_xlfn.MINIFS(2_Daily_input!$D$1:$FQ$1,2_Daily_input!$D$71:$FQ$71,"3F4D-3 start")+_xlfn.MINIFS(2_Daily_input!$D$1:$FQ$1,2_Daily_input!$D$72:$FQ$72,"3F4D-3 start")=0,"",IF(_xlfn.MINIFS(2_Daily_input!$D$1:$FQ$1,2_Daily_input!$D$71:$FQ$71,"3F4D-3 start")=0,_xlfn.MINIFS(2_Daily_input!$D$1:$FQ$1,2_Daily_input!$D$72:$FQ$72,"3F4D-3 start"),IF(_xlfn.MINIFS(2_Daily_input!$D$1:$FQ$1,2_Daily_input!$D$72:$FQ$72,"3F4D-3 start")=0,_xlfn.MINIFS(2_Daily_input!$D$1:$FQ$1,2_Daily_input!$D$71:$FQ$71,"3F4D-3 start"),MIN(_xlfn.MINIFS(2_Daily_input!$D$1:$FQ$1,2_Daily_input!$D$71:$FQ$71,"3F4D-3 start"),_xlfn.MINIFS(2_Daily_input!$D$1:$FQ$1,2_Daily_input!$D$72:$FQ$72,"3F4D-3 start"))))) | G18: ="" | H18: =IF(D18="","no plan",IF(F18<>"",IF(F18-D18>=2,"LATE","OK"),IF(TODAY()>D18+2,"OVERDUE","upcoming"))) -> OVERDUE | I18: =IF(AND(D18<>"",F18<>""),F18-D18,"") | J18: =IF(F18<>"",F18,D18) -> 46107 | K18: =IF(G18<>"",G18,IF(AND(F18<>"",E18=D18),F18,E18)) -> 46114 | L18: =IF(AND(D18<>"",F18="",D18>=TODAY()),D18+ROW()/1000,"") | M18: =IF(OR(M$2="",$D18=""),"",IF(IF(ISNUMBER($F18),AND(M$2>=$F18,M$2<=IF(ISNUMBER($G18),$G18,$F18+$E18-$D18)),FALSE()),2,IF(AND(M$2>=$D18,M$2<=$E18),1,""))) | N18: =IF(OR(N$2="",$D18=""),"",IF(IF(ISNUMBER($F18),AND(N$2>=$F18,N$2<=IF(ISNUMBER($G18),$G18,$F18+$E18-$D18)),FALSE()),2,IF(AND(N$2>=$D18,N$2<=$E18),1,""))) | O18: =IF(OR(O$2="",$D18=""),"",IF(IF(ISNUMBER($F18),AND(O$2>=$F18,O$2<=IF(ISNUMBER($G18),$G18,$F18+$E18-$D18)),FALSE()),2,IF(AND(O$2>=$D18,O$2<=$E18),1,""))) | P18: =IF(OR(P$2="",$D18=""),"",IF(IF(ISNUMBER($F18),AND(P$2>=$F18,P$2<=IF(ISNUMBER($G18),$G18,$F18+$E18-$D18)),FALSE()),2,IF(AND(P$2>=$D18,P$2<=$E18),1,""))) | Q18: =IF(OR(Q$2="",$D18=""),"",IF(IF(ISNUMBER($F18),AND(Q$2>=$F18,Q$2<=IF(ISNUMBER($G18),$G18,$F18+$E18-$D18)),FALSE()),2,IF(AND(Q$2>=$D18,Q$2<=$E18),1,""))) | R18: =IF(OR(R$2="",$D18=""),"",IF(IF(ISNUMBER($F18),AND(R$2>=$F18,R$2<=IF(ISNUMBER($G18),$G18,$F18+$E18-$D18)),FALSE()),2,IF(AND(R$2>=$D18,R$2<=$E18),1,""))) | S18: =IF(OR(S$2="",$D18=""),"",IF(IF(ISNUMBER($F18),AND(S$2>=$F18,S$2<=IF(ISNUMBER($G18),$G18,$F18+$E18-$D18)),FALSE()),2,IF(AND(S$2>=$D18,S$2<=$E18),1,""))) | T18: =IF(OR(T$2="",$D18=""),"",IF(IF(ISNUMBER($F18),AND(T$2>=$F18,T$2<=IF(ISNUMBER($G18),$G18,$F18+$E18-$D18)),FALSE()),2,IF(AND(T$2>=$D18,T$2<=$E18),1,""))) | ... GE18: =IF(OR(GE$2="",$D18=""),"",IF(IF(ISNUMBER($F18),AND(GE$2>=$F18,GE$2<=IF(ISNUMBER($G18),$G18,$F18+$E18-$D18)),FALSE()),2,IF(AND(GE$2>=$D18,GE$2<=$E18),1,"")))
A19: Heading | B19: শীষ বের হওয়া | C19: 3F4D+MD | D19: =IF(Day_0="","",Day_0+cfg_6) -> 46114 | E19: =IF(D19="","",D19) -> 46114 | F19: =IF(_xlfn.MINIFS(2_Daily_input!$D$1:$FQ$1,2_Daily_input!$D$71:$FQ$71,"Heading")+_xlfn.MINIFS(2_Daily_input!$D$1:$FQ$1,2_Daily_input!$D$72:$FQ$72,"Heading")=0,"",IF(_xlfn.MINIFS(2_Daily_input!$D$1:$FQ$1,2_Daily_input!$D$71:$FQ$71,"Heading")=0,_xlfn.MINIFS(2_Daily_input!$D$1:$FQ$1,2_Daily_input!$D$72:$FQ$72,"Heading"),IF(_xlfn.MINIFS(2_Daily_input!$D$1:$FQ$1,2_Daily_input!$D$72:$FQ$72,"Heading")=0,_xlfn.MINIFS(2_Daily_input!$D$1:$FQ$1,2_Daily_input!$D$71:$FQ$71,"Heading"),MIN(_xlfn.MINIFS(2_Daily_input!$D$1:$FQ$1,2_Daily_input!$D$71:$FQ$71,"Heading"),_xlfn.MINIFS(2_Daily_input!$D$1:$FQ$1,2_Daily_input!$D$72:$FQ$72,"Heading"))))) | G19: ="" | H19: =IF(D19="","no plan",IF(F19<>"",IF(F19-D19>=2,"LATE","OK"),IF(TODAY()>D19+2,"OVERDUE","upcoming"))) -> OVERDUE | I19: =IF(AND(D19<>"",F19<>""),F19-D19,"") | J19: =IF(F19<>"",F19,D19) -> 46114 | K19: =IF(G19<>"",G19,IF(AND(F19<>"",E19=D19),F19,E19)) -> 46114 | L19: =IF(AND(D19<>"",F19="",D19>=TODAY()),D19+ROW()/1000,"") | M19: =IF(OR(M$2="",$D19=""),"",IF(IF(ISNUMBER($F19),AND(M$2>=$F19,M$2<=IF(ISNUMBER($G19),$G19,$F19+$E19-$D19)),FALSE()),2,IF(AND(M$2>=$D19,M$2<=$E19),1,""))) | N19: =IF(OR(N$2="",$D19=""),"",IF(IF(ISNUMBER($F19),AND(N$2>=$F19,N$2<=IF(ISNUMBER($G19),$G19,$F19+$E19-$D19)),FALSE()),2,IF(AND(N$2>=$D19,N$2<=$E19),1,""))) | O19: =IF(OR(O$2="",$D19=""),"",IF(IF(ISNUMBER($F19),AND(O$2>=$F19,O$2<=IF(ISNUMBER($G19),$G19,$F19+$E19-$D19)),FALSE()),2,IF(AND(O$2>=$D19,O$2<=$E19),1,""))) | P19: =IF(OR(P$2="",$D19=""),"",IF(IF(ISNUMBER($F19),AND(P$2>=$F19,P$2<=IF(ISNUMBER($G19),$G19,$F19+$E19-$D19)),FALSE()),2,IF(AND(P$2>=$D19,P$2<=$E19),1,""))) | Q19: =IF(OR(Q$2="",$D19=""),"",IF(IF(ISNUMBER($F19),AND(Q$2>=$F19,Q$2<=IF(ISNUMBER($G19),$G19,$F19+$E19-$D19)),FALSE()),2,IF(AND(Q$2>=$D19,Q$2<=$E19),1,""))) | R19: =IF(OR(R$2="",$D19=""),"",IF(IF(ISNUMBER($F19),AND(R$2>=$F19,R$2<=IF(ISNUMBER($G19),$G19,$F19+$E19-$D19)),FALSE()),2,IF(AND(R$2>=$D19,R$2<=$E19),1,""))) | S19: =IF(OR(S$2="",$D19=""),"",IF(IF(ISNUMBER($F19),AND(S$2>=$F19,S$2<=IF(ISNUMBER($G19),$G19,$F19+$E19-$D19)),FALSE()),2,IF(AND(S$2>=$D19,S$2<=$E19),1,""))) | T19: =IF(OR(T$2="",$D19=""),"",IF(IF(ISNUMBER($F19),AND(T$2>=$F19,T$2<=IF(ISNUMBER($G19),$G19,$F19+$E19-$D19)),FALSE()),2,IF(AND(T$2>=$D19,T$2<=$E19),1,""))) | ... GE19: =IF(OR(GE$2="",$D19=""),"",IF(IF(ISNUMBER($F19),AND(GE$2>=$F19,GE$2<=IF(ISNUMBER($G19),$G19,$F19+$E19-$D19)),FALSE()),2,IF(AND(GE$2>=$D19,GE$2<=$E19),1,"")))
A20: 3F4D-4 | B20: ৩এফ৪ডি-4 | C20: 3F4D+MD | D20: =IF(Day_0="","",Day_0+cfg_6-cfg_8+cfg_13*3) -> 46114 | E20: =IF(Day_0="","",Day_0+cfg_6-cfg_8+cfg_13*4) -> 46121 | F20: =IF(_xlfn.MINIFS(2_Daily_input!$D$1:$FQ$1,2_Daily_input!$D$71:$FQ$71,"3F4D-4 start")+_xlfn.MINIFS(2_Daily_input!$D$1:$FQ$1,2_Daily_input!$D$72:$FQ$72,"3F4D-4 start")=0,"",IF(_xlfn.MINIFS(2_Daily_input!$D$1:$FQ$1,2_Daily_input!$D$71:$FQ$71,"3F4D-4 start")=0,_xlfn.MINIFS(2_Daily_input!$D$1:$FQ$1,2_Daily_input!$D$72:$FQ$72,"3F4D-4 start"),IF(_xlfn.MINIFS(2_Daily_input!$D$1:$FQ$1,2_Daily_input!$D$72:$FQ$72,"3F4D-4 start")=0,_xlfn.MINIFS(2_Daily_input!$D$1:$FQ$1,2_Daily_input!$D$71:$FQ$71,"3F4D-4 start"),MIN(_xlfn.MINIFS(2_Daily_input!$D$1:$FQ$1,2_Daily_input!$D$71:$FQ$71,"3F4D-4 start"),_xlfn.MINIFS(2_Daily_input!$D$1:$FQ$1,2_Daily_input!$D$72:$FQ$72,"3F4D-4 start"))))) | G20: ="" | H20: =IF(D20="","no plan",IF(F20<>"",IF(F20-D20>=2,"LATE","OK"),IF(TODAY()>D20+2,"OVERDUE","upcoming"))) -> OVERDUE | I20: =IF(AND(D20<>"",F20<>""),F20-D20,"") | J20: =IF(F20<>"",F20,D20) -> 46114 | K20: =IF(G20<>"",G20,IF(AND(F20<>"",E20=D20),F20,E20)) -> 46121 | L20: =IF(AND(D20<>"",F20="",D20>=TODAY()),D20+ROW()/1000,"") | M20: =IF(OR(M$2="",$D20=""),"",IF(IF(ISNUMBER($F20),AND(M$2>=$F20,M$2<=IF(ISNUMBER($G20),$G20,$F20+$E20-$D20)),FALSE()),2,IF(AND(M$2>=$D20,M$2<=$E20),1,""))) | N20: =IF(OR(N$2="",$D20=""),"",IF(IF(ISNUMBER($F20),AND(N$2>=$F20,N$2<=IF(ISNUMBER($G20),$G20,$F20+$E20-$D20)),FALSE()),2,IF(AND(N$2>=$D20,N$2<=$E20),1,""))) | O20: =IF(OR(O$2="",$D20=""),"",IF(IF(ISNUMBER($F20),AND(O$2>=$F20,O$2<=IF(ISNUMBER($G20),$G20,$F20+$E20-$D20)),FALSE()),2,IF(AND(O$2>=$D20,O$2<=$E20),1,""))) | P20: =IF(OR(P$2="",$D20=""),"",IF(IF(ISNUMBER($F20),AND(P$2>=$F20,P$2<=IF(ISNUMBER($G20),$G20,$F20+$E20-$D20)),FALSE()),2,IF(AND(P$2>=$D20,P$2<=$E20),1,""))) | Q20: =IF(OR(Q$2="",$D20=""),"",IF(IF(ISNUMBER($F20),AND(Q$2>=$F20,Q$2<=IF(ISNUMBER($G20),$G20,$F20+$E20-$D20)),FALSE()),2,IF(AND(Q$2>=$D20,Q$2<=$E20),1,""))) | R20: =IF(OR(R$2="",$D20=""),"",IF(IF(ISNUMBER($F20),AND(R$2>=$F20,R$2<=IF(ISNUMBER($G20),$G20,$F20+$E20-$D20)),FALSE()),2,IF(AND(R$2>=$D20,R$2<=$E20),1,""))) | S20: =IF(OR(S$2="",$D20=""),"",IF(IF(ISNUMBER($F20),AND(S$2>=$F20,S$2<=IF(ISNUMBER($G20),$G20,$F20+$E20-$D20)),FALSE()),2,IF(AND(S$2>=$D20,S$2<=$E20),1,""))) | T20: =IF(OR(T$2="",$D20=""),"",IF(IF(ISNUMBER($F20),AND(T$2>=$F20,T$2<=IF(ISNUMBER($G20),$G20,$F20+$E20-$D20)),FALSE()),2,IF(AND(T$2>=$D20,T$2<=$E20),1,""))) | ... GE20: =IF(OR(GE$2="",$D20=""),"",IF(IF(ISNUMBER($F20),AND(GE$2>=$F20,GE$2<=IF(ISNUMBER($G20),$G20,$F20+$E20-$D20)),FALSE()),2,IF(AND(GE$2>=$D20,GE$2<=$E20),1,"")))
A21: 3F4D-5 | B21: ৩এফ৪ডি-5 | C21: 3F4D+MD | D21: =IF(Day_0="","",Day_0+cfg_6-cfg_8+cfg_13*4) -> 46121 | E21: =IF(Day_0="","",Day_0+cfg_6-cfg_8+cfg_13*5) -> 46128 | F21: =IF(_xlfn.MINIFS(2_Daily_input!$D$1:$FQ$1,2_Daily_input!$D$71:$FQ$71,"3F4D-5 start")+_xlfn.MINIFS(2_Daily_input!$D$1:$FQ$1,2_Daily_input!$D$72:$FQ$72,"3F4D-5 start")=0,"",IF(_xlfn.MINIFS(2_Daily_input!$D$1:$FQ$1,2_Daily_input!$D$71:$FQ$71,"3F4D-5 start")=0,_xlfn.MINIFS(2_Daily_input!$D$1:$FQ$1,2_Daily_input!$D$72:$FQ$72,"3F4D-5 start"),IF(_xlfn.MINIFS(2_Daily_input!$D$1:$FQ$1,2_Daily_input!$D$72:$FQ$72,"3F4D-5 start")=0,_xlfn.MINIFS(2_Daily_input!$D$1:$FQ$1,2_Daily_input!$D$71:$FQ$71,"3F4D-5 start"),MIN(_xlfn.MINIFS(2_Daily_input!$D$1:$FQ$1,2_Daily_input!$D$71:$FQ$71,"3F4D-5 start"),_xlfn.MINIFS(2_Daily_input!$D$1:$FQ$1,2_Daily_input!$D$72:$FQ$72,"3F4D-5 start"))))) -> 46122 | G21: ="" | H21: =IF(D21="","no plan",IF(F21<>"",IF(F21-D21>=2,"LATE","OK"),IF(TODAY()>D21+2,"OVERDUE","upcoming"))) -> OK | I21: =IF(AND(D21<>"",F21<>""),F21-D21,"") -> 1 | J21: =IF(F21<>"",F21,D21) -> 46122 | K21: =IF(G21<>"",G21,IF(AND(F21<>"",E21=D21),F21,E21)) -> 46128 | L21: =IF(AND(D21<>"",F21="",D21>=TODAY()),D21+ROW()/1000,"") | M21: =IF(OR(M$2="",$D21=""),"",IF(IF(ISNUMBER($F21),AND(M$2>=$F21,M$2<=IF(ISNUMBER($G21),$G21,$F21+$E21-$D21)),FALSE()),2,IF(AND(M$2>=$D21,M$2<=$E21),1,""))) | N21: =IF(OR(N$2="",$D21=""),"",IF(IF(ISNUMBER($F21),AND(N$2>=$F21,N$2<=IF(ISNUMBER($G21),$G21,$F21+$E21-$D21)),FALSE()),2,IF(AND(N$2>=$D21,N$2<=$E21),1,""))) | O21: =IF(OR(O$2="",$D21=""),"",IF(IF(ISNUMBER($F21),AND(O$2>=$F21,O$2<=IF(ISNUMBER($G21),$G21,$F21+$E21-$D21)),FALSE()),2,IF(AND(O$2>=$D21,O$2<=$E21),1,""))) | P21: =IF(OR(P$2="",$D21=""),"",IF(IF(ISNUMBER($F21),AND(P$2>=$F21,P$2<=IF(ISNUMBER($G21),$G21,$F21+$E21-$D21)),FALSE()),2,IF(AND(P$2>=$D21,P$2<=$E21),1,""))) | Q21: =IF(OR(Q$2="",$D21=""),"",IF(IF(ISNUMBER($F21),AND(Q$2>=$F21,Q$2<=IF(ISNUMBER($G21),$G21,$F21+$E21-$D21)),FALSE()),2,IF(AND(Q$2>=$D21,Q$2<=$E21),1,""))) | R21: =IF(OR(R$2="",$D21=""),"",IF(IF(ISNUMBER($F21),AND(R$2>=$F21,R$2<=IF(ISNUMBER($G21),$G21,$F21+$E21-$D21)),FALSE()),2,IF(AND(R$2>=$D21,R$2<=$E21),1,""))) | S21: =IF(OR(S$2="",$D21=""),"",IF(IF(ISNUMBER($F21),AND(S$2>=$F21,S$2<=IF(ISNUMBER($G21),$G21,$F21+$E21-$D21)),FALSE()),2,IF(AND(S$2>=$D21,S$2<=$E21),1,""))) | T21: =IF(OR(T$2="",$D21=""),"",IF(IF(ISNUMBER($F21),AND(T$2>=$F21,T$2<=IF(ISNUMBER($G21),$G21,$F21+$E21-$D21)),FALSE()),2,IF(AND(T$2>=$D21,T$2<=$E21),1,""))) | ... GE21: =IF(OR(GE$2="",$D21=""),"",IF(IF(ISNUMBER($F21),AND(GE$2>=$F21,GE$2<=IF(ISNUMBER($G21),$G21,$F21+$E21-$D21)),FALSE()),2,IF(AND(GE$2>=$D21,GE$2<=$E21),1,"")))
A22: 3F4D-6 | B22: ৩এফ৪ডি-6 | C22: 3F4D+MD | D22: =IF(Day_0="","",Day_0+cfg_6-cfg_8+cfg_13*5) -> 46128 | E22: =IF(Day_0="","",Day_0+cfg_6-cfg_8+cfg_13*6) -> 46135 | F22: =IF(_xlfn.MINIFS(2_Daily_input!$D$1:$FQ$1,2_Daily_input!$D$71:$FQ$71,"3F4D-6 start")+_xlfn.MINIFS(2_Daily_input!$D$1:$FQ$1,2_Daily_input!$D$72:$FQ$72,"3F4D-6 start")=0,"",IF(_xlfn.MINIFS(2_Daily_input!$D$1:$FQ$1,2_Daily_input!$D$71:$FQ$71,"3F4D-6 start")=0,_xlfn.MINIFS(2_Daily_input!$D$1:$FQ$1,2_Daily_input!$D$72:$FQ$72,"3F4D-6 start"),IF(_xlfn.MINIFS(2_Daily_input!$D$1:$FQ$1,2_Daily_input!$D$72:$FQ$72,"3F4D-6 start")=0,_xlfn.MINIFS(2_Daily_input!$D$1:$FQ$1,2_Daily_input!$D$71:$FQ$71,"3F4D-6 start"),MIN(_xlfn.MINIFS(2_Daily_input!$D$1:$FQ$1,2_Daily_input!$D$71:$FQ$71,"3F4D-6 start"),_xlfn.MINIFS(2_Daily_input!$D$1:$FQ$1,2_Daily_input!$D$72:$FQ$72,"3F4D-6 start"))))) -> 46129 | G22: ="" | H22: =IF(D22="","no plan",IF(F22<>"",IF(F22-D22>=2,"LATE","OK"),IF(TODAY()>D22+2,"OVERDUE","upcoming"))) -> OK | I22: =IF(AND(D22<>"",F22<>""),F22-D22,"") -> 1 | J22: =IF(F22<>"",F22,D22) -> 46129 | K22: =IF(G22<>"",G22,IF(AND(F22<>"",E22=D22),F22,E22)) -> 46135 | L22: =IF(AND(D22<>"",F22="",D22>=TODAY()),D22+ROW()/1000,"") | M22: =IF(OR(M$2="",$D22=""),"",IF(IF(ISNUMBER($F22),AND(M$2>=$F22,M$2<=IF(ISNUMBER($G22),$G22,$F22+$E22-$D22)),FALSE()),2,IF(AND(M$2>=$D22,M$2<=$E22),1,""))) | N22: =IF(OR(N$2="",$D22=""),"",IF(IF(ISNUMBER($F22),AND(N$2>=$F22,N$2<=IF(ISNUMBER($G22),$G22,$F22+$E22-$D22)),FALSE()),2,IF(AND(N$2>=$D22,N$2<=$E22),1,""))) | O22: =IF(OR(O$2="",$D22=""),"",IF(IF(ISNUMBER($F22),AND(O$2>=$F22,O$2<=IF(ISNUMBER($G22),$G22,$F22+$E22-$D22)),FALSE()),2,IF(AND(O$2>=$D22,O$2<=$E22),1,""))) | P22: =IF(OR(P$2="",$D22=""),"",IF(IF(ISNUMBER($F22),AND(P$2>=$F22,P$2<=IF(ISNUMBER($G22),$G22,$F22+$E22-$D22)),FALSE()),2,IF(AND(P$2>=$D22,P$2<=$E22),1,""))) | Q22: =IF(OR(Q$2="",$D22=""),"",IF(IF(ISNUMBER($F22),AND(Q$2>=$F22,Q$2<=IF(ISNUMBER($G22),$G22,$F22+$E22-$D22)),FALSE()),2,IF(AND(Q$2>=$D22,Q$2<=$E22),1,""))) | R22: =IF(OR(R$2="",$D22=""),"",IF(IF(ISNUMBER($F22),AND(R$2>=$F22,R$2<=IF(ISNUMBER($G22),$G22,$F22+$E22-$D22)),FALSE()),2,IF(AND(R$2>=$D22,R$2<=$E22),1,""))) | S22: =IF(OR(S$2="",$D22=""),"",IF(IF(ISNUMBER($F22),AND(S$2>=$F22,S$2<=IF(ISNUMBER($G22),$G22,$F22+$E22-$D22)),FALSE()),2,IF(AND(S$2>=$D22,S$2<=$E22),1,""))) | T22: =IF(OR(T$2="",$D22=""),"",IF(IF(ISNUMBER($F22),AND(T$2>=$F22,T$2<=IF(ISNUMBER($G22),$G22,$F22+$E22-$D22)),FALSE()),2,IF(AND(T$2>=$D22,T$2<=$E22),1,""))) | ... GE22: =IF(OR(GE$2="",$D22=""),"",IF(IF(ISNUMBER($F22),AND(GE$2>=$F22,GE$2<=IF(ISNUMBER($G22),$G22,$F22+$E22-$D22)),FALSE()),2,IF(AND(GE$2>=$D22,GE$2<=$E22),1,"")))
A23: 3F4D end | B23: ৩এফ৪ডি শেষ | C23: 3F4D+MD | D23: =IF(Day_0="","",Day_0+cfg_6-cfg_8+cfg_13*6) -> 46135 | E23: =IF(D23="","",D23) -> 46135 | F23: =IF(_xlfn.MINIFS(2_Daily_input!$D$1:$FQ$1,2_Daily_input!$D$71:$FQ$71,"3F4D end")+_xlfn.MINIFS(2_Daily_input!$D$1:$FQ$1,2_Daily_input!$D$72:$FQ$72,"3F4D end")=0,"",IF(_xlfn.MINIFS(2_Daily_input!$D$1:$FQ$1,2_Daily_input!$D$71:$FQ$71,"3F4D end")=0,_xlfn.MINIFS(2_Daily_input!$D$1:$FQ$1,2_Daily_input!$D$72:$FQ$72,"3F4D end"),IF(_xlfn.MINIFS(2_Daily_input!$D$1:$FQ$1,2_Daily_input!$D$72:$FQ$72,"3F4D end")=0,_xlfn.MINIFS(2_Daily_input!$D$1:$FQ$1,2_Daily_input!$D$71:$FQ$71,"3F4D end"),MIN(_xlfn.MINIFS(2_Daily_input!$D$1:$FQ$1,2_Daily_input!$D$71:$FQ$71,"3F4D end"),_xlfn.MINIFS(2_Daily_input!$D$1:$FQ$1,2_Daily_input!$D$72:$FQ$72,"3F4D end"))))) -> 46136 | G23: ="" | H23: =IF(D23="","no plan",IF(F23<>"",IF(F23-D23>=2,"LATE","OK"),IF(TODAY()>D23+2,"OVERDUE","upcoming"))) -> OK | I23: =IF(AND(D23<>"",F23<>""),F23-D23,"") -> 1 | J23: =IF(F23<>"",F23,D23) -> 46136 | K23: =IF(G23<>"",G23,IF(AND(F23<>"",E23=D23),F23,E23)) -> 46136 | L23: =IF(AND(D23<>"",F23="",D23>=TODAY()),D23+ROW()/1000,"") | M23: =IF(OR(M$2="",$D23=""),"",IF(IF(ISNUMBER($F23),AND(M$2>=$F23,M$2<=IF(ISNUMBER($G23),$G23,$F23+$E23-$D23)),FALSE()),2,IF(AND(M$2>=$D23,M$2<=$E23),1,""))) | N23: =IF(OR(N$2="",$D23=""),"",IF(IF(ISNUMBER($F23),AND(N$2>=$F23,N$2<=IF(ISNUMBER($G23),$G23,$F23+$E23-$D23)),FALSE()),2,IF(AND(N$2>=$D23,N$2<=$E23),1,""))) | O23: =IF(OR(O$2="",$D23=""),"",IF(IF(ISNUMBER($F23),AND(O$2>=$F23,O$2<=IF(ISNUMBER($G23),$G23,$F23+$E23-$D23)),FALSE()),2,IF(AND(O$2>=$D23,O$2<=$E23),1,""))) | P23: =IF(OR(P$2="",$D23=""),"",IF(IF(ISNUMBER($F23),AND(P$2>=$F23,P$2<=IF(ISNUMBER($G23),$G23,$F23+$E23-$D23)),FALSE()),2,IF(AND(P$2>=$D23,P$2<=$E23),1,""))) | Q23: =IF(OR(Q$2="",$D23=""),"",IF(IF(ISNUMBER($F23),AND(Q$2>=$F23,Q$2<=IF(ISNUMBER($G23),$G23,$F23+$E23-$D23)),FALSE()),2,IF(AND(Q$2>=$D23,Q$2<=$E23),1,""))) | R23: =IF(OR(R$2="",$D23=""),"",IF(IF(ISNUMBER($F23),AND(R$2>=$F23,R$2<=IF(ISNUMBER($G23),$G23,$F23+$E23-$D23)),FALSE()),2,IF(AND(R$2>=$D23,R$2<=$E23),1,""))) | S23: =IF(OR(S$2="",$D23=""),"",IF(IF(ISNUMBER($F23),AND(S$2>=$F23,S$2<=IF(ISNUMBER($G23),$G23,$F23+$E23-$D23)),FALSE()),2,IF(AND(S$2>=$D23,S$2<=$E23),1,""))) | T23: =IF(OR(T$2="",$D23=""),"",IF(IF(ISNUMBER($F23),AND(T$2>=$F23,T$2<=IF(ISNUMBER($G23),$G23,$F23+$E23-$D23)),FALSE()),2,IF(AND(T$2>=$D23,T$2<=$E23),1,""))) | ... GE23: =IF(OR(GE$2="",$D23=""),"",IF(IF(ISNUMBER($F23),AND(GE$2>=$F23,GE$2<=IF(ISNUMBER($G23),$G23,$F23+$E23-$D23)),FALSE()),2,IF(AND(GE$2>=$D23,GE$2<=$E23),1,"")))
A24: Last irrigation | B24: শেষ সেচ | C24: 3F4D+MD | D24: =IF(Day_0="","",Day_0+cfg_6-cfg_8+cfg_13*6+1) -> 46136 | E24: =IF(D24="","",D24) -> 46136 | F24: =IF(_xlfn.MINIFS(2_Daily_input!$D$1:$FQ$1,2_Daily_input!$D$71:$FQ$71,"Last irrigation")+_xlfn.MINIFS(2_Daily_input!$D$1:$FQ$1,2_Daily_input!$D$72:$FQ$72,"Last irrigation")=0,"",IF(_xlfn.MINIFS(2_Daily_input!$D$1:$FQ$1,2_Daily_input!$D$71:$FQ$71,"Last irrigation")=0,_xlfn.MINIFS(2_Daily_input!$D$1:$FQ$1,2_Daily_input!$D$72:$FQ$72,"Last irrigation"),IF(_xlfn.MINIFS(2_Daily_input!$D$1:$FQ$1,2_Daily_input!$D$72:$FQ$72,"Last irrigation")=0,_xlfn.MINIFS(2_Daily_input!$D$1:$FQ$1,2_Daily_input!$D$71:$FQ$71,"Last irrigation"),MIN(_xlfn.MINIFS(2_Daily_input!$D$1:$FQ$1,2_Daily_input!$D$71:$FQ$71,"Last irrigation"),_xlfn.MINIFS(2_Daily_input!$D$1:$FQ$1,2_Daily_input!$D$72:$FQ$72,"Last irrigation"))))) | G24: ="" | H24: =IF(D24="","no plan",IF(F24<>"",IF(F24-D24>=2,"LATE","OK"),IF(TODAY()>D24+2,"OVERDUE","upcoming"))) -> OVERDUE | I24: =IF(AND(D24<>"",F24<>""),F24-D24,"") | J24: =IF(F24<>"",F24,D24) -> 46136 | K24: =IF(G24<>"",G24,IF(AND(F24<>"",E24=D24),F24,E24)) -> 46136 | L24: =IF(AND(D24<>"",F24="",D24>=TODAY()),D24+ROW()/1000,"") | M24: =IF(OR(M$2="",$D24=""),"",IF(IF(ISNUMBER($F24),AND(M$2>=$F24,M$2<=IF(ISNUMBER($G24),$G24,$F24+$E24-$D24)),FALSE()),2,IF(AND(M$2>=$D24,M$2<=$E24),1,""))) | N24: =IF(OR(N$2="",$D24=""),"",IF(IF(ISNUMBER($F24),AND(N$2>=$F24,N$2<=IF(ISNUMBER($G24),$G24,$F24+$E24-$D24)),FALSE()),2,IF(AND(N$2>=$D24,N$2<=$E24),1,""))) | O24: =IF(OR(O$2="",$D24=""),"",IF(IF(ISNUMBER($F24),AND(O$2>=$F24,O$2<=IF(ISNUMBER($G24),$G24,$F24+$E24-$D24)),FALSE()),2,IF(AND(O$2>=$D24,O$2<=$E24),1,""))) | P24: =IF(OR(P$2="",$D24=""),"",IF(IF(ISNUMBER($F24),AND(P$2>=$F24,P$2<=IF(ISNUMBER($G24),$G24,$F24+$E24-$D24)),FALSE()),2,IF(AND(P$2>=$D24,P$2<=$E24),1,""))) | Q24: =IF(OR(Q$2="",$D24=""),"",IF(IF(ISNUMBER($F24),AND(Q$2>=$F24,Q$2<=IF(ISNUMBER($G24),$G24,$F24+$E24-$D24)),FALSE()),2,IF(AND(Q$2>=$D24,Q$2<=$E24),1,""))) | R24: =IF(OR(R$2="",$D24=""),"",IF(IF(ISNUMBER($F24),AND(R$2>=$F24,R$2<=IF(ISNUMBER($G24),$G24,$F24+$E24-$D24)),FALSE()),2,IF(AND(R$2>=$D24,R$2<=$E24),1,""))) | S24: =IF(OR(S$2="",$D24=""),"",IF(IF(ISNUMBER($F24),AND(S$2>=$F24,S$2<=IF(ISNUMBER($G24),$G24,$F24+$E24-$D24)),FALSE()),2,IF(AND(S$2>=$D24,S$2<=$E24),1,""))) | T24: =IF(OR(T$2="",$D24=""),"",IF(IF(ISNUMBER($F24),AND(T$2>=$F24,T$2<=IF(ISNUMBER($G24),$G24,$F24+$E24-$D24)),FALSE()),2,IF(AND(T$2>=$D24,T$2<=$E24),1,""))) | ... GE24: =IF(OR(GE$2="",$D24=""),"",IF(IF(ISNUMBER($F24),AND(GE$2>=$F24,GE$2<=IF(ISNUMBER($G24),$G24,$F24+$E24-$D24)),FALSE()),2,IF(AND(GE$2>=$D24,GE$2<=$E24),1,"")))
A25: Harvest | B25: ধান কাটা | C25: 3F4D+MD | D25: =IF(Day_0="","",Day_0+cfg_6+cfg_9) -> 46142 | E25: =IF(D25="","",D25) -> 46142 | F25: =IF(_xlfn.MINIFS(2_Daily_input!$D$1:$FQ$1,2_Daily_input!$D$71:$FQ$71,"Harvest")+_xlfn.MINIFS(2_Daily_input!$D$1:$FQ$1,2_Daily_input!$D$72:$FQ$72,"Harvest")=0,"",IF(_xlfn.MINIFS(2_Daily_input!$D$1:$FQ$1,2_Daily_input!$D$71:$FQ$71,"Harvest")=0,_xlfn.MINIFS(2_Daily_input!$D$1:$FQ$1,2_Daily_input!$D$72:$FQ$72,"Harvest"),IF(_xlfn.MINIFS(2_Daily_input!$D$1:$FQ$1,2_Daily_input!$D$72:$FQ$72,"Harvest")=0,_xlfn.MINIFS(2_Daily_input!$D$1:$FQ$1,2_Daily_input!$D$71:$FQ$71,"Harvest"),MIN(_xlfn.MINIFS(2_Daily_input!$D$1:$FQ$1,2_Daily_input!$D$71:$FQ$71,"Harvest"),_xlfn.MINIFS(2_Daily_input!$D$1:$FQ$1,2_Daily_input!$D$72:$FQ$72,"Harvest"))))) | G25: ="" | H25: =IF(D25="","no plan",IF(F25<>"",IF(F25-D25>=2,"LATE","OK"),IF(TODAY()>D25+2,"OVERDUE","upcoming"))) -> OVERDUE | I25: =IF(AND(D25<>"",F25<>""),F25-D25,"") | J25: =IF(F25<>"",F25,D25) -> 46142 | K25: =IF(G25<>"",G25,IF(AND(F25<>"",E25=D25),F25,E25)) -> 46142 | L25: =IF(AND(D25<>"",F25="",D25>=TODAY()),D25+ROW()/1000,"") | M25: =IF(OR(M$2="",$D25=""),"",IF(IF(ISNUMBER($F25),AND(M$2>=$F25,M$2<=IF(ISNUMBER($G25),$G25,$F25+$E25-$D25)),FALSE()),2,IF(AND(M$2>=$D25,M$2<=$E25),1,""))) | N25: =IF(OR(N$2="",$D25=""),"",IF(IF(ISNUMBER($F25),AND(N$2>=$F25,N$2<=IF(ISNUMBER($G25),$G25,$F25+$E25-$D25)),FALSE()),2,IF(AND(N$2>=$D25,N$2<=$E25),1,""))) | O25: =IF(OR(O$2="",$D25=""),"",IF(IF(ISNUMBER($F25),AND(O$2>=$F25,O$2<=IF(ISNUMBER($G25),$G25,$F25+$E25-$D25)),FALSE()),2,IF(AND(O$2>=$D25,O$2<=$E25),1,""))) | P25: =IF(OR(P$2="",$D25=""),"",IF(IF(ISNUMBER($F25),AND(P$2>=$F25,P$2<=IF(ISNUMBER($G25),$G25,$F25+$E25-$D25)),FALSE()),2,IF(AND(P$2>=$D25,P$2<=$E25),1,""))) | Q25: =IF(OR(Q$2="",$D25=""),"",IF(IF(ISNUMBER($F25),AND(Q$2>=$F25,Q$2<=IF(ISNUMBER($G25),$G25,$F25+$E25-$D25)),FALSE()),2,IF(AND(Q$2>=$D25,Q$2<=$E25),1,""))) | R25: =IF(OR(R$2="",$D25=""),"",IF(IF(ISNUMBER($F25),AND(R$2>=$F25,R$2<=IF(ISNUMBER($G25),$G25,$F25+$E25-$D25)),FALSE()),2,IF(AND(R$2>=$D25,R$2<=$E25),1,""))) | S25: =IF(OR(S$2="",$D25=""),"",IF(IF(ISNUMBER($F25),AND(S$2>=$F25,S$2<=IF(ISNUMBER($G25),$G25,$F25+$E25-$D25)),FALSE()),2,IF(AND(S$2>=$D25,S$2<=$E25),1,""))) | T25: =IF(OR(T$2="",$D25=""),"",IF(IF(ISNUMBER($F25),AND(T$2>=$F25,T$2<=IF(ISNUMBER($G25),$G25,$F25+$E25-$D25)),FALSE()),2,IF(AND(T$2>=$D25,T$2<=$E25),1,""))) | ... GE25: =IF(OR(GE$2="",$D25=""),"",IF(IF(ISNUMBER($F25),AND(GE$2>=$F25,GE$2<=IF(ISNUMBER($G25),$G25,$F25+$E25-$D25)),FALSE()),2,IF(AND(GE$2>=$D25,GE$2<=$E25),1,"")))
A27: FP plot (farmers practice)
A28: Seed wetting | B28: বীজ ভেজানো | C28: FP | D28: =IF(D5="","",D5) -> 45986 | E28: =IF(D28="","",D28) -> 45986 | F28: =IF(_xlfn.MINIFS(2_Daily_input!$D$1:$FQ$1,2_Daily_input!$D$73:$FQ$73,"Seed wetting")+_xlfn.MINIFS(2_Daily_input!$D$1:$FQ$1,2_Daily_input!$D$74:$FQ$74,"Seed wetting")=0,"",IF(_xlfn.MINIFS(2_Daily_input!$D$1:$FQ$1,2_Daily_input!$D$73:$FQ$73,"Seed wetting")=0,_xlfn.MINIFS(2_Daily_input!$D$1:$FQ$1,2_Daily_input!$D$74:$FQ$74,"Seed wetting"),IF(_xlfn.MINIFS(2_Daily_input!$D$1:$FQ$1,2_Daily_input!$D$74:$FQ$74,"Seed wetting")=0,_xlfn.MINIFS(2_Daily_input!$D$1:$FQ$1,2_Daily_input!$D$73:$FQ$73,"Seed wetting"),MIN(_xlfn.MINIFS(2_Daily_input!$D$1:$FQ$1,2_Daily_input!$D$73:$FQ$73,"Seed wetting"),_xlfn.MINIFS(2_Daily_input!$D$1:$FQ$1,2_Daily_input!$D$74:$FQ$74,"Seed wetting"))))) -> 45986 | G28: ="" | H28: =IF(D28="","no plan",IF(F28<>"",IF(F28-D28>=2,"LATE","OK"),IF(TODAY()>D28+2,"OVERDUE","upcoming"))) -> OK | I28: =IF(AND(D28<>"",F28<>""),F28-D28,"") -> 0 | J28: =IF(F28<>"",F28,D28) -> 45986 | K28: =IF(G28<>"",G28,IF(AND(F28<>"",E28=D28),F28,E28)) -> 45986 | L28: =IF(AND(D28<>"",F28="",D28>=TODAY()),D28+ROW()/1000,"") | M28: =IF(OR(M$2="",$D28=""),"",IF(IF(ISNUMBER($F28),AND(M$2>=$F28,M$2<=IF(ISNUMBER($G28),$G28,$F28+$E28-$D28)),FALSE()),2,IF(AND(M$2>=$D28,M$2<=$E28),1,""))) -> 2 | N28: =IF(OR(N$2="",$D28=""),"",IF(IF(ISNUMBER($F28),AND(N$2>=$F28,N$2<=IF(ISNUMBER($G28),$G28,$F28+$E28-$D28)),FALSE()),2,IF(AND(N$2>=$D28,N$2<=$E28),1,""))) | O28: =IF(OR(O$2="",$D28=""),"",IF(IF(ISNUMBER($F28),AND(O$2>=$F28,O$2<=IF(ISNUMBER($G28),$G28,$F28+$E28-$D28)),FALSE()),2,IF(AND(O$2>=$D28,O$2<=$E28),1,""))) | P28: =IF(OR(P$2="",$D28=""),"",IF(IF(ISNUMBER($F28),AND(P$2>=$F28,P$2<=IF(ISNUMBER($G28),$G28,$F28+$E28-$D28)),FALSE()),2,IF(AND(P$2>=$D28,P$2<=$E28),1,""))) | Q28: =IF(OR(Q$2="",$D28=""),"",IF(IF(ISNUMBER($F28),AND(Q$2>=$F28,Q$2<=IF(ISNUMBER($G28),$G28,$F28+$E28-$D28)),FALSE()),2,IF(AND(Q$2>=$D28,Q$2<=$E28),1,""))) | R28: =IF(OR(R$2="",$D28=""),"",IF(IF(ISNUMBER($F28),AND(R$2>=$F28,R$2<=IF(ISNUMBER($G28),$G28,$F28+$E28-$D28)),FALSE()),2,IF(AND(R$2>=$D28,R$2<=$E28),1,""))) | S28: =IF(OR(S$2="",$D28=""),"",IF(IF(ISNUMBER($F28),AND(S$2>=$F28,S$2<=IF(ISNUMBER($G28),$G28,$F28+$E28-$D28)),FALSE()),2,IF(AND(S$2>=$D28,S$2<=$E28),1,""))) | T28: =IF(OR(T$2="",$D28=""),"",IF(IF(ISNUMBER($F28),AND(T$2>=$F28,T$2<=IF(ISNUMBER($G28),$G28,$F28+$E28-$D28)),FALSE()),2,IF(AND(T$2>=$D28,T$2<=$E28),1,""))) | ... GE28: =IF(OR(GE$2="",$D28=""),"",IF(IF(ISNUMBER($F28),AND(GE$2>=$F28,GE$2<=IF(ISNUMBER($G28),$G28,$F28+$E28-$D28)),FALSE()),2,IF(AND(GE$2>=$D28,GE$2<=$E28),1,"")))
A29: Sowing | B29: বপন | C29: FP | D29: =IF(D6="","",D6) -> 45989 | E29: =IF(D29="","",D29) -> 45989 | F29: =IF(_xlfn.MINIFS(2_Daily_input!$D$1:$FQ$1,2_Daily_input!$D$73:$FQ$73,"Sowing")+_xlfn.MINIFS(2_Daily_input!$D$1:$FQ$1,2_Daily_input!$D$74:$FQ$74,"Sowing")=0,"",IF(_xlfn.MINIFS(2_Daily_input!$D$1:$FQ$1,2_Daily_input!$D$73:$FQ$73,"Sowing")=0,_xlfn.MINIFS(2_Daily_input!$D$1:$FQ$1,2_Daily_input!$D$74:$FQ$74,"Sowing"),IF(_xlfn.MINIFS(2_Daily_input!$D$1:$FQ$1,2_Daily_input!$D$74:$FQ$74,"Sowing")=0,_xlfn.MINIFS(2_Daily_input!$D$1:$FQ$1,2_Daily_input!$D$73:$FQ$73,"Sowing"),MIN(_xlfn.MINIFS(2_Daily_input!$D$1:$FQ$1,2_Daily_input!$D$73:$FQ$73,"Sowing"),_xlfn.MINIFS(2_Daily_input!$D$1:$FQ$1,2_Daily_input!$D$74:$FQ$74,"Sowing"))))) -> 45989 | G29: ="" | H29: =IF(D29="","no plan",IF(F29<>"",IF(F29-D29>=2,"LATE","OK"),IF(TODAY()>D29+2,"OVERDUE","upcoming"))) -> OK | I29: =IF(AND(D29<>"",F29<>""),F29-D29,"") -> 0 | J29: =IF(F29<>"",F29,D29) -> 45989 | K29: =IF(G29<>"",G29,IF(AND(F29<>"",E29=D29),F29,E29)) -> 45989 | L29: =IF(AND(D29<>"",F29="",D29>=TODAY()),D29+ROW()/1000,"") | M29: =IF(OR(M$2="",$D29=""),"",IF(IF(ISNUMBER($F29),AND(M$2>=$F29,M$2<=IF(ISNUMBER($G29),$G29,$F29+$E29-$D29)),FALSE()),2,IF(AND(M$2>=$D29,M$2<=$E29),1,""))) | N29: =IF(OR(N$2="",$D29=""),"",IF(IF(ISNUMBER($F29),AND(N$2>=$F29,N$2<=IF(ISNUMBER($G29),$G29,$F29+$E29-$D29)),FALSE()),2,IF(AND(N$2>=$D29,N$2<=$E29),1,""))) | O29: =IF(OR(O$2="",$D29=""),"",IF(IF(ISNUMBER($F29),AND(O$2>=$F29,O$2<=IF(ISNUMBER($G29),$G29,$F29+$E29-$D29)),FALSE()),2,IF(AND(O$2>=$D29,O$2<=$E29),1,""))) | P29: =IF(OR(P$2="",$D29=""),"",IF(IF(ISNUMBER($F29),AND(P$2>=$F29,P$2<=IF(ISNUMBER($G29),$G29,$F29+$E29-$D29)),FALSE()),2,IF(AND(P$2>=$D29,P$2<=$E29),1,""))) -> 2 | Q29: =IF(OR(Q$2="",$D29=""),"",IF(IF(ISNUMBER($F29),AND(Q$2>=$F29,Q$2<=IF(ISNUMBER($G29),$G29,$F29+$E29-$D29)),FALSE()),2,IF(AND(Q$2>=$D29,Q$2<=$E29),1,""))) | R29: =IF(OR(R$2="",$D29=""),"",IF(IF(ISNUMBER($F29),AND(R$2>=$F29,R$2<=IF(ISNUMBER($G29),$G29,$F29+$E29-$D29)),FALSE()),2,IF(AND(R$2>=$D29,R$2<=$E29),1,""))) | S29: =IF(OR(S$2="",$D29=""),"",IF(IF(ISNUMBER($F29),AND(S$2>=$F29,S$2<=IF(ISNUMBER($G29),$G29,$F29+$E29-$D29)),FALSE()),2,IF(AND(S$2>=$D29,S$2<=$E29),1,""))) | T29: =IF(OR(T$2="",$D29=""),"",IF(IF(ISNUMBER($F29),AND(T$2>=$F29,T$2<=IF(ISNUMBER($G29),$G29,$F29+$E29-$D29)),FALSE()),2,IF(AND(T$2>=$D29,T$2<=$E29),1,""))) | ... GE29: =IF(OR(GE$2="",$D29=""),"",IF(IF(ISNUMBER($F29),AND(GE$2>=$F29,GE$2<=IF(ISNUMBER($G29),$G29,$F29+$E29-$D29)),FALSE()),2,IF(AND(GE$2>=$D29,GE$2<=$E29),1,"")))
A30: Plowing | B30: চাষ | C30: FP | D30: =IF(D7="","",D7) -> 45995 | E30: =IF(D30="","",D30) -> 45995 | F30: =IF(_xlfn.MINIFS(2_Daily_input!$D$1:$FQ$1,2_Daily_input!$D$73:$FQ$73,"Plowing")+_xlfn.MINIFS(2_Daily_input!$D$1:$FQ$1,2_Daily_input!$D$74:$FQ$74,"Plowing")=0,"",IF(_xlfn.MINIFS(2_Daily_input!$D$1:$FQ$1,2_Daily_input!$D$73:$FQ$73,"Plowing")=0,_xlfn.MINIFS(2_Daily_input!$D$1:$FQ$1,2_Daily_input!$D$74:$FQ$74,"Plowing"),IF(_xlfn.MINIFS(2_Daily_input!$D$1:$FQ$1,2_Daily_input!$D$74:$FQ$74,"Plowing")=0,_xlfn.MINIFS(2_Daily_input!$D$1:$FQ$1,2_Daily_input!$D$73:$FQ$73,"Plowing"),MIN(_xlfn.MINIFS(2_Daily_input!$D$1:$FQ$1,2_Daily_input!$D$73:$FQ$73,"Plowing"),_xlfn.MINIFS(2_Daily_input!$D$1:$FQ$1,2_Daily_input!$D$74:$FQ$74,"Plowing"))))) | G30: ="" | H30: =IF(D30="","no plan",IF(F30<>"",IF(F30-D30>=2,"LATE","OK"),IF(TODAY()>D30+2,"OVERDUE","upcoming"))) -> OVERDUE | I30: =IF(AND(D30<>"",F30<>""),F30-D30,"") | J30: =IF(F30<>"",F30,D30) -> 45995 | K30: =IF(G30<>"",G30,IF(AND(F30<>"",E30=D30),F30,E30)) -> 45995 | L30: =IF(AND(D30<>"",F30="",D30>=TODAY()),D30+ROW()/1000,"") | M30: =IF(OR(M$2="",$D30=""),"",IF(IF(ISNUMBER($F30),AND(M$2>=$F30,M$2<=IF(ISNUMBER($G30),$G30,$F30+$E30-$D30)),FALSE()),2,IF(AND(M$2>=$D30,M$2<=$E30),1,""))) | N30: =IF(OR(N$2="",$D30=""),"",IF(IF(ISNUMBER($F30),AND(N$2>=$F30,N$2<=IF(ISNUMBER($G30),$G30,$F30+$E30-$D30)),FALSE()),2,IF(AND(N$2>=$D30,N$2<=$E30),1,""))) | O30: =IF(OR(O$2="",$D30=""),"",IF(IF(ISNUMBER($F30),AND(O$2>=$F30,O$2<=IF(ISNUMBER($G30),$G30,$F30+$E30-$D30)),FALSE()),2,IF(AND(O$2>=$D30,O$2<=$E30),1,""))) | P30: =IF(OR(P$2="",$D30=""),"",IF(IF(ISNUMBER($F30),AND(P$2>=$F30,P$2<=IF(ISNUMBER($G30),$G30,$F30+$E30-$D30)),FALSE()),2,IF(AND(P$2>=$D30,P$2<=$E30),1,""))) | Q30: =IF(OR(Q$2="",$D30=""),"",IF(IF(ISNUMBER($F30),AND(Q$2>=$F30,Q$2<=IF(ISNUMBER($G30),$G30,$F30+$E30-$D30)),FALSE()),2,IF(AND(Q$2>=$D30,Q$2<=$E30),1,""))) | R30: =IF(OR(R$2="",$D30=""),"",IF(IF(ISNUMBER($F30),AND(R$2>=$F30,R$2<=IF(ISNUMBER($G30),$G30,$F30+$E30-$D30)),FALSE()),2,IF(AND(R$2>=$D30,R$2<=$E30),1,""))) | S30: =IF(OR(S$2="",$D30=""),"",IF(IF(ISNUMBER($F30),AND(S$2>=$F30,S$2<=IF(ISNUMBER($G30),$G30,$F30+$E30-$D30)),FALSE()),2,IF(AND(S$2>=$D30,S$2<=$E30),1,""))) | T30: =IF(OR(T$2="",$D30=""),"",IF(IF(ISNUMBER($F30),AND(T$2>=$F30,T$2<=IF(ISNUMBER($G30),$G30,$F30+$E30-$D30)),FALSE()),2,IF(AND(T$2>=$D30,T$2<=$E30),1,""))) | ... GE30: =IF(OR(GE$2="",$D30=""),"",IF(IF(ISNUMBER($F30),AND(GE$2>=$F30,GE$2<=IF(ISNUMBER($G30),$G30,$F30+$E30-$D30)),FALSE()),2,IF(AND(GE$2>=$D30,GE$2<=$E30),1,"")))
A31: Puddling | B31: কাদা করা | C31: FP | D31: =IF(D8="","",D8) -> 46025 | E31: =IF(D31="","",D31) -> 46025 | F31: =IF(_xlfn.MINIFS(2_Daily_input!$D$1:$FQ$1,2_Daily_input!$D$73:$FQ$73,"Puddling")+_xlfn.MINIFS(2_Daily_input!$D$1:$FQ$1,2_Daily_input!$D$74:$FQ$74,"Puddling")=0,"",IF(_xlfn.MINIFS(2_Daily_input!$D$1:$FQ$1,2_Daily_input!$D$73:$FQ$73,"Puddling")=0,_xlfn.MINIFS(2_Daily_input!$D$1:$FQ$1,2_Daily_input!$D$74:$FQ$74,"Puddling"),IF(_xlfn.MINIFS(2_Daily_input!$D$1:$FQ$1,2_Daily_input!$D$74:$FQ$74,"Puddling")=0,_xlfn.MINIFS(2_Daily_input!$D$1:$FQ$1,2_Daily_input!$D$73:$FQ$73,"Puddling"),MIN(_xlfn.MINIFS(2_Daily_input!$D$1:$FQ$1,2_Daily_input!$D$73:$FQ$73,"Puddling"),_xlfn.MINIFS(2_Daily_input!$D$1:$FQ$1,2_Daily_input!$D$74:$FQ$74,"Puddling"))))) | G31: ="" | H31: =IF(D31="","no plan",IF(F31<>"",IF(F31-D31>=2,"LATE","OK"),IF(TODAY()>D31+2,"OVERDUE","upcoming"))) -> OVERDUE | I31: =IF(AND(D31<>"",F31<>""),F31-D31,"") | J31: =IF(F31<>"",F31,D31) -> 46025 | K31: =IF(G31<>"",G31,IF(AND(F31<>"",E31=D31),F31,E31)) -> 46025 | L31: =IF(AND(D31<>"",F31="",D31>=TODAY()),D31+ROW()/1000,"") | M31: =IF(OR(M$2="",$D31=""),"",IF(IF(ISNUMBER($F31),AND(M$2>=$F31,M$2<=IF(ISNUMBER($G31),$G31,$F31+$E31-$D31)),FALSE()),2,IF(AND(M$2>=$D31,M$2<=$E31),1,""))) | N31: =IF(OR(N$2="",$D31=""),"",IF(IF(ISNUMBER($F31),AND(N$2>=$F31,N$2<=IF(ISNUMBER($G31),$G31,$F31+$E31-$D31)),FALSE()),2,IF(AND(N$2>=$D31,N$2<=$E31),1,""))) | O31: =IF(OR(O$2="",$D31=""),"",IF(IF(ISNUMBER($F31),AND(O$2>=$F31,O$2<=IF(ISNUMBER($G31),$G31,$F31+$E31-$D31)),FALSE()),2,IF(AND(O$2>=$D31,O$2<=$E31),1,""))) | P31: =IF(OR(P$2="",$D31=""),"",IF(IF(ISNUMBER($F31),AND(P$2>=$F31,P$2<=IF(ISNUMBER($G31),$G31,$F31+$E31-$D31)),FALSE()),2,IF(AND(P$2>=$D31,P$2<=$E31),1,""))) | Q31: =IF(OR(Q$2="",$D31=""),"",IF(IF(ISNUMBER($F31),AND(Q$2>=$F31,Q$2<=IF(ISNUMBER($G31),$G31,$F31+$E31-$D31)),FALSE()),2,IF(AND(Q$2>=$D31,Q$2<=$E31),1,""))) | R31: =IF(OR(R$2="",$D31=""),"",IF(IF(ISNUMBER($F31),AND(R$2>=$F31,R$2<=IF(ISNUMBER($G31),$G31,$F31+$E31-$D31)),FALSE()),2,IF(AND(R$2>=$D31,R$2<=$E31),1,""))) | S31: =IF(OR(S$2="",$D31=""),"",IF(IF(ISNUMBER($F31),AND(S$2>=$F31,S$2<=IF(ISNUMBER($G31),$G31,$F31+$E31-$D31)),FALSE()),2,IF(AND(S$2>=$D31,S$2<=$E31),1,""))) | T31: =IF(OR(T$2="",$D31=""),"",IF(IF(ISNUMBER($F31),AND(T$2>=$F31,T$2<=IF(ISNUMBER($G31),$G31,$F31+$E31-$D31)),FALSE()),2,IF(AND(T$2>=$D31,T$2<=$E31),1,""))) | ... GE31: =IF(OR(GE$2="",$D31=""),"",IF(IF(ISNUMBER($F31),AND(GE$2>=$F31,GE$2<=IF(ISNUMBER($G31),$G31,$F31+$E31-$D31)),FALSE()),2,IF(AND(GE$2>=$D31,GE$2<=$E31),1,"")))
A32: Transplanting | B32: রোপণ | C32: FP | D32: =IF(D9="","",D9) -> 46038 | E32: =IF(D32="","",D32) -> 46038 | F32: =IF(_xlfn.MINIFS(2_Daily_input!$D$1:$FQ$1,2_Daily_input!$D$73:$FQ$73,"Transplanting")+_xlfn.MINIFS(2_Daily_input!$D$1:$FQ$1,2_Daily_input!$D$74:$FQ$74,"Transplanting")=0,"",IF(_xlfn.MINIFS(2_Daily_input!$D$1:$FQ$1,2_Daily_input!$D$73:$FQ$73,"Transplanting")=0,_xlfn.MINIFS(2_Daily_input!$D$1:$FQ$1,2_Daily_input!$D$74:$FQ$74,"Transplanting"),IF(_xlfn.MINIFS(2_Daily_input!$D$1:$FQ$1,2_Daily_input!$D$74:$FQ$74,"Transplanting")=0,_xlfn.MINIFS(2_Daily_input!$D$1:$FQ$1,2_Daily_input!$D$73:$FQ$73,"Transplanting"),MIN(_xlfn.MINIFS(2_Daily_input!$D$1:$FQ$1,2_Daily_input!$D$73:$FQ$73,"Transplanting"),_xlfn.MINIFS(2_Daily_input!$D$1:$FQ$1,2_Daily_input!$D$74:$FQ$74,"Transplanting"))))) -> 46038 | G32: ="" | H32: =IF(D32="","no plan",IF(F32<>"",IF(F32-D32>=2,"LATE","OK"),IF(TODAY()>D32+2,"OVERDUE","upcoming"))) -> OK | I32: =IF(AND(D32<>"",F32<>""),F32-D32,"") -> 0 | J32: =IF(F32<>"",F32,D32) -> 46038 | K32: =IF(G32<>"",G32,IF(AND(F32<>"",E32=D32),F32,E32)) -> 46038 | L32: =IF(AND(D32<>"",F32="",D32>=TODAY()),D32+ROW()/1000,"") | M32: =IF(OR(M$2="",$D32=""),"",IF(IF(ISNUMBER($F32),AND(M$2>=$F32,M$2<=IF(ISNUMBER($G32),$G32,$F32+$E32-$D32)),FALSE()),2,IF(AND(M$2>=$D32,M$2<=$E32),1,""))) | N32: =IF(OR(N$2="",$D32=""),"",IF(IF(ISNUMBER($F32),AND(N$2>=$F32,N$2<=IF(ISNUMBER($G32),$G32,$F32+$E32-$D32)),FALSE()),2,IF(AND(N$2>=$D32,N$2<=$E32),1,""))) | O32: =IF(OR(O$2="",$D32=""),"",IF(IF(ISNUMBER($F32),AND(O$2>=$F32,O$2<=IF(ISNUMBER($G32),$G32,$F32+$E32-$D32)),FALSE()),2,IF(AND(O$2>=$D32,O$2<=$E32),1,""))) | P32: =IF(OR(P$2="",$D32=""),"",IF(IF(ISNUMBER($F32),AND(P$2>=$F32,P$2<=IF(ISNUMBER($G32),$G32,$F32+$E32-$D32)),FALSE()),2,IF(AND(P$2>=$D32,P$2<=$E32),1,""))) | Q32: =IF(OR(Q$2="",$D32=""),"",IF(IF(ISNUMBER($F32),AND(Q$2>=$F32,Q$2<=IF(ISNUMBER($G32),$G32,$F32+$E32-$D32)),FALSE()),2,IF(AND(Q$2>=$D32,Q$2<=$E32),1,""))) | R32: =IF(OR(R$2="",$D32=""),"",IF(IF(ISNUMBER($F32),AND(R$2>=$F32,R$2<=IF(ISNUMBER($G32),$G32,$F32+$E32-$D32)),FALSE()),2,IF(AND(R$2>=$D32,R$2<=$E32),1,""))) | S32: =IF(OR(S$2="",$D32=""),"",IF(IF(ISNUMBER($F32),AND(S$2>=$F32,S$2<=IF(ISNUMBER($G32),$G32,$F32+$E32-$D32)),FALSE()),2,IF(AND(S$2>=$D32,S$2<=$E32),1,""))) | T32: =IF(OR(T$2="",$D32=""),"",IF(IF(ISNUMBER($F32),AND(T$2>=$F32,T$2<=IF(ISNUMBER($G32),$G32,$F32+$E32-$D32)),FALSE()),2,IF(AND(T$2>=$D32,T$2<=$E32),1,""))) | ... GE32: =IF(OR(GE$2="",$D32=""),"",IF(IF(ISNUMBER($F32),AND(GE$2>=$F32,GE$2<=IF(ISNUMBER($G32),$G32,$F32+$E32-$D32)),FALSE()),2,IF(AND(GE$2>=$D32,GE$2<=$E32),1,"")))
A33: Last irrigation for Pitan | B33: পিটানের আগে শেষ সেচ | C33: FP | D33: =IF(D10="","",D10) -> 46064 | E33: =IF(D33="","",D33) -> 46064 | F33: =IF(_xlfn.MINIFS(2_Daily_input!$D$1:$FQ$1,2_Daily_input!$D$73:$FQ$73,"Last irrigation for Pitan")+_xlfn.MINIFS(2_Daily_input!$D$1:$FQ$1,2_Daily_input!$D$74:$FQ$74,"Last irrigation for Pitan")=0,"",IF(_xlfn.MINIFS(2_Daily_input!$D$1:$FQ$1,2_Daily_input!$D$73:$FQ$73,"Last irrigation for Pitan")=0,_xlfn.MINIFS(2_Daily_input!$D$1:$FQ$1,2_Daily_input!$D$74:$FQ$74,"Last irrigation for Pitan"),IF(_xlfn.MINIFS(2_Daily_input!$D$1:$FQ$1,2_Daily_input!$D$74:$FQ$74,"Last irrigation for Pitan")=0,_xlfn.MINIFS(2_Daily_input!$D$1:$FQ$1,2_Daily_input!$D$73:$FQ$73,"Last irrigation for Pitan"),MIN(_xlfn.MINIFS(2_Daily_input!$D$1:$FQ$1,2_Daily_input!$D$73:$FQ$73,"Last irrigation for Pitan"),_xlfn.MINIFS(2_Daily_input!$D$1:$FQ$1,2_Daily_input!$D$74:$FQ$74,"Last irrigation for Pitan"))))) | G33: ="" | H33: =IF(D33="","no plan",IF(F33<>"",IF(F33-D33>=2,"LATE","OK"),IF(TODAY()>D33+2,"OVERDUE","upcoming"))) -> OVERDUE | I33: =IF(AND(D33<>"",F33<>""),F33-D33,"") | J33: =IF(F33<>"",F33,D33) -> 46064 | K33: =IF(G33<>"",G33,IF(AND(F33<>"",E33=D33),F33,E33)) -> 46064 | L33: =IF(AND(D33<>"",F33="",D33>=TODAY()),D33+ROW()/1000,"") | M33: =IF(OR(M$2="",$D33=""),"",IF(IF(ISNUMBER($F33),AND(M$2>=$F33,M$2<=IF(ISNUMBER($G33),$G33,$F33+$E33-$D33)),FALSE()),2,IF(AND(M$2>=$D33,M$2<=$E33),1,""))) | N33: =IF(OR(N$2="",$D33=""),"",IF(IF(ISNUMBER($F33),AND(N$2>=$F33,N$2<=IF(ISNUMBER($G33),$G33,$F33+$E33-$D33)),FALSE()),2,IF(AND(N$2>=$D33,N$2<=$E33),1,""))) | O33: =IF(OR(O$2="",$D33=""),"",IF(IF(ISNUMBER($F33),AND(O$2>=$F33,O$2<=IF(ISNUMBER($G33),$G33,$F33+$E33-$D33)),FALSE()),2,IF(AND(O$2>=$D33,O$2<=$E33),1,""))) | P33: =IF(OR(P$2="",$D33=""),"",IF(IF(ISNUMBER($F33),AND(P$2>=$F33,P$2<=IF(ISNUMBER($G33),$G33,$F33+$E33-$D33)),FALSE()),2,IF(AND(P$2>=$D33,P$2<=$E33),1,""))) | Q33: =IF(OR(Q$2="",$D33=""),"",IF(IF(ISNUMBER($F33),AND(Q$2>=$F33,Q$2<=IF(ISNUMBER($G33),$G33,$F33+$E33-$D33)),FALSE()),2,IF(AND(Q$2>=$D33,Q$2<=$E33),1,""))) | R33: =IF(OR(R$2="",$D33=""),"",IF(IF(ISNUMBER($F33),AND(R$2>=$F33,R$2<=IF(ISNUMBER($G33),$G33,$F33+$E33-$D33)),FALSE()),2,IF(AND(R$2>=$D33,R$2<=$E33),1,""))) | S33: =IF(OR(S$2="",$D33=""),"",IF(IF(ISNUMBER($F33),AND(S$2>=$F33,S$2<=IF(ISNUMBER($G33),$G33,$F33+$E33-$D33)),FALSE()),2,IF(AND(S$2>=$D33,S$2<=$E33),1,""))) | T33: =IF(OR(T$2="",$D33=""),"",IF(IF(ISNUMBER($F33),AND(T$2>=$F33,T$2<=IF(ISNUMBER($G33),$G33,$F33+$E33-$D33)),FALSE()),2,IF(AND(T$2>=$D33,T$2<=$E33),1,""))) | ... GE33: =IF(OR(GE$2="",$D33=""),"",IF(IF(ISNUMBER($F33),AND(GE$2>=$F33,GE$2<=IF(ISNUMBER($G33),$G33,$F33+$E33-$D33)),FALSE()),2,IF(AND(GE$2>=$D33,GE$2<=$E33),1,"")))
A34: Pitan (FP) | B34: পিটান | C34: FP | D34: =IF(D11="","",D11) -> 46068 | E34: =IF(D11="","",D11+cfg_10) -> 46076 | F34: =IF(_xlfn.MINIFS(2_Daily_input!$D$1:$FQ$1,2_Daily_input!$D$73:$FQ$73,"Pitan start")+_xlfn.MINIFS(2_Daily_input!$D$1:$FQ$1,2_Daily_input!$D$74:$FQ$74,"Pitan start")=0,"",IF(_xlfn.MINIFS(2_Daily_input!$D$1:$FQ$1,2_Daily_input!$D$73:$FQ$73,"Pitan start")=0,_xlfn.MINIFS(2_Daily_input!$D$1:$FQ$1,2_Daily_input!$D$74:$FQ$74,"Pitan start"),IF(_xlfn.MINIFS(2_Daily_input!$D$1:$FQ$1,2_Daily_input!$D$74:$FQ$74,"Pitan start")=0,_xlfn.MINIFS(2_Daily_input!$D$1:$FQ$1,2_Daily_input!$D$73:$FQ$73,"Pitan start"),MIN(_xlfn.MINIFS(2_Daily_input!$D$1:$FQ$1,2_Daily_input!$D$73:$FQ$73,"Pitan start"),_xlfn.MINIFS(2_Daily_input!$D$1:$FQ$1,2_Daily_input!$D$74:$FQ$74,"Pitan start"))))) | G34: =IF(_xlfn.MINIFS(2_Daily_input!$D$1:$FQ$1,2_Daily_input!$D$73:$FQ$73,"Pitan end")+_xlfn.MINIFS(2_Daily_input!$D$1:$FQ$1,2_Daily_input!$D$74:$FQ$74,"Pitan end")=0,"",IF(_xlfn.MINIFS(2_Daily_input!$D$1:$FQ$1,2_Daily_input!$D$73:$FQ$73,"Pitan end")=0,_xlfn.MINIFS(2_Daily_input!$D$1:$FQ$1,2_Daily_input!$D$74:$FQ$74,"Pitan end"),IF(_xlfn.MINIFS(2_Daily_input!$D$1:$FQ$1,2_Daily_input!$D$74:$FQ$74,"Pitan end")=0,_xlfn.MINIFS(2_Daily_input!$D$1:$FQ$1,2_Daily_input!$D$73:$FQ$73,"Pitan end"),MIN(_xlfn.MINIFS(2_Daily_input!$D$1:$FQ$1,2_Daily_input!$D$73:$FQ$73,"Pitan end"),_xlfn.MINIFS(2_Daily_input!$D$1:$FQ$1,2_Daily_input!$D$74:$FQ$74,"Pitan end"))))) | H34: =IF(D34="","no plan",IF(F34<>"",IF(F34-D34>=2,"LATE","OK"),IF(TODAY()>D34+2,"OVERDUE","upcoming"))) -> OVERDUE | I34: =IF(AND(D34<>"",F34<>""),F34-D34,"") | J34: =IF(F34<>"",F34,D34) -> 46068 | K34: =IF(G34<>"",G34,IF(AND(F34<>"",E34=D34),F34,E34)) -> 46076 | L34: =IF(AND(D34<>"",F34="",D34>=TODAY()),D34+ROW()/1000,"") | M34: =IF(OR(M$2="",$D34=""),"",IF(IF(ISNUMBER($F34),AND(M$2>=$F34,M$2<=IF(ISNUMBER($G34),$G34,$F34+$E34-$D34)),FALSE()),2,IF(AND(M$2>=$D34,M$2<=$E34),1,""))) | N34: =IF(OR(N$2="",$D34=""),"",IF(IF(ISNUMBER($F34),AND(N$2>=$F34,N$2<=IF(ISNUMBER($G34),$G34,$F34+$E34-$D34)),FALSE()),2,IF(AND(N$2>=$D34,N$2<=$E34),1,""))) | O34: =IF(OR(O$2="",$D34=""),"",IF(IF(ISNUMBER($F34),AND(O$2>=$F34,O$2<=IF(ISNUMBER($G34),$G34,$F34+$E34-$D34)),FALSE()),2,IF(AND(O$2>=$D34,O$2<=$E34),1,""))) | P34: =IF(OR(P$2="",$D34=""),"",IF(IF(ISNUMBER($F34),AND(P$2>=$F34,P$2<=IF(ISNUMBER($G34),$G34,$F34+$E34-$D34)),FALSE()),2,IF(AND(P$2>=$D34,P$2<=$E34),1,""))) | Q34: =IF(OR(Q$2="",$D34=""),"",IF(IF(ISNUMBER($F34),AND(Q$2>=$F34,Q$2<=IF(ISNUMBER($G34),$G34,$F34+$E34-$D34)),FALSE()),2,IF(AND(Q$2>=$D34,Q$2<=$E34),1,""))) | R34: =IF(OR(R$2="",$D34=""),"",IF(IF(ISNUMBER($F34),AND(R$2>=$F34,R$2<=IF(ISNUMBER($G34),$G34,$F34+$E34-$D34)),FALSE()),2,IF(AND(R$2>=$D34,R$2<=$E34),1,""))) | S34: =IF(OR(S$2="",$D34=""),"",IF(IF(ISNUMBER($F34),AND(S$2>=$F34,S$2<=IF(ISNUMBER($G34),$G34,$F34+$E34-$D34)),FALSE()),2,IF(AND(S$2>=$D34,S$2<=$E34),1,""))) | T34: =IF(OR(T$2="",$D34=""),"",IF(IF(ISNUMBER($F34),AND(T$2>=$F34,T$2<=IF(ISNUMBER($G34),$G34,$F34+$E34-$D34)),FALSE()),2,IF(AND(T$2>=$D34,T$2<=$E34),1,""))) | ... GE34: =IF(OR(GE$2="",$D34=""),"",IF(IF(ISNUMBER($F34),AND(GE$2>=$F34,GE$2<=IF(ISNUMBER($G34),$G34,$F34+$E34-$D34)),FALSE()),2,IF(AND(GE$2>=$D34,GE$2<=$E34),1,"")))
A35: Flooding after Pitan | B35: প্লাবন | C35: FP | D35: =IF(D11="","",D11+cfg_10) -> 46076 | E35: =IF(D35="","",D35) -> 46076 | F35: =IF(_xlfn.MINIFS(2_Daily_input!$D$1:$FQ$1,2_Daily_input!$D$73:$FQ$73,"Flooding after Pitan")+_xlfn.MINIFS(2_Daily_input!$D$1:$FQ$1,2_Daily_input!$D$74:$FQ$74,"Flooding after Pitan")=0,"",IF(_xlfn.MINIFS(2_Daily_input!$D$1:$FQ$1,2_Daily_input!$D$73:$FQ$73,"Flooding after Pitan")=0,_xlfn.MINIFS(2_Daily_input!$D$1:$FQ$1,2_Daily_input!$D$74:$FQ$74,"Flooding after Pitan"),IF(_xlfn.MINIFS(2_Daily_input!$D$1:$FQ$1,2_Daily_input!$D$74:$FQ$74,"Flooding after Pitan")=0,_xlfn.MINIFS(2_Daily_input!$D$1:$FQ$1,2_Daily_input!$D$73:$FQ$73,"Flooding after Pitan"),MIN(_xlfn.MINIFS(2_Daily_input!$D$1:$FQ$1,2_Daily_input!$D$73:$FQ$73,"Flooding after Pitan"),_xlfn.MINIFS(2_Daily_input!$D$1:$FQ$1,2_Daily_input!$D$74:$FQ$74,"Flooding after Pitan"))))) | G35: ="" | H35: =IF(D35="","no plan",IF(F35<>"",IF(F35-D35>=2,"LATE","OK"),IF(TODAY()>D35+2,"OVERDUE","upcoming"))) -> OVERDUE | I35: =IF(AND(D35<>"",F35<>""),F35-D35,"") | J35: =IF(F35<>"",F35,D35) -> 46076 | K35: =IF(G35<>"",G35,IF(AND(F35<>"",E35=D35),F35,E35)) -> 46076 | L35: =IF(AND(D35<>"",F35="",D35>=TODAY()),D35+ROW()/1000,"") | M35: =IF(OR(M$2="",$D35=""),"",IF(IF(ISNUMBER($F35),AND(M$2>=$F35,M$2<=IF(ISNUMBER($G35),$G35,$F35+$E35-$D35)),FALSE()),2,IF(AND(M$2>=$D35,M$2<=$E35),1,""))) | N35: =IF(OR(N$2="",$D35=""),"",IF(IF(ISNUMBER($F35),AND(N$2>=$F35,N$2<=IF(ISNUMBER($G35),$G35,$F35+$E35-$D35)),FALSE()),2,IF(AND(N$2>=$D35,N$2<=$E35),1,""))) | O35: =IF(OR(O$2="",$D35=""),"",IF(IF(ISNUMBER($F35),AND(O$2>=$F35,O$2<=IF(ISNUMBER($G35),$G35,$F35+$E35-$D35)),FALSE()),2,IF(AND(O$2>=$D35,O$2<=$E35),1,""))) | P35: =IF(OR(P$2="",$D35=""),"",IF(IF(ISNUMBER($F35),AND(P$2>=$F35,P$2<=IF(ISNUMBER($G35),$G35,$F35+$E35-$D35)),FALSE()),2,IF(AND(P$2>=$D35,P$2<=$E35),1,""))) | Q35: =IF(OR(Q$2="",$D35=""),"",IF(IF(ISNUMBER($F35),AND(Q$2>=$F35,Q$2<=IF(ISNUMBER($G35),$G35,$F35+$E35-$D35)),FALSE()),2,IF(AND(Q$2>=$D35,Q$2<=$E35),1,""))) | R35: =IF(OR(R$2="",$D35=""),"",IF(IF(ISNUMBER($F35),AND(R$2>=$F35,R$2<=IF(ISNUMBER($G35),$G35,$F35+$E35-$D35)),FALSE()),2,IF(AND(R$2>=$D35,R$2<=$E35),1,""))) | S35: =IF(OR(S$2="",$D35=""),"",IF(IF(ISNUMBER($F35),AND(S$2>=$F35,S$2<=IF(ISNUMBER($G35),$G35,$F35+$E35-$D35)),FALSE()),2,IF(AND(S$2>=$D35,S$2<=$E35),1,""))) | T35: =IF(OR(T$2="",$D35=""),"",IF(IF(ISNUMBER($F35),AND(T$2>=$F35,T$2<=IF(ISNUMBER($G35),$G35,$F35+$E35-$D35)),FALSE()),2,IF(AND(T$2>=$D35,T$2<=$E35),1,""))) | ... GE35: =IF(OR(GE$2="",$D35=""),"",IF(IF(ISNUMBER($F35),AND(GE$2>=$F35,GE$2<=IF(ISNUMBER($G35),$G35,$F35+$E35-$D35)),FALSE()),2,IF(AND(GE$2>=$D35,GE$2<=$E35),1,"")))
A36: Heading | B36: শীষ বের হওয়া | C36: FP | D36: =IF(D19="","",D19) -> 46114 | E36: =IF(D36="","",D36) -> 46114 | F36: =IF(_xlfn.MINIFS(2_Daily_input!$D$1:$FQ$1,2_Daily_input!$D$73:$FQ$73,"Heading")+_xlfn.MINIFS(2_Daily_input!$D$1:$FQ$1,2_Daily_input!$D$74:$FQ$74,"Heading")=0,"",IF(_xlfn.MINIFS(2_Daily_input!$D$1:$FQ$1,2_Daily_input!$D$73:$FQ$73,"Heading")=0,_xlfn.MINIFS(2_Daily_input!$D$1:$FQ$1,2_Daily_input!$D$74:$FQ$74,"Heading"),IF(_xlfn.MINIFS(2_Daily_input!$D$1:$FQ$1,2_Daily_input!$D$74:$FQ$74,"Heading")=0,_xlfn.MINIFS(2_Daily_input!$D$1:$FQ$1,2_Daily_input!$D$73:$FQ$73,"Heading"),MIN(_xlfn.MINIFS(2_Daily_input!$D$1:$FQ$1,2_Daily_input!$D$73:$FQ$73,"Heading"),_xlfn.MINIFS(2_Daily_input!$D$1:$FQ$1,2_Daily_input!$D$74:$FQ$74,"Heading"))))) | G36: ="" | H36: =IF(D36="","no plan",IF(F36<>"",IF(F36-D36>=2,"LATE","OK"),IF(TODAY()>D36+2,"OVERDUE","upcoming"))) -> OVERDUE | I36: =IF(AND(D36<>"",F36<>""),F36-D36,"") | J36: =IF(F36<>"",F36,D36) -> 46114 | K36: =IF(G36<>"",G36,IF(AND(F36<>"",E36=D36),F36,E36)) -> 46114 | L36: =IF(AND(D36<>"",F36="",D36>=TODAY()),D36+ROW()/1000,"") | M36: =IF(OR(M$2="",$D36=""),"",IF(IF(ISNUMBER($F36),AND(M$2>=$F36,M$2<=IF(ISNUMBER($G36),$G36,$F36+$E36-$D36)),FALSE()),2,IF(AND(M$2>=$D36,M$2<=$E36),1,""))) | N36: =IF(OR(N$2="",$D36=""),"",IF(IF(ISNUMBER($F36),AND(N$2>=$F36,N$2<=IF(ISNUMBER($G36),$G36,$F36+$E36-$D36)),FALSE()),2,IF(AND(N$2>=$D36,N$2<=$E36),1,""))) | O36: =IF(OR(O$2="",$D36=""),"",IF(IF(ISNUMBER($F36),AND(O$2>=$F36,O$2<=IF(ISNUMBER($G36),$G36,$F36+$E36-$D36)),FALSE()),2,IF(AND(O$2>=$D36,O$2<=$E36),1,""))) | P36: =IF(OR(P$2="",$D36=""),"",IF(IF(ISNUMBER($F36),AND(P$2>=$F36,P$2<=IF(ISNUMBER($G36),$G36,$F36+$E36-$D36)),FALSE()),2,IF(AND(P$2>=$D36,P$2<=$E36),1,""))) | Q36: =IF(OR(Q$2="",$D36=""),"",IF(IF(ISNUMBER($F36),AND(Q$2>=$F36,Q$2<=IF(ISNUMBER($G36),$G36,$F36+$E36-$D36)),FALSE()),2,IF(AND(Q$2>=$D36,Q$2<=$E36),1,""))) | R36: =IF(OR(R$2="",$D36=""),"",IF(IF(ISNUMBER($F36),AND(R$2>=$F36,R$2<=IF(ISNUMBER($G36),$G36,$F36+$E36-$D36)),FALSE()),2,IF(AND(R$2>=$D36,R$2<=$E36),1,""))) | S36: =IF(OR(S$2="",$D36=""),"",IF(IF(ISNUMBER($F36),AND(S$2>=$F36,S$2<=IF(ISNUMBER($G36),$G36,$F36+$E36-$D36)),FALSE()),2,IF(AND(S$2>=$D36,S$2<=$E36),1,""))) | T36: =IF(OR(T$2="",$D36=""),"",IF(IF(ISNUMBER($F36),AND(T$2>=$F36,T$2<=IF(ISNUMBER($G36),$G36,$F36+$E36-$D36)),FALSE()),2,IF(AND(T$2>=$D36,T$2<=$E36),1,""))) | ... GE36: =IF(OR(GE$2="",$D36=""),"",IF(IF(ISNUMBER($F36),AND(GE$2>=$F36,GE$2<=IF(ISNUMBER($G36),$G36,$F36+$E36-$D36)),FALSE()),2,IF(AND(GE$2>=$D36,GE$2<=$E36),1,"")))
A37: Last irrigation | B37: শেষ সেচ | C37: FP | D37: =IF(D25="","",D25-cfg_11) -> 46127 | E37: =IF(D37="","",D37) -> 46127 | F37: =IF(_xlfn.MINIFS(2_Daily_input!$D$1:$FQ$1,2_Daily_input!$D$73:$FQ$73,"Last irrigation")+_xlfn.MINIFS(2_Daily_input!$D$1:$FQ$1,2_Daily_input!$D$74:$FQ$74,"Last irrigation")=0,"",IF(_xlfn.MINIFS(2_Daily_input!$D$1:$FQ$1,2_Daily_input!$D$73:$FQ$73,"Last irrigation")=0,_xlfn.MINIFS(2_Daily_input!$D$1:$FQ$1,2_Daily_input!$D$74:$FQ$74,"Last irrigation"),IF(_xlfn.MINIFS(2_Daily_input!$D$1:$FQ$1,2_Daily_input!$D$74:$FQ$74,"Last irrigation")=0,_xlfn.MINIFS(2_Daily_input!$D$1:$FQ$1,2_Daily_input!$D$73:$FQ$73,"Last irrigation"),MIN(_xlfn.MINIFS(2_Daily_input!$D$1:$FQ$1,2_Daily_input!$D$73:$FQ$73,"Last irrigation"),_xlfn.MINIFS(2_Daily_input!$D$1:$FQ$1,2_Daily_input!$D$74:$FQ$74,"Last irrigation"))))) | G37: ="" | H37: =IF(D37="","no plan",IF(F37<>"",IF(F37-D37>=2,"LATE","OK"),IF(TODAY()>D37+2,"OVERDUE","upcoming"))) -> OVERDUE | I37: =IF(AND(D37<>"",F37<>""),F37-D37,"") | J37: =IF(F37<>"",F37,D37) -> 46127 | K37: =IF(G37<>"",G37,IF(AND(F37<>"",E37=D37),F37,E37)) -> 46127 | L37: =IF(AND(D37<>"",F37="",D37>=TODAY()),D37+ROW()/1000,"") | M37: =IF(OR(M$2="",$D37=""),"",IF(IF(ISNUMBER($F37),AND(M$2>=$F37,M$2<=IF(ISNUMBER($G37),$G37,$F37+$E37-$D37)),FALSE()),2,IF(AND(M$2>=$D37,M$2<=$E37),1,""))) | N37: =IF(OR(N$2="",$D37=""),"",IF(IF(ISNUMBER($F37),AND(N$2>=$F37,N$2<=IF(ISNUMBER($G37),$G37,$F37+$E37-$D37)),FALSE()),2,IF(AND(N$2>=$D37,N$2<=$E37),1,""))) | O37: =IF(OR(O$2="",$D37=""),"",IF(IF(ISNUMBER($F37),AND(O$2>=$F37,O$2<=IF(ISNUMBER($G37),$G37,$F37+$E37-$D37)),FALSE()),2,IF(AND(O$2>=$D37,O$2<=$E37),1,""))) | P37: =IF(OR(P$2="",$D37=""),"",IF(IF(ISNUMBER($F37),AND(P$2>=$F37,P$2<=IF(ISNUMBER($G37),$G37,$F37+$E37-$D37)),FALSE()),2,IF(AND(P$2>=$D37,P$2<=$E37),1,""))) | Q37: =IF(OR(Q$2="",$D37=""),"",IF(IF(ISNUMBER($F37),AND(Q$2>=$F37,Q$2<=IF(ISNUMBER($G37),$G37,$F37+$E37-$D37)),FALSE()),2,IF(AND(Q$2>=$D37,Q$2<=$E37),1,""))) | R37: =IF(OR(R$2="",$D37=""),"",IF(IF(ISNUMBER($F37),AND(R$2>=$F37,R$2<=IF(ISNUMBER($G37),$G37,$F37+$E37-$D37)),FALSE()),2,IF(AND(R$2>=$D37,R$2<=$E37),1,""))) | S37: =IF(OR(S$2="",$D37=""),"",IF(IF(ISNUMBER($F37),AND(S$2>=$F37,S$2<=IF(ISNUMBER($G37),$G37,$F37+$E37-$D37)),FALSE()),2,IF(AND(S$2>=$D37,S$2<=$E37),1,""))) | T37: =IF(OR(T$2="",$D37=""),"",IF(IF(ISNUMBER($F37),AND(T$2>=$F37,T$2<=IF(ISNUMBER($G37),$G37,$F37+$E37-$D37)),FALSE()),2,IF(AND(T$2>=$D37,T$2<=$E37),1,""))) | ... GE37: =IF(OR(GE$2="",$D37=""),"",IF(IF(ISNUMBER($F37),AND(GE$2>=$F37,GE$2<=IF(ISNUMBER($G37),$G37,$F37+$E37-$D37)),FALSE()),2,IF(AND(GE$2>=$D37,GE$2<=$E37),1,"")))
A38: Harvest | B38: ধান কাটা | C38: FP | D38: =IF(D25="","",D25) -> 46142 | E38: =IF(D38="","",D38) -> 46142 | F38: =IF(_xlfn.MINIFS(2_Daily_input!$D$1:$FQ$1,2_Daily_input!$D$73:$FQ$73,"Harvest")+_xlfn.MINIFS(2_Daily_input!$D$1:$FQ$1,2_Daily_input!$D$74:$FQ$74,"Harvest")=0,"",IF(_xlfn.MINIFS(2_Daily_input!$D$1:$FQ$1,2_Daily_input!$D$73:$FQ$73,"Harvest")=0,_xlfn.MINIFS(2_Daily_input!$D$1:$FQ$1,2_Daily_input!$D$74:$FQ$74,"Harvest"),IF(_xlfn.MINIFS(2_Daily_input!$D$1:$FQ$1,2_Daily_input!$D$74:$FQ$74,"Harvest")=0,_xlfn.MINIFS(2_Daily_input!$D$1:$FQ$1,2_Daily_input!$D$73:$FQ$73,"Harvest"),MIN(_xlfn.MINIFS(2_Daily_input!$D$1:$FQ$1,2_Daily_input!$D$73:$FQ$73,"Harvest"),_xlfn.MINIFS(2_Daily_input!$D$1:$FQ$1,2_Daily_input!$D$74:$FQ$74,"Harvest"))))) | G38: ="" | H38: =IF(D38="","no plan",IF(F38<>"",IF(F38-D38>=2,"LATE","OK"),IF(TODAY()>D38+2,"OVERDUE","upcoming"))) -> OVERDUE | I38: =IF(AND(D38<>"",F38<>""),F38-D38,"") | J38: =IF(F38<>"",F38,D38) -> 46142 | K38: =IF(G38<>"",G38,IF(AND(F38<>"",E38=D38),F38,E38)) -> 46142 | L38: =IF(AND(D38<>"",F38="",D38>=TODAY()),D38+ROW()/1000,"") | M38: =IF(OR(M$2="",$D38=""),"",IF(IF(ISNUMBER($F38),AND(M$2>=$F38,M$2<=IF(ISNUMBER($G38),$G38,$F38+$E38-$D38)),FALSE()),2,IF(AND(M$2>=$D38,M$2<=$E38),1,""))) | N38: =IF(OR(N$2="",$D38=""),"",IF(IF(ISNUMBER($F38),AND(N$2>=$F38,N$2<=IF(ISNUMBER($G38),$G38,$F38+$E38-$D38)),FALSE()),2,IF(AND(N$2>=$D38,N$2<=$E38),1,""))) | O38: =IF(OR(O$2="",$D38=""),"",IF(IF(ISNUMBER($F38),AND(O$2>=$F38,O$2<=IF(ISNUMBER($G38),$G38,$F38+$E38-$D38)),FALSE()),2,IF(AND(O$2>=$D38,O$2<=$E38),1,""))) | P38: =IF(OR(P$2="",$D38=""),"",IF(IF(ISNUMBER($F38),AND(P$2>=$F38,P$2<=IF(ISNUMBER($G38),$G38,$F38+$E38-$D38)),FALSE()),2,IF(AND(P$2>=$D38,P$2<=$E38),1,""))) | Q38: =IF(OR(Q$2="",$D38=""),"",IF(IF(ISNUMBER($F38),AND(Q$2>=$F38,Q$2<=IF(ISNUMBER($G38),$G38,$F38+$E38-$D38)),FALSE()),2,IF(AND(Q$2>=$D38,Q$2<=$E38),1,""))) | R38: =IF(OR(R$2="",$D38=""),"",IF(IF(ISNUMBER($F38),AND(R$2>=$F38,R$2<=IF(ISNUMBER($G38),$G38,$F38+$E38-$D38)),FALSE()),2,IF(AND(R$2>=$D38,R$2<=$E38),1,""))) | S38: =IF(OR(S$2="",$D38=""),"",IF(IF(ISNUMBER($F38),AND(S$2>=$F38,S$2<=IF(ISNUMBER($G38),$G38,$F38+$E38-$D38)),FALSE()),2,IF(AND(S$2>=$D38,S$2<=$E38),1,""))) | T38: =IF(OR(T$2="",$D38=""),"",IF(IF(ISNUMBER($F38),AND(T$2>=$F38,T$2<=IF(ISNUMBER($G38),$G38,$F38+$E38-$D38)),FALSE()),2,IF(AND(T$2>=$D38,T$2<=$E38),1,""))) | ... GE38: =IF(OR(GE$2="",$D38=""),"",IF(IF(ISNUMBER($F38),AND(GE$2>=$F38,GE$2<=IF(ISNUMBER($G38),$G38,$F38+$E38-$D38)),FALSE()),2,IF(AND(GE$2>=$D38,GE$2<=$E38),1,"")))
A40: Yellow bar = planned (calculated). Green bar = actual. Red line = today. Actual dates: in 2_Daily_input choose the work in the rows "SCHEDULE WORK DONE" on the day it was done. Planned dates of seed wetting, plowing and puddling: 1_Settings.

Sheet Data_Farmer
A1: =IF(SiteName="","3F4D Water Monitor",SiteName) -> Demo Site-03 | B1: Date / তারিখ (automatic - enter in 2_Daily_input) | C1: Season | D1: =IF(ISNUMBER(DataStart),DataStart+0,"") -> 45986 | E1: =IF(ISNUMBER(DataStart),DataStart+1,"") -> 45987 | F1: =IF(ISNUMBER(DataStart),DataStart+2,"") -> 45988 | G1: =IF(ISNUMBER(DataStart),DataStart+3,"") -> 45989 | H1: =IF(ISNUMBER(DataStart),DataStart+4,"") -> 45990 | I1: =IF(ISNUMBER(DataStart),DataStart+5,"") -> 45991 | J1: =IF(ISNUMBER(DataStart),DataStart+6,"") -> 45992 | K1: =IF(ISNUMBER(DataStart),DataStart+7,"") -> 45993 | L1: =IF(ISNUMBER(DataStart),DataStart+8,"") -> 45994 | M1: =IF(ISNUMBER(DataStart),DataStart+9,"") -> 45995 | N1: =IF(ISNUMBER(DataStart),DataStart+10,"") -> 45996 | O1: =IF(ISNUMBER(DataStart),DataStart+11,"") -> 45997 | P1: =IF(ISNUMBER(DataStart),DataStart+12,"") -> 45998 | Q1: =IF(ISNUMBER(DataStart),DataStart+13,"") -> 45999 | R1: =IF(ISNUMBER(DataStart),DataStart+14,"") -> 46000 | S1: =IF(ISNUMBER(DataStart),DataStart+15,"") -> 46001 | T1: =IF(ISNUMBER(DataStart),DataStart+16,"") -> 46002 | U1: =IF(ISNUMBER(DataStart),DataStart+17,"") -> 46003 | V1: =IF(ISNUMBER(DataStart),DataStart+18,"") -> 46004 | W1: =IF(ISNUMBER(DataStart),DataStart+19,"") -> 46005 | X1: =IF(ISNUMBER(DataStart),DataStart+20,"") -> 46006 | Y1: =IF(ISNUMBER(DataStart),DataStart+21,"") -> 46007 | Z1: =IF(ISNUMBER(DataStart),DataStart+22,"") -> 46008 | AA1: =IF(ISNUMBER(DataStart),DataStart+23,"") -> 46009 | AB1: =IF(ISNUMBER(DataStart),DataStart+24,"") -> 46010 | AC1: =IF(ISNUMBER(DataStart),DataStart+25,"") -> 46011 | AD1: =IF(ISNUMBER(DataStart),DataStart+26,"") -> 46012 | AE1: =IF(ISNUMBER(DataStart),DataStart+27,"") -> 46013 | AF1: =IF(ISNUMBER(DataStart),DataStart+28,"") -> 46014 | AG1: =IF(ISNUMBER(DataStart),DataStart+29,"") -> 46015 | AH1: =IF(ISNUMBER(DataStart),DataStart+30,"") -> 46016 | AI1: =IF(ISNUMBER(DataStart),DataStart+31,"") -> 46017 | AJ1: =IF(ISNUMBER(DataStart),DataStart+32,"") -> 46018 | AK1: =IF(ISNUMBER(DataStart),DataStart+33,"") -> 46019 | AL1: =IF(ISNUMBER(DataStart),DataStart+34,"") -> 46020 | AM1: =IF(ISNUMBER(DataStart),DataStart+35,"") -> 46021 | AN1: =IF(ISNUMBER(DataStart),DataStart+36,"") -> 46022 | AO1: =IF(ISNUMBER(DataStart),DataStart+37,"") -> 46023 | AP1: =IF(ISNUMBER(DataStart),DataStart+38,"") -> 46024 | AQ1: =IF(ISNUMBER(DataStart),DataStart+39,"") -> 46025 | AR1: =IF(ISNUMBER(DataStart),DataStart+40,"") -> 46026 | AS1: =IF(ISNUMBER(DataStart),DataStart+41,"") -> 46027 | AT1: =IF(ISNUMBER(DataStart),DataStart+42,"") -> 46028 | AU1: =IF(ISNUMBER(DataStart),DataStart+43,"") -> 46029 | AV1: =IF(ISNUMBER(DataStart),DataStart+44,"") -> 46030 | AW1: =IF(ISNUMBER(DataStart),DataStart+45,"") -> 46031 | AX1: =IF(ISNUMBER(DataStart),DataStart+46,"") -> 46032 | AY1: =IF(ISNUMBER(DataStart),DataStart+47,"") -> 46033 | AZ1: =IF(ISNUMBER(DataStart),DataStart+48,"") -> 46034 | BA1: =IF(ISNUMBER(DataStart),DataStart+49,"") -> 46035 | BB1: =IF(ISNUMBER(DataStart),DataStart+50,"") -> 46036 | BC1: =IF(ISNUMBER(DataStart),DataStart+51,"") -> 46037 | BD1: =IF(ISNUMBER(DataStart),DataStart+52,"") -> 46038 | BE1: =IF(ISNUMBER(DataStart),DataStart+53,"") -> 46039 | BF1: =IF(ISNUMBER(DataStart),DataStart+54,"") -> 46040 | BG1: =IF(ISNUMBER(DataStart),DataStart+55,"") -> 46041 | BH1: =IF(ISNUMBER(DataStart),DataStart+56,"") -> 46042 | BI1: =IF(ISNUMBER(DataStart),DataStart+57,"") -> 46043 | BJ1: =IF(ISNUMBER(DataStart),DataStart+58,"") -> 46044 | BK1: =IF(ISNUMBER(DataStart),DataStart+59,"") -> 46045 | BL1: =IF(ISNUMBER(DataStart),DataStart+60,"") -> 46046 | BM1: =IF(ISNUMBER(DataStart),DataStart+61,"") -> 46047 | BN1: =IF(ISNUMBER(DataStart),DataStart+62,"") -> 46048 | BO1: =IF(ISNUMBER(DataStart),DataStart+63,"") -> 46049 | BP1: =IF(ISNUMBER(DataStart),DataStart+64,"") -> 46050 | BQ1: =IF(ISNUMBER(DataStart),DataStart+65,"") -> 46051 | BR1: =IF(ISNUMBER(DataStart),DataStart+66,"") -> 46052 | BS1: =IF(ISNUMBER(DataStart),DataStart+67,"") -> 46053 | BT1: =IF(ISNUMBER(DataStart),DataStart+68,"") -> 46054 | BU1: =IF(ISNUMBER(DataStart),DataStart+69,"") -> 46055 | BV1: =IF(ISNUMBER(DataStart),DataStart+70,"") -> 46056 | BW1: =IF(ISNUMBER(DataStart),DataStart+71,"") -> 46057 | BX1: =IF(ISNUMBER(DataStart),DataStart+72,"") -> 46058 | BY1: =IF(ISNUMBER(DataStart),DataStart+73,"") -> 46059 | BZ1: =IF(ISNUMBER(DataStart),DataStart+74,"") -> 46060 | CA1: =IF(ISNUMBER(DataStart),DataStart+75,"") -> 46061 | CB1: =IF(ISNUMBER(DataStart),DataStart+76,"") -> 46062 | CC1: =IF(ISNUMBER(DataStart),DataStart+77,"") -> 46063 | CD1: =IF(ISNUMBER(DataStart),DataStart+78,"") -> 46064 | CE1: =IF(ISNUMBER(DataStart),DataStart+79,"") -> 46065 | CF1: =IF(ISNUMBER(DataStart),DataStart+80,"") -> 46066 | CG1: =IF(ISNUMBER(DataStart),DataStart+81,"") -> 46067 | CH1: =IF(ISNUMBER(DataStart),DataStart+82,"") -> 46068 | CI1: =IF(ISNUMBER(DataStart),DataStart+83,"") -> 46069 | CJ1: =IF(ISNUMBER(DataStart),DataStart+84,"") -> 46070 | CK1: =IF(ISNUMBER(DataStart),DataStart+85,"") -> 46071 | CL1: =IF(ISNUMBER(DataStart),DataStart+86,"") -> 46072 | CM1: =IF(ISNUMBER(DataStart),DataStart+87,"") -> 46073 | CN1: =IF(ISNUMBER(DataStart),DataStart+88,"") -> 46074 | CO1: =IF(ISNUMBER(DataStart),DataStart+89,"") -> 46075 | CP1: =IF(ISNUMBER(DataStart),DataStart+90,"") -> 46076 | CQ1: =IF(ISNUMBER(DataStart),DataStart+91,"") -> 46077 | CR1: =IF(ISNUMBER(DataStart),DataStart+92,"") -> 46078 | CS1: =IF(ISNUMBER(DataStart),DataStart+93,"") -> 46079 | CT1: =IF(ISNUMBER(DataStart),DataStart+94,"") -> 46080 | CU1: =IF(ISNUMBER(DataStart),DataStart+95,"") -> 46081 | CV1: =IF(ISNUMBER(DataStart),DataStart+96,"") -> 46082 | CW1: =IF(ISNUMBER(DataStart),DataStart+97,"") -> 46083 | CX1: =IF(ISNUMBER(DataStart),DataStart+98,"") -> 46084 | CY1: =IF(ISNUMBER(DataStart),DataStart+99,"") -> 46085 | CZ1: =IF(ISNUMBER(DataStart),DataStart+100,"") -> 46086 | DA1: =IF(ISNUMBER(DataStart),DataStart+101,"") -> 46087 | DB1: =IF(ISNUMBER(DataStart),DataStart+102,"") -> 46088 | DC1: =IF(ISNUMBER(DataStart),DataStart+103,"") -> 46089 | DD1: =IF(ISNUMBER(DataStart),DataStart+104,"") -> 46090 | DE1: =IF(ISNUMBER(DataStart),DataStart+105,"") -> 46091 | DF1: =IF(ISNUMBER(DataStart),DataStart+106,"") -> 46092 | DG1: =IF(ISNUMBER(DataStart),DataStart+107,"") -> 46093 | DH1: =IF(ISNUMBER(DataStart),DataStart+108,"") -> 46094 | DI1: =IF(ISNUMBER(DataStart),DataStart+109,"") -> 46095 | DJ1: =IF(ISNUMBER(DataStart),DataStart+110,"") -> 46096 | DK1: =IF(ISNUMBER(DataStart),DataStart+111,"") -> 46097 | DL1: =IF(ISNUMBER(DataStart),DataStart+112,"") -> 46098 | DM1: =IF(ISNUMBER(DataStart),DataStart+113,"") -> 46099 | DN1: =IF(ISNUMBER(DataStart),DataStart+114,"") -> 46100 | DO1: =IF(ISNUMBER(DataStart),DataStart+115,"") -> 46101 | DP1: =IF(ISNUMBER(DataStart),DataStart+116,"") -> 46102 | DQ1: =IF(ISNUMBER(DataStart),DataStart+117,"") -> 46103 | DR1: =IF(ISNUMBER(DataStart),DataStart+118,"") -> 46104 | DS1: =IF(ISNUMBER(DataStart),DataStart+119,"") -> 46105 | DT1: =IF(ISNUMBER(DataStart),DataStart+120,"") -> 46106 | DU1: =IF(ISNUMBER(DataStart),DataStart+121,"") -> 46107 | DV1: =IF(ISNUMBER(DataStart),DataStart+122,"") -> 46108 | DW1: =IF(ISNUMBER(DataStart),DataStart+123,"") -> 46109 | DX1: =IF(ISNUMBER(DataStart),DataStart+124,"") -> 46110 | DY1: =IF(ISNUMBER(DataStart),DataStart+125,"") -> 46111 | DZ1: =IF(ISNUMBER(DataStart),DataStart+126,"") -> 46112 | EA1: =IF(ISNUMBER(DataStart),DataStart+127,"") -> 46113 | EB1: =IF(ISNUMBER(DataStart),DataStart+128,"") -> 46114 | EC1: =IF(ISNUMBER(DataStart),DataStart+129,"") -> 46115 | ED1: =IF(ISNUMBER(DataStart),DataStart+130,"") -> 46116 | EE1: =IF(ISNUMBER(DataStart),DataStart+131,"") -> 46117 | EF1: =IF(ISNUMBER(DataStart),DataStart+132,"") -> 46118 | EG1: =IF(ISNUMBER(DataStart),DataStart+133,"") -> 46119 | EH1: =IF(ISNUMBER(DataStart),DataStart+134,"") -> 46120 | EI1: =IF(ISNUMBER(DataStart),DataStart+135,"") -> 46121 | EJ1: =IF(ISNUMBER(DataStart),DataStart+136,"") -> 46122 | EK1: =IF(ISNUMBER(DataStart),DataStart+137,"") -> 46123 | EL1: =IF(ISNUMBER(DataStart),DataStart+138,"") -> 46124 | EM1: =IF(ISNUMBER(DataStart),DataStart+139,"") -> 46125 | EN1: =IF(ISNUMBER(DataStart),DataStart+140,"") -> 46126 | EO1: =IF(ISNUMBER(DataStart),DataStart+141,"") -> 46127 | EP1: =IF(ISNUMBER(DataStart),DataStart+142,"") -> 46128 | EQ1: =IF(ISNUMBER(DataStart),DataStart+143,"") -> 46129 | ER1: =IF(ISNUMBER(DataStart),DataStart+144,"") -> 46130 | ES1: =IF(ISNUMBER(DataStart),DataStart+145,"") -> 46131 | ET1: =IF(ISNUMBER(DataStart),DataStart+146,"") -> 46132 | EU1: =IF(ISNUMBER(DataStart),DataStart+147,"") -> 46133 | EV1: =IF(ISNUMBER(DataStart),DataStart+148,"") -> 46134 | EW1: =IF(ISNUMBER(DataStart),DataStart+149,"") -> 46135 | EX1: =IF(ISNUMBER(DataStart),DataStart+150,"") -> 46136 | EY1: =IF(ISNUMBER(DataStart),DataStart+151,"") -> 46137 | EZ1: =IF(ISNUMBER(DataStart),DataStart+152,"") -> 46138 | FA1: =IF(ISNUMBER(DataStart),DataStart+153,"") -> 46139 | FB1: =IF(ISNUMBER(DataStart),DataStart+154,"") -> 46140 | FC1: =IF(ISNUMBER(DataStart),DataStart+155,"") -> 46141 | FD1: =IF(ISNUMBER(DataStart),DataStart+156,"") -> 46142 | FE1: =IF(ISNUMBER(DataStart),DataStart+157,"") -> 46143 | FF1: =IF(ISNUMBER(DataStart),DataStart+158,"") -> 46144 | FG1: =IF(ISNUMBER(DataStart),DataStart+159,"") -> 46145 | FH1: =IF(ISNUMBER(DataStart),DataStart+160,"") -> 46146 | FI1: =IF(ISNUMBER(DataStart),DataStart+161,"") -> 46147 | FJ1: =IF(ISNUMBER(DataStart),DataStart+162,"") -> 46148 | FK1: =IF(ISNUMBER(DataStart),DataStart+163,"") -> 46149 | FL1: =IF(ISNUMBER(DataStart),DataStart+164,"") -> 46150 | FM1: =IF(ISNUMBER(DataStart),DataStart+165,"") -> 46151 | FN1: =IF(ISNUMBER(DataStart),DataStart+166,"") -> 46152 | FO1: =IF(ISNUMBER(DataStart),DataStart+167,"") -> 46153 | FP1: =IF(ISNUMBER(DataStart),DataStart+168,"") -> 46154 | FQ1: =IF(ISNUMBER(DataStart),DataStart+169,"") -> 46155
B2: Weekday | D2: =IF(D1="","",TEXT(D1,"ddd")) -> Tue | E2: =IF(E1="","",TEXT(E1,"ddd")) -> Wed | F2: =IF(F1="","",TEXT(F1,"ddd")) -> Thu | G2: =IF(G1="","",TEXT(G1,"ddd")) -> Fri | H2: =IF(H1="","",TEXT(H1,"ddd")) -> Sat | I2: =IF(I1="","",TEXT(I1,"ddd")) -> Sun | J2: =IF(J1="","",TEXT(J1,"ddd")) -> Mon | K2: =IF(K1="","",TEXT(K1,"ddd")) -> Tue | ... FQ2: =IF(FQ1="","",TEXT(FQ1,"ddd")) -> Wed
B3: Days after transplanting | D3: =IF(D1="","",D1-TransDate) -> -52 | E3: =IF(E1="","",E1-TransDate) -> -51 | F3: =IF(F1="","",F1-TransDate) -> -50 | G3: =IF(G1="","",G1-TransDate) -> -49 | H3: =IF(H1="","",H1-TransDate) -> -48 | I3: =IF(I1="","",I1-TransDate) -> -47 | J3: =IF(J1="","",J1-TransDate) -> -46 | K3: =IF(K1="","",K1-TransDate) -> -45 | ... FQ3: =IF(FQ1="","",FQ1-TransDate) -> 117
B4: Days after sowing | D4: =IF(OR(D1="",NOT(ISNUMBER(SowDate))),"",D1-SowDate) -> -3 | E4: =IF(OR(E1="",NOT(ISNUMBER(SowDate))),"",E1-SowDate) -> -2 | F4: =IF(OR(F1="",NOT(ISNUMBER(SowDate))),"",F1-SowDate) -> -1 | G4: =IF(OR(G1="",NOT(ISNUMBER(SowDate))),"",G1-SowDate) -> 0 | H4: =IF(OR(H1="",NOT(ISNUMBER(SowDate))),"",H1-SowDate) -> 1 | I4: =IF(OR(I1="",NOT(ISNUMBER(SowDate))),"",I1-SowDate) -> 2 | J4: =IF(OR(J1="",NOT(ISNUMBER(SowDate))),"",J1-SowDate) -> 3 | K4: =IF(OR(K1="",NOT(ISNUMBER(SowDate))),"",K1-SowDate) -> 4 | ... FQ4: =IF(OR(FQ1="",NOT(ISNUMBER(SowDate))),"",FQ1-SowDate) -> 166
B5: Days after heading | D5: =IF(OR(D1="",NOT(ISNUMBER(HeadD))),"",D1-HeadD) -> -128 | E5: =IF(OR(E1="",NOT(ISNUMBER(HeadD))),"",E1-HeadD) -> -127 | F5: =IF(OR(F1="",NOT(ISNUMBER(HeadD))),"",F1-HeadD) -> -126 | G5: =IF(OR(G1="",NOT(ISNUMBER(HeadD))),"",G1-HeadD) -> -125 | H5: =IF(OR(H1="",NOT(ISNUMBER(HeadD))),"",H1-HeadD) -> -124 | I5: =IF(OR(I1="",NOT(ISNUMBER(HeadD))),"",I1-HeadD) -> -123 | J5: =IF(OR(J1="",NOT(ISNUMBER(HeadD))),"",J1-HeadD) -> -122 | K5: =IF(OR(K1="",NOT(ISNUMBER(HeadD))),"",K1-HeadD) -> -121 | ... FQ5: =IF(OR(FQ1="",NOT(ISNUMBER(HeadD))),"",FQ1-HeadD) -> 41
B6: Stage (schedule) | D6: =IF(D1="","",TRIM(IF(AND(ISNUMBER(PitanS),D1>=PitanS,D1<=PitanE),"Pitan ","")&IF(AND(ISNUMBER(MDS),D1>=MDS,D1<=MDE),"MD ","")&IF(AND(ISNUMBER(FloodS),D1>=FloodS,D1<FloodE),"PI-flood ","")&IF(AND(ISNUMBER(C1S),D1>=C1S,D1<=C3E),"3F4D-"&MIN(6,INT((D1-C1S)/cfg_13)+1)&" ","")&IF(AND(ISNUMBER(HeadD),D1=HeadD),"Heading",""))) | E6: =IF(E1="","",TRIM(IF(AND(ISNUMBER(PitanS),E1>=PitanS,E1<=PitanE),"Pitan ","")&IF(AND(ISNUMBER(MDS),E1>=MDS,E1<=MDE),"MD ","")&IF(AND(ISNUMBER(FloodS),E1>=FloodS,E1<FloodE),"PI-flood ","")&IF(AND(ISNUMBER(C1S),E1>=C1S,E1<=C3E),"3F4D-"&MIN(6,INT((E1-C1S)/cfg_13)+1)&" ","")&IF(AND(ISNUMBER(HeadD),E1=HeadD),"Heading",""))) | F6: =IF(F1="","",TRIM(IF(AND(ISNUMBER(PitanS),F1>=PitanS,F1<=PitanE),"Pitan ","")&IF(AND(ISNUMBER(MDS),F1>=MDS,F1<=MDE),"MD ","")&IF(AND(ISNUMBER(FloodS),F1>=FloodS,F1<FloodE),"PI-flood ","")&IF(AND(ISNUMBER(C1S),F1>=C1S,F1<=C3E),"3F4D-"&MIN(6,INT((F1-C1S)/cfg_13)+1)&" ","")&IF(AND(ISNUMBER(HeadD),F1=HeadD),"Heading",""))) | G6: =IF(G1="","",TRIM(IF(AND(ISNUMBER(PitanS),G1>=PitanS,G1<=PitanE),"Pitan ","")&IF(AND(ISNUMBER(MDS),G1>=MDS,G1<=MDE),"MD ","")&IF(AND(ISNUMBER(FloodS),G1>=FloodS,G1<FloodE),"PI-flood ","")&IF(AND(ISNUMBER(C1S),G1>=C1S,G1<=C3E),"3F4D-"&MIN(6,INT((G1-C1S)/cfg_13)+1)&" ","")&IF(AND(ISNUMBER(HeadD),G1=HeadD),"Heading",""))) | H6: =IF(H1="","",TRIM(IF(AND(ISNUMBER(PitanS),H1>=PitanS,H1<=PitanE),"Pitan ","")&IF(AND(ISNUMBER(MDS),H1>=MDS,H1<=MDE),"MD ","")&IF(AND(ISNUMBER(FloodS),H1>=FloodS,H1<FloodE),"PI-flood ","")&IF(AND(ISNUMBER(C1S),H1>=C1S,H1<=C3E),"3F4D-"&MIN(6,INT((H1-C1S)/cfg_13)+1)&" ","")&IF(AND(ISNUMBER(HeadD),H1=HeadD),"Heading",""))) | I6: =IF(I1="","",TRIM(IF(AND(ISNUMBER(PitanS),I1>=PitanS,I1<=PitanE),"Pitan ","")&IF(AND(ISNUMBER(MDS),I1>=MDS,I1<=MDE),"MD ","")&IF(AND(ISNUMBER(FloodS),I1>=FloodS,I1<FloodE),"PI-flood ","")&IF(AND(ISNUMBER(C1S),I1>=C1S,I1<=C3E),"3F4D-"&MIN(6,INT((I1-C1S)/cfg_13)+1)&" ","")&IF(AND(ISNUMBER(HeadD),I1=HeadD),"Heading",""))) | J6: =IF(J1="","",TRIM(IF(AND(ISNUMBER(PitanS),J1>=PitanS,J1<=PitanE),"Pitan ","")&IF(AND(ISNUMBER(MDS),J1>=MDS,J1<=MDE),"MD ","")&IF(AND(ISNUMBER(FloodS),J1>=FloodS,J1<FloodE),"PI-flood ","")&IF(AND(ISNUMBER(C1S),J1>=C1S,J1<=C3E),"3F4D-"&MIN(6,INT((J1-C1S)/cfg_13)+1)&" ","")&IF(AND(ISNUMBER(HeadD),J1=HeadD),"Heading",""))) | K6: =IF(K1="","",TRIM(IF(AND(ISNUMBER(PitanS),K1>=PitanS,K1<=PitanE),"Pitan ","")&IF(AND(ISNUMBER(MDS),K1>=MDS,K1<=MDE),"MD ","")&IF(AND(ISNUMBER(FloodS),K1>=FloodS,K1<FloodE),"PI-flood ","")&IF(AND(ISNUMBER(C1S),K1>=C1S,K1<=C3E),"3F4D-"&MIN(6,INT((K1-C1S)/cfg_13)+1)&" ","")&IF(AND(ISNUMBER(HeadD),K1=HeadD),"Heading",""))) | ... FQ6: =IF(FQ1="","",TRIM(IF(AND(ISNUMBER(PitanS),FQ1>=PitanS,FQ1<=PitanE),"Pitan ","")&IF(AND(ISNUMBER(MDS),FQ1>=MDS,FQ1<=MDE),"MD ","")&IF(AND(ISNUMBER(FloodS),FQ1>=FloodS,FQ1<FloodE),"PI-flood ","")&IF(AND(ISNUMBER(C1S),FQ1>=C1S,FQ1<=C3E),"3F4D-"&MIN(6,INT((FQ1-C1S)/cfg_13)+1)&" ","")&IF(AND(ISNUMBER(HeadD),FQ1=HeadD),"Heading","")))
A7: Both | B7: Weather / আবহাওয়া
A8: Both | B8: Rain fall (mm) / বৃষ্টি | C8: =SUM($D$8:$FQ$8) -> 59.9 | D8: =IF(2_Daily_input!D25="","",2_Daily_input!D25) | E8: =IF(2_Daily_input!E25="","",2_Daily_input!E25) | F8: =IF(2_Daily_input!F25="","",2_Daily_input!F25) | G8: =IF(2_Daily_input!G25="","",2_Daily_input!G25) | H8: =IF(2_Daily_input!H25="","",2_Daily_input!H25) | I8: =IF(2_Daily_input!I25="","",2_Daily_input!I25) | J8: =IF(2_Daily_input!J25="","",2_Daily_input!J25) | K8: =IF(2_Daily_input!K25="","",2_Daily_input!K25) | ... FQ8: =IF(2_Daily_input!FQ25="","",2_Daily_input!FQ25)
A9: Both | B9: Temperature (°C) / তাপমাত্রা | D9: =IF(2_Daily_input!D26="","",2_Daily_input!D26) | E9: =IF(2_Daily_input!E26="","",2_Daily_input!E26) | F9: =IF(2_Daily_input!F26="","",2_Daily_input!F26) | G9: =IF(2_Daily_input!G26="","",2_Daily_input!G26) | H9: =IF(2_Daily_input!H26="","",2_Daily_input!H26) | I9: =IF(2_Daily_input!I26="","",2_Daily_input!I26) | J9: =IF(2_Daily_input!J26="","",2_Daily_input!J26) | K9: =IF(2_Daily_input!K26="","",2_Daily_input!K26) | ... FQ9: =IF(2_Daily_input!FQ26="","",2_Daily_input!FQ26)
A10: Both | B10: Humidity (%) / আর্দ্রতা | D10: =IF(2_Daily_input!D27="","",2_Daily_input!D27) | E10: =IF(2_Daily_input!E27="","",2_Daily_input!E27) | F10: =IF(2_Daily_input!F27="","",2_Daily_input!F27) | G10: =IF(2_Daily_input!G27="","",2_Daily_input!G27) | H10: =IF(2_Daily_input!H27="","",2_Daily_input!H27) | I10: =IF(2_Daily_input!I27="","",2_Daily_input!I27) | J10: =IF(2_Daily_input!J27="","",2_Daily_input!J27) | K10: =IF(2_Daily_input!K27="","",2_Daily_input!K27) | ... FQ10: =IF(2_Daily_input!FQ27="","",2_Daily_input!FQ27)
A11: FP | B11: Farmers practice plot
A12: FP | B12: Daily m (cm) * / দৈনিক m | C12: =COUNT($D$12:$FQ$12)&" days" -> 93 days | D12: =IF(2_Daily_input!D7="","",2_Daily_input!D7) | E12: =IF(2_Daily_input!E7="","",2_Daily_input!E7) | F12: =IF(2_Daily_input!F7="","",2_Daily_input!F7) | G12: =IF(2_Daily_input!G7="","",2_Daily_input!G7) | H12: =IF(2_Daily_input!H7="","",2_Daily_input!H7) | I12: =IF(2_Daily_input!I7="","",2_Daily_input!I7) | J12: =IF(2_Daily_input!J7="","",2_Daily_input!J7) | K12: =IF(2_Daily_input!K7="","",2_Daily_input!K7) | ... FQ12: =IF(2_Daily_input!FQ7="","",2_Daily_input!FQ7)
A13: FP | B13: Daily water level (cm) / পানির স্তর | D13: =IF(OR(D1="",NOT(ISNUMBER(D12)),D14=""),"",ROUND(D12-D14+D15,1)) | E13: =IF(OR(E1="",NOT(ISNUMBER(E12)),E14=""),"",ROUND(E12-E14+E15,1)) | F13: =IF(OR(F1="",NOT(ISNUMBER(F12)),F14=""),"",ROUND(F12-F14+F15,1)) | G13: =IF(OR(G1="",NOT(ISNUMBER(G12)),G14=""),"",ROUND(G12-G14+G15,1)) | H13: =IF(OR(H1="",NOT(ISNUMBER(H12)),H14=""),"",ROUND(H12-H14+H15,1)) | I13: =IF(OR(I1="",NOT(ISNUMBER(I12)),I14=""),"",ROUND(I12-I14+I15,1)) | J13: =IF(OR(J1="",NOT(ISNUMBER(J12)),J14=""),"",ROUND(J12-J14+J15,1)) | K13: =IF(OR(K1="",NOT(ISNUMBER(K12)),K14=""),"",ROUND(K12-K14+K15,1)) | ... FQ13: =IF(OR(FQ1="",NOT(ISNUMBER(FQ12)),FQ14=""),"",ROUND(FQ12-FQ14+FQ15,1))
A14: FP | B14: TP (cm) | D14: =IF(D31="","",IF(_xlfn.MAXIFS(2_Daily_input!$D$1:$FQ$1,2_Daily_input!$D$65:$FQ$65,">-10000",2_Daily_input!$D$66:$FQ$66,">-10000",2_Daily_input!$D$1:$FQ$1,"<="&D1)>0,INDEX(2_Daily_input!$D$65:$FQ$65,MATCH(D31,2_Daily_input!$D$1:$FQ$1,0)),FP_TP)) -> 295 | E14: =IF(E31="","",IF(_xlfn.MAXIFS(2_Daily_input!$D$1:$FQ$1,2_Daily_input!$D$65:$FQ$65,">-10000",2_Daily_input!$D$66:$FQ$66,">-10000",2_Daily_input!$D$1:$FQ$1,"<="&E1)>0,INDEX(2_Daily_input!$D$65:$FQ$65,MATCH(E31,2_Daily_input!$D$1:$FQ$1,0)),FP_TP)) -> 295 | F14: =IF(F31="","",IF(_xlfn.MAXIFS(2_Daily_input!$D$1:$FQ$1,2_Daily_input!$D$65:$FQ$65,">-10000",2_Daily_input!$D$66:$FQ$66,">-10000",2_Daily_input!$D$1:$FQ$1,"<="&F1)>0,INDEX(2_Daily_input!$D$65:$FQ$65,MATCH(F31,2_Daily_input!$D$1:$FQ$1,0)),FP_TP)) -> 295 | G14: =IF(G31="","",IF(_xlfn.MAXIFS(2_Daily_input!$D$1:$FQ$1,2_Daily_input!$D$65:$FQ$65,">-10000",2_Daily_input!$D$66:$FQ$66,">-10000",2_Daily_input!$D$1:$FQ$1,"<="&G1)>0,INDEX(2_Daily_input!$D$65:$FQ$65,MATCH(G31,2_Daily_input!$D$1:$FQ$1,0)),FP_TP)) -> 295 | H14: =IF(H31="","",IF(_xlfn.MAXIFS(2_Daily_input!$D$1:$FQ$1,2_Daily_input!$D$65:$FQ$65,">-10000",2_Daily_input!$D$66:$FQ$66,">-10000",2_Daily_input!$D$1:$FQ$1,"<="&H1)>0,INDEX(2_Daily_input!$D$65:$FQ$65,MATCH(H31,2_Daily_input!$D$1:$FQ$1,0)),FP_TP)) -> 295 | I14: =IF(I31="","",IF(_xlfn.MAXIFS(2_Daily_input!$D$1:$FQ$1,2_Daily_input!$D$65:$FQ$65,">-10000",2_Daily_input!$D$66:$FQ$66,">-10000",2_Daily_input!$D$1:$FQ$1,"<="&I1)>0,INDEX(2_Daily_input!$D$65:$FQ$65,MATCH(I31,2_Daily_input!$D$1:$FQ$1,0)),FP_TP)) -> 295 | J14: =IF(J31="","",IF(_xlfn.MAXIFS(2_Daily_input!$D$1:$FQ$1,2_Daily_input!$D$65:$FQ$65,">-10000",2_Daily_input!$D$66:$FQ$66,">-10000",2_Daily_input!$D$1:$FQ$1,"<="&J1)>0,INDEX(2_Daily_input!$D$65:$FQ$65,MATCH(J31,2_Daily_input!$D$1:$FQ$1,0)),FP_TP)) -> 295 | K14: =IF(K31="","",IF(_xlfn.MAXIFS(2_Daily_input!$D$1:$FQ$1,2_Daily_input!$D$65:$FQ$65,">-10000",2_Daily_input!$D$66:$FQ$66,">-10000",2_Daily_input!$D$1:$FQ$1,"<="&K1)>0,INDEX(2_Daily_input!$D$65:$FQ$65,MATCH(K31,2_Daily_input!$D$1:$FQ$1,0)),FP_TP)) -> 295 | ... FQ14: =IF(FQ31="","",IF(_xlfn.MAXIFS(2_Daily_input!$D$1:$FQ$1,2_Daily_input!$D$65:$FQ$65,">-10000",2_Daily_input!$D$66:$FQ$66,">-10000",2_Daily_input!$D$1:$FQ$1,"<="&FQ1)>0,INDEX(2_Daily_input!$D$65:$FQ$65,MATCH(FQ31,2_Daily_input!$D$1:$FQ$1,0)),FP_TP)) -> 295
A15: FP | B15: b (cm) | D15: =IF(D31="","",IF(_xlfn.MAXIFS(2_Daily_input!$D$1:$FQ$1,2_Daily_input!$D$65:$FQ$65,">-10000",2_Daily_input!$D$66:$FQ$66,">-10000",2_Daily_input!$D$1:$FQ$1,"<="&D1)>0,INDEX(2_Daily_input!$D$66:$FQ$66,MATCH(D31,2_Daily_input!$D$1:$FQ$1,0)),FP_b)) -> 16 | E15: =IF(E31="","",IF(_xlfn.MAXIFS(2_Daily_input!$D$1:$FQ$1,2_Daily_input!$D$65:$FQ$65,">-10000",2_Daily_input!$D$66:$FQ$66,">-10000",2_Daily_input!$D$1:$FQ$1,"<="&E1)>0,INDEX(2_Daily_input!$D$66:$FQ$66,MATCH(E31,2_Daily_input!$D$1:$FQ$1,0)),FP_b)) -> 16 | F15: =IF(F31="","",IF(_xlfn.MAXIFS(2_Daily_input!$D$1:$FQ$1,2_Daily_input!$D$65:$FQ$65,">-10000",2_Daily_input!$D$66:$FQ$66,">-10000",2_Daily_input!$D$1:$FQ$1,"<="&F1)>0,INDEX(2_Daily_input!$D$66:$FQ$66,MATCH(F31,2_Daily_input!$D$1:$FQ$1,0)),FP_b)) -> 16 | G15: =IF(G31="","",IF(_xlfn.MAXIFS(2_Daily_input!$D$1:$FQ$1,2_Daily_input!$D$65:$FQ$65,">-10000",2_Daily_input!$D$66:$FQ$66,">-10000",2_Daily_input!$D$1:$FQ$1,"<="&G1)>0,INDEX(2_Daily_input!$D$66:$FQ$66,MATCH(G31,2_Daily_input!$D$1:$FQ$1,0)),FP_b)) -> 16 | H15: =IF(H31="","",IF(_xlfn.MAXIFS(2_Daily_input!$D$1:$FQ$1,2_Daily_input!$D$65:$FQ$65,">-10000",2_Daily_input!$D$66:$FQ$66,">-10000",2_Daily_input!$D$1:$FQ$1,"<="&H1)>0,INDEX(2_Daily_input!$D$66:$FQ$66,MATCH(H31,2_Daily_input!$D$1:$FQ$1,0)),FP_b)) -> 16 | I15: =IF(I31="","",IF(_xlfn.MAXIFS(2_Daily_input!$D$1:$FQ$1,2_Daily_input!$D$65:$FQ$65,">-10000",2_Daily_input!$D$66:$FQ$66,">-10000",2_Daily_input!$D$1:$FQ$1,"<="&I1)>0,INDEX(2_Daily_input!$D$66:$FQ$66,MATCH(I31,2_Daily_input!$D$1:$FQ$1,0)),FP_b)) -> 16 | J15: =IF(J31="","",IF(_xlfn.MAXIFS(2_Daily_input!$D$1:$FQ$1,2_Daily_input!$D$65:$FQ$65,">-10000",2_Daily_input!$D$66:$FQ$66,">-10000",2_Daily_input!$D$1:$FQ$1,"<="&J1)>0,INDEX(2_Daily_input!$D$66:$FQ$66,MATCH(J31,2_Daily_input!$D$1:$FQ$1,0)),FP_b)) -> 16 | K15: =IF(K31="","",IF(_xlfn.MAXIFS(2_Daily_input!$D$1:$FQ$1,2_Daily_input!$D$65:$FQ$65,">-10000",2_Daily_input!$D$66:$FQ$66,">-10000",2_Daily_input!$D$1:$FQ$1,"<="&K1)>0,INDEX(2_Daily_input!$D$66:$FQ$66,MATCH(K31,2_Daily_input!$D$1:$FQ$1,0)),FP_b)) -> 16 | ... FQ15: =IF(FQ31="","",IF(_xlfn.MAXIFS(2_Daily_input!$D$1:$FQ$1,2_Daily_input!$D$65:$FQ$65,">-10000",2_Daily_input!$D$66:$FQ$66,">-10000",2_Daily_input!$D$1:$FQ$1,"<="&FQ1)>0,INDEX(2_Daily_input!$D$66:$FQ$66,MATCH(FQ31,2_Daily_input!$D$1:$FQ$1,0)),FP_b)) -> 15
A16: FP | B16: Before irrigation m (cm) / সেচের আগে m | C16: =COUNT($D$21:$FQ$21)&" irrig." -> 21 irrig. | D16: =IF(2_Daily_input!D15="","",2_Daily_input!D15) | E16: =IF(2_Daily_input!E15="","",2_Daily_input!E15) | F16: =IF(2_Daily_input!F15="","",2_Daily_input!F15) | G16: =IF(2_Daily_input!G15="","",2_Daily_input!G15) | H16: =IF(2_Daily_input!H15="","",2_Daily_input!H15) | I16: =IF(2_Daily_input!I15="","",2_Daily_input!I15) | J16: =IF(2_Daily_input!J15="","",2_Daily_input!J15) | K16: =IF(2_Daily_input!K15="","",2_Daily_input!K15) | ... FQ16: =IF(2_Daily_input!FQ15="","",2_Daily_input!FQ15)
A17: FP | B17: After irrigation m (cm) / সেচের পরে m | D17: =IF(2_Daily_input!D16="","",2_Daily_input!D16) | E17: =IF(2_Daily_input!E16="","",2_Daily_input!E16) | F17: =IF(2_Daily_input!F16="","",2_Daily_input!F16) | G17: =IF(2_Daily_input!G16="","",2_Daily_input!G16) | H17: =IF(2_Daily_input!H16="","",2_Daily_input!H16) | I17: =IF(2_Daily_input!I16="","",2_Daily_input!I16) | J17: =IF(2_Daily_input!J16="","",2_Daily_input!J16) | K17: =IF(2_Daily_input!K16="","",2_Daily_input!K16) | ... FQ17: =IF(2_Daily_input!FQ16="","",2_Daily_input!FQ16)
A18: FP | B18: Irrigation time (min:sec) / সেচের সময় | D18: =IF(2_Daily_input!D17="","",2_Daily_input!D17) | E18: =IF(2_Daily_input!E17="","",2_Daily_input!E17) | F18: =IF(2_Daily_input!F17="","",2_Daily_input!F17) | G18: =IF(2_Daily_input!G17="","",2_Daily_input!G17) | H18: =IF(2_Daily_input!H17="","",2_Daily_input!H17) | I18: =IF(2_Daily_input!I17="","",2_Daily_input!I17) | J18: =IF(2_Daily_input!J17="","",2_Daily_input!J17) | K18: =IF(2_Daily_input!K17="","",2_Daily_input!K17) | ... FQ18: =IF(2_Daily_input!FQ17="","",2_Daily_input!FQ17)
A19: FP | B19: Before irrigation water level (cm) / সেচের আগে স্তর | D19: =IF(AND(ISNUMBER(D16),ISNUMBER(D17),D14<>""),ROUND(D16-D14+D15,1),"") | E19: =IF(AND(ISNUMBER(E16),ISNUMBER(E17),E14<>""),ROUND(E16-E14+E15,1),"") | F19: =IF(AND(ISNUMBER(F16),ISNUMBER(F17),F14<>""),ROUND(F16-F14+F15,1),"") | G19: =IF(AND(ISNUMBER(G16),ISNUMBER(G17),G14<>""),ROUND(G16-G14+G15,1),"") | H19: =IF(AND(ISNUMBER(H16),ISNUMBER(H17),H14<>""),ROUND(H16-H14+H15,1),"") | I19: =IF(AND(ISNUMBER(I16),ISNUMBER(I17),I14<>""),ROUND(I16-I14+I15,1),"") | J19: =IF(AND(ISNUMBER(J16),ISNUMBER(J17),J14<>""),ROUND(J16-J14+J15,1),"") | K19: =IF(AND(ISNUMBER(K16),ISNUMBER(K17),K14<>""),ROUND(K16-K14+K15,1),"") | ... FQ19: =IF(AND(ISNUMBER(FQ16),ISNUMBER(FQ17),FQ14<>""),ROUND(FQ16-FQ14+FQ15,1),"")
A20: FP | B20: After irrigation water level (cm) / সেচের পরে স্তর | D20: =IF(AND(ISNUMBER(D16),ISNUMBER(D17),D14<>""),ROUND(D17-D14+D15,1),"") | E20: =IF(AND(ISNUMBER(E16),ISNUMBER(E17),E14<>""),ROUND(E17-E14+E15,1),"") | F20: =IF(AND(ISNUMBER(F16),ISNUMBER(F17),F14<>""),ROUND(F17-F14+F15,1),"") | G20: =IF(AND(ISNUMBER(G16),ISNUMBER(G17),G14<>""),ROUND(G17-G14+G15,1),"") | H20: =IF(AND(ISNUMBER(H16),ISNUMBER(H17),H14<>""),ROUND(H17-H14+H15,1),"") | I20: =IF(AND(ISNUMBER(I16),ISNUMBER(I17),I14<>""),ROUND(I17-I14+I15,1),"") | J20: =IF(AND(ISNUMBER(J16),ISNUMBER(J17),J14<>""),ROUND(J17-J14+J15,1),"") | K20: =IF(AND(ISNUMBER(K16),ISNUMBER(K17),K14<>""),ROUND(K17-K14+K15,1),"") | ... FQ20: =IF(AND(ISNUMBER(FQ16),ISNUMBER(FQ17),FQ14<>""),ROUND(FQ17-FQ14+FQ15,1),"")
A21: FP | B21: Irrigation (mm) / সেচ (মিমি) | C21: =ROUND(SUM($D$21:$FQ$21),0) -> 377 | D21: =IF(AND(ISNUMBER(D12),ISNUMBER(D19),ISNUMBER(D20)),ROUND((D20-MAX(D19,0))*10,1),"") | E21: =IF(AND(ISNUMBER(E12),ISNUMBER(E19),ISNUMBER(E20)),ROUND((E20-MAX(E19,0))*10,1),"") | F21: =IF(AND(ISNUMBER(F12),ISNUMBER(F19),ISNUMBER(F20)),ROUND((F20-MAX(F19,0))*10,1),"") | G21: =IF(AND(ISNUMBER(G12),ISNUMBER(G19),ISNUMBER(G20)),ROUND((G20-MAX(G19,0))*10,1),"") | H21: =IF(AND(ISNUMBER(H12),ISNUMBER(H19),ISNUMBER(H20)),ROUND((H20-MAX(H19,0))*10,1),"") | I21: =IF(AND(ISNUMBER(I12),ISNUMBER(I19),ISNUMBER(I20)),ROUND((I20-MAX(I19,0))*10,1),"") | J21: =IF(AND(ISNUMBER(J12),ISNUMBER(J19),ISNUMBER(J20)),ROUND((J20-MAX(J19,0))*10,1),"") | K21: =IF(AND(ISNUMBER(K12),ISNUMBER(K19),ISNUMBER(K20)),ROUND((K20-MAX(K19,0))*10,1),"") | ... FQ21: =IF(AND(ISNUMBER(FQ12),ISNUMBER(FQ19),ISNUMBER(FQ20)),ROUND((FQ20-MAX(FQ19,0))*10,1),"")
A22: FP | B22: Cumulative irrigation (mm) / মোট সেচ | C22: =IF(COUNT($D$22:$FQ$22)=0,"",MAX($D$22:$FQ$22)) -> 377 | D22: =IF(D13="","",ROUND(SUM($D$21:D21),1)) | E22: =IF(E13="","",ROUND(SUM($D$21:E21),1)) | F22: =IF(F13="","",ROUND(SUM($D$21:F21),1)) | G22: =IF(G13="","",ROUND(SUM($D$21:G21),1)) | H22: =IF(H13="","",ROUND(SUM($D$21:H21),1)) | I22: =IF(I13="","",ROUND(SUM($D$21:I21),1)) | J22: =IF(J13="","",ROUND(SUM($D$21:J21),1)) | K22: =IF(K13="","",ROUND(SUM($D$21:K21),1)) | ... FQ22: =IF(FQ13="","",ROUND(SUM($D$21:FQ21),1))
A23: FP | B23: Daily water-level decrease (mm) / দৈনিক হ্রাস | D23: ="" | E23: =IF(AND(ISNUMBER(D32),ISNUMBER(E13)),ROUND((D32-E13)*10,1),"") | F23: =IF(AND(ISNUMBER(E32),ISNUMBER(F13)),ROUND((E32-F13)*10,1),"") | G23: =IF(AND(ISNUMBER(F32),ISNUMBER(G13)),ROUND((F32-G13)*10,1),"") | H23: =IF(AND(ISNUMBER(G32),ISNUMBER(H13)),ROUND((G32-H13)*10,1),"") | I23: =IF(AND(ISNUMBER(H32),ISNUMBER(I13)),ROUND((H32-I13)*10,1),"") | J23: =IF(AND(ISNUMBER(I32),ISNUMBER(J13)),ROUND((I32-J13)*10,1),"") | K23: =IF(AND(ISNUMBER(J32),ISNUMBER(K13)),ROUND((J32-K13)*10,1),"") | L23: =IF(AND(ISNUMBER(K32),ISNUMBER(L13)),ROUND((K32-L13)*10,1),"") | ... FQ23: =IF(AND(ISNUMBER(FP32),ISNUMBER(FQ13)),ROUND((FP32-FQ13)*10,1),"")
A24: FP | B24: Field condition / মাঠের অবস্থা | D24: =IF(2_Daily_input!D32="","",2_Daily_input!D32) | E24: =IF(2_Daily_input!E32="","",2_Daily_input!E32) | F24: =IF(2_Daily_input!F32="","",2_Daily_input!F32) | G24: =IF(2_Daily_input!G32="","",2_Daily_input!G32) | H24: =IF(2_Daily_input!H32="","",2_Daily_input!H32) | I24: =IF(2_Daily_input!I32="","",2_Daily_input!I32) | J24: =IF(2_Daily_input!J32="","",2_Daily_input!J32) | K24: =IF(2_Daily_input!K32="","",2_Daily_input!K32) | ... FQ24: =IF(2_Daily_input!FQ32="","",2_Daily_input!FQ32)
A25: FP | B25: Condition / অবস্থা | D25: =IF(2_Daily_input!D33="","",2_Daily_input!D33) | E25: =IF(2_Daily_input!E33="","",2_Daily_input!E33) | F25: =IF(2_Daily_input!F33="","",2_Daily_input!F33) | G25: =IF(2_Daily_input!G33="","",2_Daily_input!G33) | H25: =IF(2_Daily_input!H33="","",2_Daily_input!H33) | I25: =IF(2_Daily_input!I33="","",2_Daily_input!I33) | J25: =IF(2_Daily_input!J33="","",2_Daily_input!J33) | K25: =IF(2_Daily_input!K33="","",2_Daily_input!K33) | ... FQ25: =IF(2_Daily_input!FQ33="","",2_Daily_input!FQ33)
A26: FP | B26: Farmer (land owner) min / কৃষকের সময় (মিনিট) | C26: =SUM($D$26:$FQ$26) -> 420 | D26: =IF(2_Daily_input!D34="","",2_Daily_input!D34) | E26: =IF(2_Daily_input!E34="","",2_Daily_input!E34) | F26: =IF(2_Daily_input!F34="","",2_Daily_input!F34) | G26: =IF(2_Daily_input!G34="","",2_Daily_input!G34) | H26: =IF(2_Daily_input!H34="","",2_Daily_input!H34) | I26: =IF(2_Daily_input!I34="","",2_Daily_input!I34) | J26: =IF(2_Daily_input!J34="","",2_Daily_input!J34) | K26: =IF(2_Daily_input!K34="","",2_Daily_input!K34) | ... FQ26: =IF(2_Daily_input!FQ34="","",2_Daily_input!FQ34)
A27: FP | B27: Farmer work contents / কৃষকের কাজ | D27: =IF(2_Daily_input!D35="","",2_Daily_input!D35) | E27: =IF(2_Daily_input!E35="","",2_Daily_input!E35) | F27: =IF(2_Daily_input!F35="","",2_Daily_input!F35) | G27: =IF(2_Daily_input!G35="","",2_Daily_input!G35) | H27: =IF(2_Daily_input!H35="","",2_Daily_input!H35) | I27: =IF(2_Daily_input!I35="","",2_Daily_input!I35) | J27: =IF(2_Daily_input!J35="","",2_Daily_input!J35) | K27: =IF(2_Daily_input!K35="","",2_Daily_input!K35) | ... FQ27: =IF(2_Daily_input!FQ35="","",2_Daily_input!FQ35)
A28: FP | B28: Labour BDT / শ্রমিক (টাকা) | C28: =SUM($D$28:$FQ$28) -> 0 | D28: =IF(2_Daily_input!D36="","",2_Daily_input!D36) | E28: =IF(2_Daily_input!E36="","",2_Daily_input!E36) | F28: =IF(2_Daily_input!F36="","",2_Daily_input!F36) | G28: =IF(2_Daily_input!G36="","",2_Daily_input!G36) | H28: =IF(2_Daily_input!H36="","",2_Daily_input!H36) | I28: =IF(2_Daily_input!I36="","",2_Daily_input!I36) | J28: =IF(2_Daily_input!J36="","",2_Daily_input!J36) | K28: =IF(2_Daily_input!K36="","",2_Daily_input!K36) | ... FQ28: =IF(2_Daily_input!FQ36="","",2_Daily_input!FQ36)
A29: FP | B29: Labour work contents / শ্রমিকের কাজ | D29: =IF(2_Daily_input!D37="","",2_Daily_input!D37) | E29: =IF(2_Daily_input!E37="","",2_Daily_input!E37) | F29: =IF(2_Daily_input!F37="","",2_Daily_input!F37) | G29: =IF(2_Daily_input!G37="","",2_Daily_input!G37) | H29: =IF(2_Daily_input!H37="","",2_Daily_input!H37) | I29: =IF(2_Daily_input!I37="","",2_Daily_input!I37) | J29: =IF(2_Daily_input!J37="","",2_Daily_input!J37) | K29: =IF(2_Daily_input!K37="","",2_Daily_input!K37) | ... FQ29: =IF(2_Daily_input!FQ37="","",2_Daily_input!FQ37)
A30: FP | B30: Input check (automatic) / ইনপুট পরীক্ষা (স্বয়ংক্রিয়) | D30: =IF(D1="","",IF(AND(ISNUMBER(D13),OR(D13<-30,D13>20)),"WL out of range; ","")&IF(AND(ISNUMBER(D12),D13=""),"no TP/b; ","")&IF(AND(ISNUMBER(D19),ISNUMBER(D20)),IF(D20<D19,"After<Before; ",""),"")&IF(AND(ISNUMBER(D12),ISNUMBER(D16)<>ISNUMBER(D17)),"irrigation readings missing; ","")&IF(ISNUMBER(D23),IF(AND(ABS(D23)>50,NOT(N(D8)>0)),"WL jump >5 cm; ",""),"")) | E30: =IF(E1="","",IF(AND(ISNUMBER(E13),OR(E13<-30,E13>20)),"WL out of range; ","")&IF(AND(ISNUMBER(E12),E13=""),"no TP/b; ","")&IF(AND(ISNUMBER(E19),ISNUMBER(E20)),IF(E20<E19,"After<Before; ",""),"")&IF(AND(ISNUMBER(E12),ISNUMBER(E16)<>ISNUMBER(E17)),"irrigation readings missing; ","")&IF(ISNUMBER(E23),IF(AND(ABS(E23)>50,NOT(N(E8)>0)),"WL jump >5 cm; ",""),"")) | F30: =IF(F1="","",IF(AND(ISNUMBER(F13),OR(F13<-30,F13>20)),"WL out of range; ","")&IF(AND(ISNUMBER(F12),F13=""),"no TP/b; ","")&IF(AND(ISNUMBER(F19),ISNUMBER(F20)),IF(F20<F19,"After<Before; ",""),"")&IF(AND(ISNUMBER(F12),ISNUMBER(F16)<>ISNUMBER(F17)),"irrigation readings missing; ","")&IF(ISNUMBER(F23),IF(AND(ABS(F23)>50,NOT(N(F8)>0)),"WL jump >5 cm; ",""),"")) | G30: =IF(G1="","",IF(AND(ISNUMBER(G13),OR(G13<-30,G13>20)),"WL out of range; ","")&IF(AND(ISNUMBER(G12),G13=""),"no TP/b; ","")&IF(AND(ISNUMBER(G19),ISNUMBER(G20)),IF(G20<G19,"After<Before; ",""),"")&IF(AND(ISNUMBER(G12),ISNUMBER(G16)<>ISNUMBER(G17)),"irrigation readings missing; ","")&IF(ISNUMBER(G23),IF(AND(ABS(G23)>50,NOT(N(G8)>0)),"WL jump >5 cm; ",""),"")) | H30: =IF(H1="","",IF(AND(ISNUMBER(H13),OR(H13<-30,H13>20)),"WL out of range; ","")&IF(AND(ISNUMBER(H12),H13=""),"no TP/b; ","")&IF(AND(ISNUMBER(H19),ISNUMBER(H20)),IF(H20<H19,"After<Before; ",""),"")&IF(AND(ISNUMBER(H12),ISNUMBER(H16)<>ISNUMBER(H17)),"irrigation readings missing; ","")&IF(ISNUMBER(H23),IF(AND(ABS(H23)>50,NOT(N(H8)>0)),"WL jump >5 cm; ",""),"")) | I30: =IF(I1="","",IF(AND(ISNUMBER(I13),OR(I13<-30,I13>20)),"WL out of range; ","")&IF(AND(ISNUMBER(I12),I13=""),"no TP/b; ","")&IF(AND(ISNUMBER(I19),ISNUMBER(I20)),IF(I20<I19,"After<Before; ",""),"")&IF(AND(ISNUMBER(I12),ISNUMBER(I16)<>ISNUMBER(I17)),"irrigation readings missing; ","")&IF(ISNUMBER(I23),IF(AND(ABS(I23)>50,NOT(N(I8)>0)),"WL jump >5 cm; ",""),"")) | J30: =IF(J1="","",IF(AND(ISNUMBER(J13),OR(J13<-30,J13>20)),"WL out of range; ","")&IF(AND(ISNUMBER(J12),J13=""),"no TP/b; ","")&IF(AND(ISNUMBER(J19),ISNUMBER(J20)),IF(J20<J19,"After<Before; ",""),"")&IF(AND(ISNUMBER(J12),ISNUMBER(J16)<>ISNUMBER(J17)),"irrigation readings missing; ","")&IF(ISNUMBER(J23),IF(AND(ABS(J23)>50,NOT(N(J8)>0)),"WL jump >5 cm; ",""),"")) | K30: =IF(K1="","",IF(AND(ISNUMBER(K13),OR(K13<-30,K13>20)),"WL out of range; ","")&IF(AND(ISNUMBER(K12),K13=""),"no TP/b; ","")&IF(AND(ISNUMBER(K19),ISNUMBER(K20)),IF(K20<K19,"After<Before; ",""),"")&IF(AND(ISNUMBER(K12),ISNUMBER(K16)<>ISNUMBER(K17)),"irrigation readings missing; ","")&IF(ISNUMBER(K23),IF(AND(ABS(K23)>50,NOT(N(K8)>0)),"WL jump >5 cm; ",""),"")) | ... FQ30: =IF(FQ1="","",IF(AND(ISNUMBER(FQ13),OR(FQ13<-30,FQ13>20)),"WL out of range; ","")&IF(AND(ISNUMBER(FQ12),FQ13=""),"no TP/b; ","")&IF(AND(ISNUMBER(FQ19),ISNUMBER(FQ20)),IF(FQ20<FQ19,"After<Before; ",""),"")&IF(AND(ISNUMBER(FQ12),ISNUMBER(FQ16)<>ISNUMBER(FQ17)),"irrigation readings missing; ","")&IF(ISNUMBER(FQ23),IF(AND(ABS(FQ23)>50,NOT(N(FQ8)>0)),"WL jump >5 cm; ",""),""))
A31: FP | B31: (TP-b date) | D31: =IF(D1="","",IF(_xlfn.MAXIFS(2_Daily_input!$D$1:$FQ$1,2_Daily_input!$D$65:$FQ$65,">-10000",2_Daily_input!$D$66:$FQ$66,">-10000",2_Daily_input!$D$1:$FQ$1,"<="&D1)>0,_xlfn.MAXIFS(2_Daily_input!$D$1:$FQ$1,2_Daily_input!$D$65:$FQ$65,">-10000",2_Daily_input!$D$66:$FQ$66,">-10000",2_Daily_input!$D$1:$FQ$1,"<="&D1),IF(AND(ISNUMBER(FP_TP),ISNUMBER(FP_b)),IF(ISNUMBER(TPDate),TPDate,IF(ISNUMBER(TransDate),TransDate,DataStart)),""))) -> 46038 | E31: =IF(E1="","",IF(_xlfn.MAXIFS(2_Daily_input!$D$1:$FQ$1,2_Daily_input!$D$65:$FQ$65,">-10000",2_Daily_input!$D$66:$FQ$66,">-10000",2_Daily_input!$D$1:$FQ$1,"<="&E1)>0,_xlfn.MAXIFS(2_Daily_input!$D$1:$FQ$1,2_Daily_input!$D$65:$FQ$65,">-10000",2_Daily_input!$D$66:$FQ$66,">-10000",2_Daily_input!$D$1:$FQ$1,"<="&E1),IF(AND(ISNUMBER(FP_TP),ISNUMBER(FP_b)),IF(ISNUMBER(TPDate),TPDate,IF(ISNUMBER(TransDate),TransDate,DataStart)),""))) -> 46038 | F31: =IF(F1="","",IF(_xlfn.MAXIFS(2_Daily_input!$D$1:$FQ$1,2_Daily_input!$D$65:$FQ$65,">-10000",2_Daily_input!$D$66:$FQ$66,">-10000",2_Daily_input!$D$1:$FQ$1,"<="&F1)>0,_xlfn.MAXIFS(2_Daily_input!$D$1:$FQ$1,2_Daily_input!$D$65:$FQ$65,">-10000",2_Daily_input!$D$66:$FQ$66,">-10000",2_Daily_input!$D$1:$FQ$1,"<="&F1),IF(AND(ISNUMBER(FP_TP),ISNUMBER(FP_b)),IF(ISNUMBER(TPDate),TPDate,IF(ISNUMBER(TransDate),TransDate,DataStart)),""))) -> 46038 | G31: =IF(G1="","",IF(_xlfn.MAXIFS(2_Daily_input!$D$1:$FQ$1,2_Daily_input!$D$65:$FQ$65,">-10000",2_Daily_input!$D$66:$FQ$66,">-10000",2_Daily_input!$D$1:$FQ$1,"<="&G1)>0,_xlfn.MAXIFS(2_Daily_input!$D$1:$FQ$1,2_Daily_input!$D$65:$FQ$65,">-10000",2_Daily_input!$D$66:$FQ$66,">-10000",2_Daily_input!$D$1:$FQ$1,"<="&G1),IF(AND(ISNUMBER(FP_TP),ISNUMBER(FP_b)),IF(ISNUMBER(TPDate),TPDate,IF(ISNUMBER(TransDate),TransDate,DataStart)),""))) -> 46038 | H31: =IF(H1="","",IF(_xlfn.MAXIFS(2_Daily_input!$D$1:$FQ$1,2_Daily_input!$D$65:$FQ$65,">-10000",2_Daily_input!$D$66:$FQ$66,">-10000",2_Daily_input!$D$1:$FQ$1,"<="&H1)>0,_xlfn.MAXIFS(2_Daily_input!$D$1:$FQ$1,2_Daily_input!$D$65:$FQ$65,">-10000",2_Daily_input!$D$66:$FQ$66,">-10000",2_Daily_input!$D$1:$FQ$1,"<="&H1),IF(AND(ISNUMBER(FP_TP),ISNUMBER(FP_b)),IF(ISNUMBER(TPDate),TPDate,IF(ISNUMBER(TransDate),TransDate,DataStart)),""))) -> 46038 | I31: =IF(I1="","",IF(_xlfn.MAXIFS(2_Daily_input!$D$1:$FQ$1,2_Daily_input!$D$65:$FQ$65,">-10000",2_Daily_input!$D$66:$FQ$66,">-10000",2_Daily_input!$D$1:$FQ$1,"<="&I1)>0,_xlfn.MAXIFS(2_Daily_input!$D$1:$FQ$1,2_Daily_input!$D$65:$FQ$65,">-10000",2_Daily_input!$D$66:$FQ$66,">-10000",2_Daily_input!$D$1:$FQ$1,"<="&I1),IF(AND(ISNUMBER(FP_TP),ISNUMBER(FP_b)),IF(ISNUMBER(TPDate),TPDate,IF(ISNUMBER(TransDate),TransDate,DataStart)),""))) -> 46038 | J31: =IF(J1="","",IF(_xlfn.MAXIFS(2_Daily_input!$D$1:$FQ$1,2_Daily_input!$D$65:$FQ$65,">-10000",2_Daily_input!$D$66:$FQ$66,">-10000",2_Daily_input!$D$1:$FQ$1,"<="&J1)>0,_xlfn.MAXIFS(2_Daily_input!$D$1:$FQ$1,2_Daily_input!$D$65:$FQ$65,">-10000",2_Daily_input!$D$66:$FQ$66,">-10000",2_Daily_input!$D$1:$FQ$1,"<="&J1),IF(AND(ISNUMBER(FP_TP),ISNUMBER(FP_b)),IF(ISNUMBER(TPDate),TPDate,IF(ISNUMBER(TransDate),TransDate,DataStart)),""))) -> 46038 | K31: =IF(K1="","",IF(_xlfn.MAXIFS(2_Daily_input!$D$1:$FQ$1,2_Daily_input!$D$65:$FQ$65,">-10000",2_Daily_input!$D$66:$FQ$66,">-10000",2_Daily_input!$D$1:$FQ$1,"<="&K1)>0,_xlfn.MAXIFS(2_Daily_input!$D$1:$FQ$1,2_Daily_input!$D$65:$FQ$65,">-10000",2_Daily_input!$D$66:$FQ$66,">-10000",2_Daily_input!$D$1:$FQ$1,"<="&K1),IF(AND(ISNUMBER(FP_TP),ISNUMBER(FP_b)),IF(ISNUMBER(TPDate),TPDate,IF(ISNUMBER(TransDate),TransDate,DataStart)),""))) -> 46038 | ... FQ31: =IF(FQ1="","",IF(_xlfn.MAXIFS(2_Daily_input!$D$1:$FQ$1,2_Daily_input!$D$65:$FQ$65,">-10000",2_Daily_input!$D$66:$FQ$66,">-10000",2_Daily_input!$D$1:$FQ$1,"<="&FQ1)>0,_xlfn.MAXIFS(2_Daily_input!$D$1:$FQ$1,2_Daily_input!$D$65:$FQ$65,">-10000",2_Daily_input!$D$66:$FQ$66,">-10000",2_Daily_input!$D$1:$FQ$1,"<="&FQ1),IF(AND(ISNUMBER(FP_TP),ISNUMBER(FP_b)),IF(ISNUMBER(TPDate),TPDate,IF(ISNUMBER(TransDate),TransDate,DataStart)),""))) -> 46071
A32: FP | B32: (end of day level) | D32: =IF(D13="","",IF(ISNUMBER(D20),D20,D13)) | E32: =IF(E13="","",IF(ISNUMBER(E20),E20,E13)) | F32: =IF(F13="","",IF(ISNUMBER(F20),F20,F13)) | G32: =IF(G13="","",IF(ISNUMBER(G20),G20,G13)) | H32: =IF(H13="","",IF(ISNUMBER(H20),H20,H13)) | I32: =IF(I13="","",IF(ISNUMBER(I20),I20,I13)) | J32: =IF(J13="","",IF(ISNUMBER(J20),J20,J13)) | K32: =IF(K13="","",IF(ISNUMBER(K20),K20,K13)) | ... FQ32: =IF(FQ13="","",IF(ISNUMBER(FQ20),FQ20,FQ13))
A33: FP | B33: (has level) | D33: =IF(ISNUMBER(D13),1,0) -> 0 | E33: =IF(ISNUMBER(E13),1,0) -> 0 | F33: =IF(ISNUMBER(F13),1,0) -> 0 | G33: =IF(ISNUMBER(G13),1,0) -> 0 | H33: =IF(ISNUMBER(H13),1,0) -> 0 | I33: =IF(ISNUMBER(I13),1,0) -> 0 | J33: =IF(ISNUMBER(J13),1,0) -> 0 | K33: =IF(ISNUMBER(K13),1,0) -> 0 | ... FQ33: =IF(ISNUMBER(FQ13),1,0) -> 0
A36: 3F4D+MD | B36: 3F4D+MD plot
A37: 3F4D+MD | B37: Daily m (cm) * / দৈনিক m | C37: =COUNT($D$37:$FQ$37)&" days" -> 93 days | D37: =IF(2_Daily_input!D8="","",2_Daily_input!D8) | E37: =IF(2_Daily_input!E8="","",2_Daily_input!E8) | F37: =IF(2_Daily_input!F8="","",2_Daily_input!F8) | G37: =IF(2_Daily_input!G8="","",2_Daily_input!G8) | H37: =IF(2_Daily_input!H8="","",2_Daily_input!H8) | I37: =IF(2_Daily_input!I8="","",2_Daily_input!I8) | J37: =IF(2_Daily_input!J8="","",2_Daily_input!J8) | K37: =IF(2_Daily_input!K8="","",2_Daily_input!K8) | ... FQ37: =IF(2_Daily_input!FQ8="","",2_Daily_input!FQ8)
A38: 3F4D+MD | B38: Daily water level (cm) / পানির স্তর | D38: =IF(OR(D1="",NOT(ISNUMBER(D37)),D39=""),"",ROUND(D37-D39+D40,1)) | E38: =IF(OR(E1="",NOT(ISNUMBER(E37)),E39=""),"",ROUND(E37-E39+E40,1)) | F38: =IF(OR(F1="",NOT(ISNUMBER(F37)),F39=""),"",ROUND(F37-F39+F40,1)) | G38: =IF(OR(G1="",NOT(ISNUMBER(G37)),G39=""),"",ROUND(G37-G39+G40,1)) | H38: =IF(OR(H1="",NOT(ISNUMBER(H37)),H39=""),"",ROUND(H37-H39+H40,1)) | I38: =IF(OR(I1="",NOT(ISNUMBER(I37)),I39=""),"",ROUND(I37-I39+I40,1)) | J38: =IF(OR(J1="",NOT(ISNUMBER(J37)),J39=""),"",ROUND(J37-J39+J40,1)) | K38: =IF(OR(K1="",NOT(ISNUMBER(K37)),K39=""),"",ROUND(K37-K39+K40,1)) | ... FQ38: =IF(OR(FQ1="",NOT(ISNUMBER(FQ37)),FQ39=""),"",ROUND(FQ37-FQ39+FQ40,1))
A39: 3F4D+MD | B39: TP (cm) | D39: =IF(D56="","",IF(_xlfn.MAXIFS(2_Daily_input!$D$1:$FQ$1,2_Daily_input!$D$67:$FQ$67,">-10000",2_Daily_input!$D$68:$FQ$68,">-10000",2_Daily_input!$D$1:$FQ$1,"<="&D1)>0,INDEX(2_Daily_input!$D$67:$FQ$67,MATCH(D56,2_Daily_input!$D$1:$FQ$1,0)),MD_TP)) -> 415 | E39: =IF(E56="","",IF(_xlfn.MAXIFS(2_Daily_input!$D$1:$FQ$1,2_Daily_input!$D$67:$FQ$67,">-10000",2_Daily_input!$D$68:$FQ$68,">-10000",2_Daily_input!$D$1:$FQ$1,"<="&E1)>0,INDEX(2_Daily_input!$D$67:$FQ$67,MATCH(E56,2_Daily_input!$D$1:$FQ$1,0)),MD_TP)) -> 415 | F39: =IF(F56="","",IF(_xlfn.MAXIFS(2_Daily_input!$D$1:$FQ$1,2_Daily_input!$D$67:$FQ$67,">-10000",2_Daily_input!$D$68:$FQ$68,">-10000",2_Daily_input!$D$1:$FQ$1,"<="&F1)>0,INDEX(2_Daily_input!$D$67:$FQ$67,MATCH(F56,2_Daily_input!$D$1:$FQ$1,0)),MD_TP)) -> 415 | G39: =IF(G56="","",IF(_xlfn.MAXIFS(2_Daily_input!$D$1:$FQ$1,2_Daily_input!$D$67:$FQ$67,">-10000",2_Daily_input!$D$68:$FQ$68,">-10000",2_Daily_input!$D$1:$FQ$1,"<="&G1)>0,INDEX(2_Daily_input!$D$67:$FQ$67,MATCH(G56,2_Daily_input!$D$1:$FQ$1,0)),MD_TP)) -> 415 | H39: =IF(H56="","",IF(_xlfn.MAXIFS(2_Daily_input!$D$1:$FQ$1,2_Daily_input!$D$67:$FQ$67,">-10000",2_Daily_input!$D$68:$FQ$68,">-10000",2_Daily_input!$D$1:$FQ$1,"<="&H1)>0,INDEX(2_Daily_input!$D$67:$FQ$67,MATCH(H56,2_Daily_input!$D$1:$FQ$1,0)),MD_TP)) -> 415 | I39: =IF(I56="","",IF(_xlfn.MAXIFS(2_Daily_input!$D$1:$FQ$1,2_Daily_input!$D$67:$FQ$67,">-10000",2_Daily_input!$D$68:$FQ$68,">-10000",2_Daily_input!$D$1:$FQ$1,"<="&I1)>0,INDEX(2_Daily_input!$D$67:$FQ$67,MATCH(I56,2_Daily_input!$D$1:$FQ$1,0)),MD_TP)) -> 415 | J39: =IF(J56="","",IF(_xlfn.MAXIFS(2_Daily_input!$D$1:$FQ$1,2_Daily_input!$D$67:$FQ$67,">-10000",2_Daily_input!$D$68:$FQ$68,">-10000",2_Daily_input!$D$1:$FQ$1,"<="&J1)>0,INDEX(2_Daily_input!$D$67:$FQ$67,MATCH(J56,2_Daily_input!$D$1:$FQ$1,0)),MD_TP)) -> 415 | K39: =IF(K56="","",IF(_xlfn.MAXIFS(2_Daily_input!$D$1:$FQ$1,2_Daily_input!$D$67:$FQ$67,">-10000",2_Daily_input!$D$68:$FQ$68,">-10000",2_Daily_input!$D$1:$FQ$1,"<="&K1)>0,INDEX(2_Daily_input!$D$67:$FQ$67,MATCH(K56,2_Daily_input!$D$1:$FQ$1,0)),MD_TP)) -> 415 | ... FQ39: =IF(FQ56="","",IF(_xlfn.MAXIFS(2_Daily_input!$D$1:$FQ$1,2_Daily_input!$D$67:$FQ$67,">-10000",2_Daily_input!$D$68:$FQ$68,">-10000",2_Daily_input!$D$1:$FQ$1,"<="&FQ1)>0,INDEX(2_Daily_input!$D$67:$FQ$67,MATCH(FQ56,2_Daily_input!$D$1:$FQ$1,0)),MD_TP)) -> 415
A40: 3F4D+MD | B40: b (cm) | D40: =IF(D56="","",IF(_xlfn.MAXIFS(2_Daily_input!$D$1:$FQ$1,2_Daily_input!$D$67:$FQ$67,">-10000",2_Daily_input!$D$68:$FQ$68,">-10000",2_Daily_input!$D$1:$FQ$1,"<="&D1)>0,INDEX(2_Daily_input!$D$68:$FQ$68,MATCH(D56,2_Daily_input!$D$1:$FQ$1,0)),MD_b)) -> 16 | E40: =IF(E56="","",IF(_xlfn.MAXIFS(2_Daily_input!$D$1:$FQ$1,2_Daily_input!$D$67:$FQ$67,">-10000",2_Daily_input!$D$68:$FQ$68,">-10000",2_Daily_input!$D$1:$FQ$1,"<="&E1)>0,INDEX(2_Daily_input!$D$68:$FQ$68,MATCH(E56,2_Daily_input!$D$1:$FQ$1,0)),MD_b)) -> 16 | F40: =IF(F56="","",IF(_xlfn.MAXIFS(2_Daily_input!$D$1:$FQ$1,2_Daily_input!$D$67:$FQ$67,">-10000",2_Daily_input!$D$68:$FQ$68,">-10000",2_Daily_input!$D$1:$FQ$1,"<="&F1)>0,INDEX(2_Daily_input!$D$68:$FQ$68,MATCH(F56,2_Daily_input!$D$1:$FQ$1,0)),MD_b)) -> 16 | G40: =IF(G56="","",IF(_xlfn.MAXIFS(2_Daily_input!$D$1:$FQ$1,2_Daily_input!$D$67:$FQ$67,">-10000",2_Daily_input!$D$68:$FQ$68,">-10000",2_Daily_input!$D$1:$FQ$1,"<="&G1)>0,INDEX(2_Daily_input!$D$68:$FQ$68,MATCH(G56,2_Daily_input!$D$1:$FQ$1,0)),MD_b)) -> 16 | H40: =IF(H56="","",IF(_xlfn.MAXIFS(2_Daily_input!$D$1:$FQ$1,2_Daily_input!$D$67:$FQ$67,">-10000",2_Daily_input!$D$68:$FQ$68,">-10000",2_Daily_input!$D$1:$FQ$1,"<="&H1)>0,INDEX(2_Daily_input!$D$68:$FQ$68,MATCH(H56,2_Daily_input!$D$1:$FQ$1,0)),MD_b)) -> 16 | I40: =IF(I56="","",IF(_xlfn.MAXIFS(2_Daily_input!$D$1:$FQ$1,2_Daily_input!$D$67:$FQ$67,">-10000",2_Daily_input!$D$68:$FQ$68,">-10000",2_Daily_input!$D$1:$FQ$1,"<="&I1)>0,INDEX(2_Daily_input!$D$68:$FQ$68,MATCH(I56,2_Daily_input!$D$1:$FQ$1,0)),MD_b)) -> 16 | J40: =IF(J56="","",IF(_xlfn.MAXIFS(2_Daily_input!$D$1:$FQ$1,2_Daily_input!$D$67:$FQ$67,">-10000",2_Daily_input!$D$68:$FQ$68,">-10000",2_Daily_input!$D$1:$FQ$1,"<="&J1)>0,INDEX(2_Daily_input!$D$68:$FQ$68,MATCH(J56,2_Daily_input!$D$1:$FQ$1,0)),MD_b)) -> 16 | K40: =IF(K56="","",IF(_xlfn.MAXIFS(2_Daily_input!$D$1:$FQ$1,2_Daily_input!$D$67:$FQ$67,">-10000",2_Daily_input!$D$68:$FQ$68,">-10000",2_Daily_input!$D$1:$FQ$1,"<="&K1)>0,INDEX(2_Daily_input!$D$68:$FQ$68,MATCH(K56,2_Daily_input!$D$1:$FQ$1,0)),MD_b)) -> 16 | ... FQ40: =IF(FQ56="","",IF(_xlfn.MAXIFS(2_Daily_input!$D$1:$FQ$1,2_Daily_input!$D$67:$FQ$67,">-10000",2_Daily_input!$D$68:$FQ$68,">-10000",2_Daily_input!$D$1:$FQ$1,"<="&FQ1)>0,INDEX(2_Daily_input!$D$68:$FQ$68,MATCH(FQ56,2_Daily_input!$D$1:$FQ$1,0)),MD_b)) -> 15
A41: 3F4D+MD | B41: Before irrigation m (cm) / সেচের আগে m | C41: =COUNT($D$46:$FQ$46)&" irrig." -> 15 irrig. | D41: =IF(2_Daily_input!D18="","",2_Daily_input!D18) | E41: =IF(2_Daily_input!E18="","",2_Daily_input!E18) | F41: =IF(2_Daily_input!F18="","",2_Daily_input!F18) | G41: =IF(2_Daily_input!G18="","",2_Daily_input!G18) | H41: =IF(2_Daily_input!H18="","",2_Daily_input!H18) | I41: =IF(2_Daily_input!I18="","",2_Daily_input!I18) | J41: =IF(2_Daily_input!J18="","",2_Daily_input!J18) | K41: =IF(2_Daily_input!K18="","",2_Daily_input!K18) | ... FQ41: =IF(2_Daily_input!FQ18="","",2_Daily_input!FQ18)
A42: 3F4D+MD | B42: After irrigation m (cm) / সেচের পরে m | D42: =IF(2_Daily_input!D19="","",2_Daily_input!D19) | E42: =IF(2_Daily_input!E19="","",2_Daily_input!E19) | F42: =IF(2_Daily_input!F19="","",2_Daily_input!F19) | G42: =IF(2_Daily_input!G19="","",2_Daily_input!G19) | H42: =IF(2_Daily_input!H19="","",2_Daily_input!H19) | I42: =IF(2_Daily_input!I19="","",2_Daily_input!I19) | J42: =IF(2_Daily_input!J19="","",2_Daily_input!J19) | K42: =IF(2_Daily_input!K19="","",2_Daily_input!K19) | ... FQ42: =IF(2_Daily_input!FQ19="","",2_Daily_input!FQ19)
A43: 3F4D+MD | B43: Irrigation time (min:sec) / সেচের সময় | D43: =IF(2_Daily_input!D20="","",2_Daily_input!D20) | E43: =IF(2_Daily_input!E20="","",2_Daily_input!E20) | F43: =IF(2_Daily_input!F20="","",2_Daily_input!F20) | G43: =IF(2_Daily_input!G20="","",2_Daily_input!G20) | H43: =IF(2_Daily_input!H20="","",2_Daily_input!H20) | I43: =IF(2_Daily_input!I20="","",2_Daily_input!I20) | J43: =IF(2_Daily_input!J20="","",2_Daily_input!J20) | K43: =IF(2_Daily_input!K20="","",2_Daily_input!K20) | ... FQ43: =IF(2_Daily_input!FQ20="","",2_Daily_input!FQ20)
A44: 3F4D+MD | B44: Before irrigation water level (cm) / সেচের আগে স্তর | D44: =IF(AND(ISNUMBER(D41),ISNUMBER(D42),D39<>""),ROUND(D41-D39+D40,1),"") | E44: =IF(AND(ISNUMBER(E41),ISNUMBER(E42),E39<>""),ROUND(E41-E39+E40,1),"") | F44: =IF(AND(ISNUMBER(F41),ISNUMBER(F42),F39<>""),ROUND(F41-F39+F40,1),"") | G44: =IF(AND(ISNUMBER(G41),ISNUMBER(G42),G39<>""),ROUND(G41-G39+G40,1),"") | H44: =IF(AND(ISNUMBER(H41),ISNUMBER(H42),H39<>""),ROUND(H41-H39+H40,1),"") | I44: =IF(AND(ISNUMBER(I41),ISNUMBER(I42),I39<>""),ROUND(I41-I39+I40,1),"") | J44: =IF(AND(ISNUMBER(J41),ISNUMBER(J42),J39<>""),ROUND(J41-J39+J40,1),"") | K44: =IF(AND(ISNUMBER(K41),ISNUMBER(K42),K39<>""),ROUND(K41-K39+K40,1),"") | ... FQ44: =IF(AND(ISNUMBER(FQ41),ISNUMBER(FQ42),FQ39<>""),ROUND(FQ41-FQ39+FQ40,1),"")
A45: 3F4D+MD | B45: After irrigation water level (cm) / সেচের পরে স্তর | D45: =IF(AND(ISNUMBER(D41),ISNUMBER(D42),D39<>""),ROUND(D42-D39+D40,1),"") | E45: =IF(AND(ISNUMBER(E41),ISNUMBER(E42),E39<>""),ROUND(E42-E39+E40,1),"") | F45: =IF(AND(ISNUMBER(F41),ISNUMBER(F42),F39<>""),ROUND(F42-F39+F40,1),"") | G45: =IF(AND(ISNUMBER(G41),ISNUMBER(G42),G39<>""),ROUND(G42-G39+G40,1),"") | H45: =IF(AND(ISNUMBER(H41),ISNUMBER(H42),H39<>""),ROUND(H42-H39+H40,1),"") | I45: =IF(AND(ISNUMBER(I41),ISNUMBER(I42),I39<>""),ROUND(I42-I39+I40,1),"") | J45: =IF(AND(ISNUMBER(J41),ISNUMBER(J42),J39<>""),ROUND(J42-J39+J40,1),"") | K45: =IF(AND(ISNUMBER(K41),ISNUMBER(K42),K39<>""),ROUND(K42-K39+K40,1),"") | ... FQ45: =IF(AND(ISNUMBER(FQ41),ISNUMBER(FQ42),FQ39<>""),ROUND(FQ42-FQ39+FQ40,1),"")
A46: 3F4D+MD | B46: Irrigation (mm) / সেচ (মিমি) | C46: =ROUND(SUM($D$46:$FQ$46),0) -> 271 | D46: =IF(AND(ISNUMBER(D37),ISNUMBER(D44),ISNUMBER(D45)),ROUND((D45-MAX(D44,0))*10,1),"") | E46: =IF(AND(ISNUMBER(E37),ISNUMBER(E44),ISNUMBER(E45)),ROUND((E45-MAX(E44,0))*10,1),"") | F46: =IF(AND(ISNUMBER(F37),ISNUMBER(F44),ISNUMBER(F45)),ROUND((F45-MAX(F44,0))*10,1),"") | G46: =IF(AND(ISNUMBER(G37),ISNUMBER(G44),ISNUMBER(G45)),ROUND((G45-MAX(G44,0))*10,1),"") | H46: =IF(AND(ISNUMBER(H37),ISNUMBER(H44),ISNUMBER(H45)),ROUND((H45-MAX(H44,0))*10,1),"") | I46: =IF(AND(ISNUMBER(I37),ISNUMBER(I44),ISNUMBER(I45)),ROUND((I45-MAX(I44,0))*10,1),"") | J46: =IF(AND(ISNUMBER(J37),ISNUMBER(J44),ISNUMBER(J45)),ROUND((J45-MAX(J44,0))*10,1),"") | K46: =IF(AND(ISNUMBER(K37),ISNUMBER(K44),ISNUMBER(K45)),ROUND((K45-MAX(K44,0))*10,1),"") | ... FQ46: =IF(AND(ISNUMBER(FQ37),ISNUMBER(FQ44),ISNUMBER(FQ45)),ROUND((FQ45-MAX(FQ44,0))*10,1),"")
A47: 3F4D+MD | B47: Cumulative irrigation (mm) / মোট সেচ | C47: =IF(COUNT($D$47:$FQ$47)=0,"",MAX($D$47:$FQ$47)) -> 271 | D47: =IF(D38="","",ROUND(SUM($D$46:D46),1)) | E47: =IF(E38="","",ROUND(SUM($D$46:E46),1)) | F47: =IF(F38="","",ROUND(SUM($D$46:F46),1)) | G47: =IF(G38="","",ROUND(SUM($D$46:G46),1)) | H47: =IF(H38="","",ROUND(SUM($D$46:H46),1)) | I47: =IF(I38="","",ROUND(SUM($D$46:I46),1)) | J47: =IF(J38="","",ROUND(SUM($D$46:J46),1)) | K47: =IF(K38="","",ROUND(SUM($D$46:K46),1)) | ... FQ47: =IF(FQ38="","",ROUND(SUM($D$46:FQ46),1))
A48: 3F4D+MD | B48: Daily water-level decrease (mm) / দৈনিক হ্রাস | D48: ="" | E48: =IF(AND(ISNUMBER(D57),ISNUMBER(E38)),ROUND((D57-E38)*10,1),"") | F48: =IF(AND(ISNUMBER(E57),ISNUMBER(F38)),ROUND((E57-F38)*10,1),"") | G48: =IF(AND(ISNUMBER(F57),ISNUMBER(G38)),ROUND((F57-G38)*10,1),"") | H48: =IF(AND(ISNUMBER(G57),ISNUMBER(H38)),ROUND((G57-H38)*10,1),"") | I48: =IF(AND(ISNUMBER(H57),ISNUMBER(I38)),ROUND((H57-I38)*10,1),"") | J48: =IF(AND(ISNUMBER(I57),ISNUMBER(J38)),ROUND((I57-J38)*10,1),"") | K48: =IF(AND(ISNUMBER(J57),ISNUMBER(K38)),ROUND((J57-K38)*10,1),"") | L48: =IF(AND(ISNUMBER(K57),ISNUMBER(L38)),ROUND((K57-L38)*10,1),"") | ... FQ48: =IF(AND(ISNUMBER(FP57),ISNUMBER(FQ38)),ROUND((FP57-FQ38)*10,1),"")
A49: 3F4D+MD | B49: Field condition / মাঠের অবস্থা | D49: =IF(2_Daily_input!D40="","",2_Daily_input!D40) | E49: =IF(2_Daily_input!E40="","",2_Daily_input!E40) | F49: =IF(2_Daily_input!F40="","",2_Daily_input!F40) | G49: =IF(2_Daily_input!G40="","",2_Daily_input!G40) | H49: =IF(2_Daily_input!H40="","",2_Daily_input!H40) | I49: =IF(2_Daily_input!I40="","",2_Daily_input!I40) | J49: =IF(2_Daily_input!J40="","",2_Daily_input!J40) | K49: =IF(2_Daily_input!K40="","",2_Daily_input!K40) | ... FQ49: =IF(2_Daily_input!FQ40="","",2_Daily_input!FQ40)
A50: 3F4D+MD | B50: Condition / অবস্থা | D50: =IF(2_Daily_input!D41="","",2_Daily_input!D41) | E50: =IF(2_Daily_input!E41="","",2_Daily_input!E41) | F50: =IF(2_Daily_input!F41="","",2_Daily_input!F41) | G50: =IF(2_Daily_input!G41="","",2_Daily_input!G41) | H50: =IF(2_Daily_input!H41="","",2_Daily_input!H41) | I50: =IF(2_Daily_input!I41="","",2_Daily_input!I41) | J50: =IF(2_Daily_input!J41="","",2_Daily_input!J41) | K50: =IF(2_Daily_input!K41="","",2_Daily_input!K41) | ... FQ50: =IF(2_Daily_input!FQ41="","",2_Daily_input!FQ41)
A51: 3F4D+MD | B51: Farmer (land owner) min / কৃষকের সময় (মিনিট) | C51: =SUM($D$51:$FQ$51) -> 300 | D51: =IF(2_Daily_input!D42="","",2_Daily_input!D42) | E51: =IF(2_Daily_input!E42="","",2_Daily_input!E42) | F51: =IF(2_Daily_input!F42="","",2_Daily_input!F42) | G51: =IF(2_Daily_input!G42="","",2_Daily_input!G42) | H51: =IF(2_Daily_input!H42="","",2_Daily_input!H42) | I51: =IF(2_Daily_input!I42="","",2_Daily_input!I42) | J51: =IF(2_Daily_input!J42="","",2_Daily_input!J42) | K51: =IF(2_Daily_input!K42="","",2_Daily_input!K42) | ... FQ51: =IF(2_Daily_input!FQ42="","",2_Daily_input!FQ42)
A52: 3F4D+MD | B52: Farmer work contents / কৃষকের কাজ | D52: =IF(2_Daily_input!D43="","",2_Daily_input!D43) | E52: =IF(2_Daily_input!E43="","",2_Daily_input!E43) | F52: =IF(2_Daily_input!F43="","",2_Daily_input!F43) | G52: =IF(2_Daily_input!G43="","",2_Daily_input!G43) | H52: =IF(2_Daily_input!H43="","",2_Daily_input!H43) | I52: =IF(2_Daily_input!I43="","",2_Daily_input!I43) | J52: =IF(2_Daily_input!J43="","",2_Daily_input!J43) | K52: =IF(2_Daily_input!K43="","",2_Daily_input!K43) | ... FQ52: =IF(2_Daily_input!FQ43="","",2_Daily_input!FQ43)
A53: 3F4D+MD | B53: Labour BDT / শ্রমিক (টাকা) | C53: =SUM($D$53:$FQ$53) -> 0 | D53: =IF(2_Daily_input!D44="","",2_Daily_input!D44) | E53: =IF(2_Daily_input!E44="","",2_Daily_input!E44) | F53: =IF(2_Daily_input!F44="","",2_Daily_input!F44) | G53: =IF(2_Daily_input!G44="","",2_Daily_input!G44) | H53: =IF(2_Daily_input!H44="","",2_Daily_input!H44) | I53: =IF(2_Daily_input!I44="","",2_Daily_input!I44) | J53: =IF(2_Daily_input!J44="","",2_Daily_input!J44) | K53: =IF(2_Daily_input!K44="","",2_Daily_input!K44) | ... FQ53: =IF(2_Daily_input!FQ44="","",2_Daily_input!FQ44)
A54: 3F4D+MD | B54: Labour work contents / শ্রমিকের কাজ | D54: =IF(2_Daily_input!D45="","",2_Daily_input!D45) | E54: =IF(2_Daily_input!E45="","",2_Daily_input!E45) | F54: =IF(2_Daily_input!F45="","",2_Daily_input!F45) | G54: =IF(2_Daily_input!G45="","",2_Daily_input!G45) | H54: =IF(2_Daily_input!H45="","",2_Daily_input!H45) | I54: =IF(2_Daily_input!I45="","",2_Daily_input!I45) | J54: =IF(2_Daily_input!J45="","",2_Daily_input!J45) | K54: =IF(2_Daily_input!K45="","",2_Daily_input!K45) | ... FQ54: =IF(2_Daily_input!FQ45="","",2_Daily_input!FQ45)
